stdDay,Susceptible,Delta_Infected,Delta_Recovered,Delta_Dead,Delta_alpha,Delta_beta,Delta_gamma,Omicron_Infected,Omicron_Recovered,Omicron_Dead,Omicron_alpha,Omicron_beta,Omicron_gamma
2021-04-12,1121454,0.68,0.0,0.0,0.9422700089243385,0.0,0.0,0.0,0.0,0.0,0.0,0.0,0.0
2021-04-13,1121422,1.32,0.0,0.0,0.45508656947080656,0.0,0.0,0.0,0.0,0.0,0.0,0.0,0.0
2021-04-14,1121392,1.92,0.0,0.0,0.21901627062615034,0.0,0.0,0.0,0.0,0.0,0.0,0.0,0.0
2021-04-15,1121371,2.34,0.0,0.0,0.20538174092706896,0.0,0.0,0.0,0.0,0.0,0.0,0.0,0.0
2021-04-16,1121347,2.82,0.0,0.0,0.18462902711984683,0.0,0.0,0.0,0.0,0.0,0.0,0.0,0.0
2021-04-17,1121321,3.34,0.0,0.0,0.12590954060081627,0.0,0.0,0.0,0.0,0.0,0.0,0.0,0.0
2021-04-18,1121300,3.7600000000000002,0.0,0.0,0.14912969558510164,0.18085106382978725,0.0,0.0,0.0,0.0,0.0,0.0,0.0
2021-04-19,1121272,3.64,0.68,0.0,0.1155374294688395,0.1758241758241758,0.0,0.0,0.0,0.0,0.0,0.0,0.0
2021-04-20,1121251,3.42,1.32,0.0,0.22837650621039562,0.17543859649122803,0.0,0.0,0.0,0.0,0.0,0.0,0.0
2021-04-21,1121212,3.5999999999999996,1.92,0.0,0.17802275077723434,0.11666666666666665,0.0,0.0,0.0,0.0,0.0,0.0,0.0
2021-04-22,1121180,3.8200000000000003,2.34,0.0,0.1992327175118137,0.1256544502617801,0.0,0.0,0.0,0.0,0.0,0.0,0.0
2021-04-23,1121142,4.1,2.82,0.0,0.2442537793889689,0.12195121951219513,0.004878048780487806,0.0,0.0,0.0,0.0,0.0,0.0
2021-04-24,1121092,4.58,3.32,0.02,0.18805179843601333,0.09170305676855903,0.0,0.0,0.0,0.0,0.0,0.0,0.0
2021-04-25,1121049,5.02,3.74,0.02,0.1037434776823766,0.11155378486055788,0.0,0.0,0.0,0.0,0.0,0.0,0.0
2021-04-26,1121036,4.98,4.300000000000001,0.02,0.1448002680137052,0.08433734939759034,0.0,0.0,0.0,0.0,0.0,0.0,0.0
2021-04-27,1121018,5.279999999999999,4.720000000000001,0.02,0.2503878171447738,0.14772727272727262,0.0,0.0,0.0,0.0,0.0,0.0,0.0
2021-04-28,1120985,5.82,5.5,0.02,0.3166509595980474,0.10996563573883171,0.0,0.0,0.0,0.0,0.0,0.0,0.0
2021-04-29,1120939,7.02,6.140000000000001,0.02,0.3481420690974467,0.10826210826210823,0.0,0.0,0.0,0.0,0.0,0.0,0.0
2021-04-30,1120878,8.700000000000001,6.9,0.02,0.23948124574674043,0.11494252873563217,0.0,0.0,0.0,0.0,0.0,0.0,0.0
2021-05-01,1120826,9.78,7.9,0.02,0.21304534765090735,0.0879345603271983,0.0,0.0,0.0,0.0,0.0,0.0,0.0
2021-05-02,1120774,11.000000000000002,8.76,0.02,0.07649874753761887,0.04727272727272739,0.0,0.0,0.0,0.0,0.0,0.0,0.0
2021-05-03,1120753,11.32,9.280000000000001,0.02,0.10265672940945093,0.06360424028268541,0.0,0.0,0.0,0.0,0.0,0.0,0.0
2021-05-04,1120724,11.760000000000002,10.0,0.02,0.07496567391433821,0.11224489795918369,0.0,0.0,0.0,0.0,0.0,0.0,0.0
2021-05-05,1120702,11.32,11.32,0.02,0.13452183583090238,0.1625441696113074,0.0,0.0,0.0,0.0,0.0,0.0,0.0
2021-05-06,1120664,11.0,13.16,0.02,0.12751042725968306,0.22181818181818194,0.0,0.0,0.0,0.0,0.0,0.0,0.0
2021-05-07,1120629,9.96,15.600000000000001,0.02,0.1931371438159724,0.20883534136546167,0.0,0.0,0.0,0.0,0.0,0.0,0.0
2021-05-08,1120581,9.8,17.68,0.02,0.1145076399780879,0.21224489795918386,0.0,0.0,0.0,0.0,0.0,0.0,0.0
2021-05-09,1120553,8.84,19.76,0.02,0.08160816266005505,0.09502262443438912,0.0,0.0,0.0,0.0,0.0,0.0,0.0
2021-05-10,1120529,8.719999999999999,20.6,0.02,0.06549694467294573,0.13302752293577985,0.0,0.0,0.0,0.0,0.0,0.0,0.0
2021-05-11,1120510,8.129999999999999,21.76,0.02,0.11462053668827199,0.108241082410824,0.0,0.0,0.0,0.0,0.0,0.0,0.0
2021-05-12,1120479,8.18,22.64,0.02,0.11392307395358602,0.18581907090464544,0.0,0.0,0.0,0.0,0.0,0.0,0.0
2021-05-13,1120448,7.59,24.16,0.02,0.10297857847261999,0.18445322793148908,0.0,0.0,0.0,0.0,0.0,0.0,0.0
2021-05-14,1120422,6.969999999999995,25.560000000000002,0.02,0.09488887573711823,0.26972740315638455,0.00573888091822095,0.0,0.0,0.0,0.0,0.0,0.0
2021-05-15,1120400,5.710000000000001,27.44,0.06,0.057914925617633416,0.1961471103327497,1.2152178465686913e-18,0.0,0.0,0.0,0.0,0.0,0.0
2021-05-16,1120389,4.919999999999998,28.560000000000002,0.060000000000000005,0.09776717576902573,0.14634146341463397,0.0,0.0,0.0,0.0,0.0,0.0,0.0
2021-05-17,1120373,4.680000000000003,29.28,0.060000000000000005,0.03854337933747199,0.12179487179487176,0.0,0.0,0.0,0.0,0.0,0.0,0.0
2021-05-18,1120367,4.290000000000003,29.85,0.060000000000000005,0.1892139664200068,0.21678321678321658,0.0,0.0,0.0,0.0,0.0,0.0,0.0
2021-05-19,1120340,4.169999999999998,30.78,0.060000000000000005,0.18024413323653168,0.22302158273381298,0.0,0.0,0.0,0.0,0.0,0.0,0.0
2021-05-20,1120315,3.9899999999999984,31.71,0.060000000000000005,0.09795741859524676,0.19548872180450985,0.0,0.0,0.0,0.0,0.0,0.0,0.0
2021-05-21,1120302,3.6000000000000014,32.489999999999995,0.060000000000000005,0.24219624857106972,0.1833333333333343,0.0,0.0,0.0,0.0,0.0,0.0,0.0
2021-05-22,1120273,3.8100000000000023,33.15,0.060000000000000005,0.18939539842618916,0.07874015748031417,0.007874015748031489,0.0,0.0,0.0,0.0,0.0,0.0
2021-05-23,1120249,4.200000000000003,33.449999999999996,0.09,0.0859061818271779,0.11428571428571516,0.0,0.0,0.0,0.0,0.0,0.0,0.0
2021-05-24,1120237,4.079999999999998,33.93,0.09,0.051586372558033826,0.04411764705882348,0.0,0.0,0.0,0.0,0.0,0.0,0.0
2021-05-25,1120230,4.109999999999999,34.11,0.09,0.10973603504650473,0.19708029197080176,0.0,0.0,0.0,0.0,0.0,0.0,0.0
2021-05-26,1120215,3.75,34.919999999999995,0.09,0.048108921948018905,0.2,0.0,0.0,0.0,0.0,0.0,0.0,0.0
2021-05-27,1120209,3.1799999999999997,35.669999999999995,0.09,0.11346504628844782,0.12264150943396246,0.0,0.0,0.0,0.0,0.0,0.0,0.0
2021-05-28,1120197,3.1499999999999986,36.059999999999995,0.09,0.07636459522404587,0.27619047619047776,0.0,0.0,0.0,0.0,0.0,0.0,0.0
2021-05-29,1120189,2.519999999999996,36.93,0.09,0.08352437252404146,0.2857142857142857,0.0,0.0,0.0,0.0,0.0,0.0,0.0
2021-05-30,1120182,2.009999999999998,37.65,0.09,0.0448790477730738,0.1791044776119402,0.0,0.0,0.0,0.0,0.0,0.0,0.0
2021-05-31,1120179,1.740000000000002,38.01,0.09,0.03456211785856511,0.12068965517241415,0.0,0.0,0.0,0.0,0.0,0.0,0.0
2021-06-01,1120177,1.5899999999999963,38.22,0.09,0.26475933781421834,0.2830188679245263,0.0,0.0,0.0,0.0,0.0,0.0,0.0
2021-06-02,1120163,1.5600000000000023,38.669999999999995,0.09,0.15420242067792445,0.11538461538461503,0.0,0.0,0.0,0.0,0.0,0.0,0.0
2021-06-03,1120155,1.6200000000000045,38.849999999999994,0.09,0.27842302578164946,0.22222222222222124,0.0,0.0,0.0,0.0,0.0,0.0,0.0
2021-06-04,1120140,1.7100000000000009,39.209999999999994,0.09,0.08792423816697092,0.14035087719298356,0.0,0.0,0.0,0.0,0.0,0.0,0.0
2021-06-05,1120135,1.6199999999999974,39.449999999999996,0.09,0.12993306527701956,0.12962962962963037,0.0,0.0,0.0,0.0,0.0,0.0,0.0
2021-06-06,1120128,1.6199999999999974,39.66,0.09,0.8662258484391921,0.055555555555557745,0.0,0.0,0.0,0.0,0.0,0.0,0.0
2021-06-07,1120118,2.9299999999999997,39.75,0.09,0.14368243028905167,0.020477815699657054,0.0,0.0,0.0,0.0,0.0,0.0,0.0
2021-06-08,1120115,3.289999999999999,39.809999999999995,0.09,0.25592136673656524,0.12765957446808565,0.0,0.0,0.0,0.0,0.0,0.0,0.0
2021-06-09,1120109,3.710000000000001,40.23,0.09,0.2647754109240413,0.06469002695417841,0.0,0.0,0.0,0.0,0.0,0.0,0.0
2021-06-10,1120102,4.449999999999996,40.47,0.09,0.47302869026434424,0.10112359550561711,0.0,0.0,0.0,0.0,0.0,0.0,0.0
2021-06-11,1120087,6.100000000000001,40.919999999999995,0.09,0.13803317122307257,0.02459016393442599,0.0,0.0,0.0,0.0,0.0,0.0,0.0
2021-06-12,1120081,6.790000000000006,41.06999999999999,0.09,0.04133563352289587,0.03092783505154649,0.0,0.0,0.0,0.0,0.0,0.0,0.0
2021-06-13,1120079,6.8600000000000065,41.279999999999994,0.09,0.0,0.20408163265306187,0.0,0.0,0.0,0.0,0.0,0.0,0.0
2021-06-14,1120079,5.460000000000001,42.68,0.09,0.10280932336251648,0.07692307692307593,0.0,0.0,0.0,0.0,0.0,0.0,0.0
2021-06-15,1120075,5.600000000000001,43.099999999999994,0.09,0.17541903443965803,0.15000000000000058,0.0,0.0,0.0,0.0,0.0,0.0,0.0
2021-06-16,1120068,5.740000000000002,43.94,0.09,0.5378735716132913,0.17073170731707257,0.0,0.0,0.0,0.0,0.0,0.0,0.0
2021-06-17,1120046,7.840000000000003,44.919999999999995,0.09,0.19690401427390344,0.2678571428571429,0.0,0.0,0.0,0.0,0.0,0.0,0.0
2021-06-18,1120035,7.280000000000001,47.019999999999996,0.09,0.09638752703813169,0.11538461538461584,0.0,0.0,0.0,0.0,0.0,0.0,0.0
2021-06-19,1120030,7.140000000000001,47.86,0.09,0.09827791727567521,0.03921568627450996,0.0,0.0,0.0,0.0,0.0,0.0,0.0
2021-06-20,1120025,7.559999999999995,48.14,0.09,0.0,0.0,0.0,0.0,0.0,0.0,0.0,0.0,0.0
2021-06-21,1120025,7.559999999999995,48.14,0.09,0.25856567473160874,0.07407407407407349,0.0,0.0,0.0,0.0,0.0,0.0,0.0
2021-06-22,1120020,8.950000000000003,48.699999999999996,0.09,0.2184095226152685,0.10949720670391103,0.0,0.0,0.0,0.0,0.0,0.0,0.0
2021-06-23,1120015,9.919999999999995,49.68,0.09,0.5123399476000685,0.31048387096774194,0.0,0.0,0.0,0.0,0.0,0.0,0.0
2021-06-24,1120002,11.910000000000004,52.76,0.09,0.5252182416712757,0.12930310663308134,0.0,0.0,0.0,0.0,0.0,0.0,0.0
2021-06-25,1119986,16.61,54.3,0.09,0.5178343229763409,0.04214328717639993,0.0,0.0,0.0,0.0,0.0,0.0,0.0
2021-06-26,1119964,24.489999999999995,55.0,0.09,0.09578748724261553,0.02858309514087366,0.0,0.0,0.0,0.0,0.0,0.0,0.0
2021-06-27,1119958,26.130000000000003,55.699999999999996,0.09,0.11970139711795695,0.0,0.0,0.0,0.0,0.0,0.0,0.0,0.0
2021-06-28,1119950,29.250000000000007,55.699999999999996,0.09,0.17376776939446698,0.06666666666666675,0.0,0.0,0.0,0.0,0.0,0.0,0.0
2021-06-29,1119937,32.37,57.65,0.09,0.048314120423146444,0.06024096385542156,0.0,0.0,0.0,0.0,0.0,0.0,0.0
2021-06-30,1119933,31.980000000000004,59.599999999999994,0.09,0.024451745839412474,0.15853658536585388,0.0,0.0,0.0,0.0,0.0,0.0,0.0
2021-07-01,1119931,27.689999999999998,64.67,0.09,0.15532052207290792,0.22535211267605618,0.0,0.0,0.0,0.0,0.0,0.0,0.0
2021-07-02,1119920,25.74000000000001,70.91,0.09,0.015189897222095945,0.33333333333333315,0.0,0.0,0.0,0.0,0.0,0.0,0.0
2021-07-03,1119919,17.549999999999997,79.49,0.09,0.28962096564324946,0.13333333333333355,0.0,0.0,0.0,0.0,0.0,0.0,0.0
2021-07-04,1119906,20.28,81.83,0.09,0.029166764898002094,0.15384615384615405,0.0,0.0,0.0,0.0,0.0,0.0,0.0
2021-07-05,1119905,17.75,84.95,0.09,0.09997225695263011,0.28563380281690104,0.0,0.0,0.0,0.0,0.0,0.0,0.0
2021-07-06,1119902,14.450000000000003,90.02,0.09,0.04093454012619084,0.10795847750865066,0.0,0.0,0.0,0.0,0.0,0.0,0.0
2021-07-07,1119901,13.480000000000004,91.58,0.09,0.3949214908745761,0.057863501483679594,0.0,0.0,0.0,0.0,0.0,0.0,0.0
2021-07-08,1119892,18.010000000000005,92.36,0.09,0.52549418022825,0.2382009994447532,0.0,0.0,0.0,0.0,0.0,0.0,0.0
2021-07-09,1119876,23.159999999999997,96.65,0.09,0.7662148156595502,0.016839378238341383,0.0,0.0,0.0,0.0,0.0,0.0,0.0
2021-07-10,1119846,40.47,97.03999999999999,0.09,0.3215651359058235,0.1252779836916236,0.0,0.0,0.0,0.0,0.0,0.0,0.0
2021-07-11,1119824,48.38000000000001,102.11,0.09,0.09781650356902773,0.01219512195121958,0.0,0.0,0.0,0.0,0.0,0.0,0.0
2021-07-12,1119816,52.510000000000005,102.7,0.09,0.07885825022778621,0.03370786516853925,0.0,0.0,0.0,0.0,0.0,0.0,0.0
2021-07-13,1119809,54.870000000000005,104.47,0.09,0.11859095171923374,0.010752688172043072,0.0,0.0,0.0,0.0,0.0,0.0,0.0
2021-07-14,1119798,60.76999999999998,105.06,0.09,0.18495345996608928,0.08737864077669909,0.0,0.0,0.0,0.0,0.0,0.0,0.0
2021-07-15,1119779,66.66999999999999,110.37,0.09,0.12422329510389248,0.1415929203539823,0.0,0.0,0.0,0.0,0.0,0.0,0.0
2021-07-16,1119765,65.48999999999998,119.81,0.09,0.09936389082281304,0.2702702702702702,0.0,0.0,0.0,0.0,0.0,0.0,0.0
2021-07-17,1119754,54.28,137.51,0.09,0.1307845877017553,0.23913043478260904,0.0,0.0,0.0,0.0,0.0,0.0,0.0
2021-07-18,1119742,48.379999999999995,150.49,0.09,0.2234193067664441,0.09756097560975609,0.0,0.0,0.0,0.0,0.0,0.0,0.0
2021-07-19,1119728,54.44,155.21,0.09,0.12764045720461156,0.07586333578251278,0.0,0.0,0.0,0.0,0.0,0.0,0.0
2021-07-20,1119719,57.23999999999998,159.34,0.09,0.2427953299222013,0.1133822501747027,0.0,0.0,0.0,0.0,0.0,0.0,0.0
2021-07-21,1119701,64.61000000000001,165.82999999999998,0.09,0.29875466686338886,0.173502553784244,0.0,0.0,0.0,0.0,0.0,0.0,0.0
2021-07-22,1119676,72.65,177.04,0.09,0.23381436489540763,0.1136958017894011,0.0,0.0,0.0,0.0,0.0,0.0,0.0
2021-07-23,1119654,81.33000000000004,185.29999999999998,0.09,0.18038295171710317,0.07979835239149152,0.0,0.0,0.0,0.0,0.0,0.0,0.0
2021-07-24,1119635,89.47000000000003,191.79,0.09,0.07767210989657787,0.07253828098804076,0.006594389180730969,0.0,0.0,0.0,0.0,0.0,0.0
2021-07-25,1119626,89.31999999999996,198.28,0.6799999999999999,0.02593439145350077,0.12068965517241385,0.0,0.0,0.0,0.0,0.0,0.0,0.0
2021-07-26,1119623,80.84999999999997,209.06,0.6799999999999999,0.04775234078579939,0.08571428571428548,0.0,0.0,0.0,0.0,0.0,0.0,0.0
2021-07-27,1119618,77.77000000000001,215.98999999999998,0.6799999999999999,0.1787174794712956,0.17821782178217838,0.0,0.0,0.0,0.0,0.0,0.0,0.0
2021-07-28,1119600,77.77000000000001,229.85,0.6799999999999999,0.13900471879985424,0.2475247524752475,0.0,0.0,0.0,0.0,0.0,0.0,0.0
2021-07-29,1119586,69.29999999999998,249.1,0.6799999999999999,0.20056645938766654,0.24444444444444488,0.0,0.0,0.0,0.0,0.0,0.0,0.0
2021-07-30,1119568,66.21999999999997,266.04,0.6799999999999999,0.19823747839282868,0.22093023255813957,0.0,0.0,0.0,0.0,0.0,0.0,0.0
2021-07-31,1119551,64.67999999999995,280.67,0.6799999999999999,0.2387770590514371,0.10714285714285646,0.0,0.0,0.0,0.0,0.0,0.0,0.0
2021-08-01,1119531,73.15000000000003,287.59999999999997,0.6799999999999999,0.1693176666151956,0.03157894736842107,0.0,0.0,0.0,0.0,0.0,0.0,0.0
2021-08-02,1119518,83.19,289.90999999999997,0.6799999999999999,0.09162144959048853,0.04627960091357162,0.0,0.0,0.0,0.0,0.0,0.0,0.0
2021-08-03,1119510,86.94,293.76,0.6799999999999999,0.16438153161741084,0.15942028985507262,0.0,0.0,0.0,0.0,0.0,0.0,0.0
2021-08-04,1119495,87.32999999999998,307.62,0.6799999999999999,0.14182967594927626,0.12343982594755495,0.0,0.0,0.0,0.0,0.0,0.0,0.0
2021-08-05,1119482,88.90000000000003,318.4,0.6799999999999999,0.2572182282546075,0.15590551181102372,0.0,0.0,0.0,0.0,0.0,0.0,0.0
2021-08-06,1119458,97.83999999999997,332.26,0.6799999999999999,0.20450523189467143,0.1337898609975468,0.0,0.0,0.0,0.0,0.0,0.0,0.0
2021-08-07,1119437,104.70000000000005,345.34999999999997,0.6799999999999999,0.5278263064729495,0.14708691499522472,0.0,0.0,0.0,0.0,0.0,0.0,0.0
2021-08-08,1119379,144.39999999999998,360.75,0.6799999999999999,0.16497002379279754,0.08552631578947346,0.0,0.0,0.0,0.0,0.0,0.0,0.0
2021-08-09,1119354,155.79999999999995,373.09999999999997,0.6799999999999999,0.31192102112729925,0.04878048780487821,0.0,0.0,0.0,0.0,0.0,0.0,0.0
2021-08-10,1119303,196.64999999999998,380.7,0.6799999999999999,0.23259961715046087,0.07246376811594203,0.0,0.0,0.0,0.0,0.0,0.0,0.0
2021-08-11,1119255,228.0,394.95,0.6799999999999999,0.22570399506814798,0.054166666666666766,0.0,0.0,0.0,0.0,0.0,0.0,0.0
2021-08-12,1119201,266.94999999999993,407.3,0.6799999999999999,0.13923100853713063,0.085409252669039,0.0,0.0,0.0,0.0,0.0,0.0,0.0
2021-08-13,1119162,281.20000000000005,430.09999999999997,0.6799999999999999,0.08811999272428592,0.0709459459459461,0.0,0.0,0.0,0.0,0.0,0.0,0.0
2021-08-14,1119136,285.94999999999993,450.05,0.6799999999999999,0.09665724391754324,0.19269102990033216,0.0,0.0,0.0,0.0,0.0,0.0,0.0
2021-08-15,1119107,258.40000000000003,505.15,0.6799999999999999,0.1179531163033874,0.09191176470588235,0.0,0.0,0.0,0.0,0.0,0.0,0.0
2021-08-16,1119076,265.0300000000001,528.9,0.6799999999999999,0.08161686509885538,0.18280949326491353,0.0,0.0,0.0,0.0,0.0,0.0,0.0
2021-08-17,1119054,238.14,577.35,0.6799999999999999,0.13212300180558886,0.19148400100781063,0.0,0.0,0.0,0.0,0.0,0.0,0.0
2021-08-18,1119022,223.89999999999998,622.95,0.6799999999999999,0.2986262917650507,0.22912014292094668,0.0,0.0,0.0,0.0,0.0,0.0,0.0
2021-08-19,1118954,239.24,674.25,0.6799999999999999,0.12330681353484432,0.15486540712255503,0.0,0.0,0.0,0.0,0.0,0.0,0.0
2021-08-20,1118924,231.58999999999992,711.3000000000001,0.6799999999999999,0.11464502658051573,0.10665400060451635,0.0,0.0,0.0,0.0,0.0,0.0,0.0
2021-08-21,1118897,233.35000000000002,736.0,0.6799999999999999,0.151710777212259,0.11806299550032169,0.0,0.0,0.0,0.0,0.0,0.0,0.0
2021-08-22,1118861,241.07999999999993,763.5500000000001,0.6799999999999999,0.15093023644988332,0.12601626016260165,0.0,0.0,0.0,0.0,0.0,0.0,0.0
2021-08-23,1118824,246.95999999999992,793.9300000000001,0.6799999999999999,0.10353729267204491,0.0873015873015871,0.0,0.0,0.0,0.0,0.0,0.0,0.0
2021-08-24,1118798,250.88,815.49,0.6799999999999999,0.14896276377639217,0.12500000000000006,0.0,0.0,0.0,0.0,0.0,0.0,0.0
2021-08-25,1118760,256.76,846.85,0.6799999999999999,0.15321720694585803,0.25954198473282436,0.0,0.0,0.0,0.0,0.0,0.0,0.0
2021-08-26,1118720,229.32000000000005,913.49,0.6799999999999999,0.08577851182792544,0.12820512820512808,0.0,0.0,0.0,0.0,0.0,0.0,0.0
2021-08-27,1118700,219.51999999999998,942.89,0.6799999999999999,0.09857046284590533,0.12053571428571447,0.0,0.0,0.0,0.0,0.0,0.0,0.0
2021-08-28,1118678,214.6199999999999,969.35,0.6799999999999999,0.16498294819469772,0.16438356164383558,0.0,0.0,0.0,0.0,0.0,0.0,0.0
2021-08-29,1118642,214.62000000000012,1004.63,0.6799999999999999,0.1666718113053024,0.16894977168949704,0.0,0.0,0.0,0.0,0.0,0.0,0.0
2021-08-30,1118606,214.0,1040.8899999999999,0.6799999999999999,0.11144004785261681,0.11906542056074775,0.0,0.0,0.0,0.0,0.0,0.0,0.0
2021-08-31,1118582,212.27999999999997,1066.37,0.6799999999999999,0.332355147359562,0.17081213491614847,0.004616544186922932,0.0,0.0,0.0,0.0,0.0,0.0
2021-09-01,1118511,245.32999999999993,1102.6299999999999,1.66,0.1701293873398862,0.15978477968450683,0.0,0.0,0.0,0.0,0.0,0.0,0.0
2021-09-02,1118469,247.71000000000004,1141.83,1.66,0.14041759149694716,0.07912478301239315,0.0,0.0,0.0,0.0,0.0,0.0,0.0
2021-09-03,1118434,262.76,1161.4299999999998,1.66,0.17776620854945355,0.08205206271883067,0.0,0.0,0.0,0.0,0.0,0.0,0.0
2021-09-04,1118387,287.73,1182.9899999999998,1.66,0.14162097069195625,0.12261495151704792,0.0,0.0,0.0,0.0,0.0,0.0,0.0
2021-09-05,1118346,293.03999999999996,1218.27,1.66,0.13227643407849266,0.1216216216216212,0.0,0.0,0.0,0.0,0.0,0.0,0.0
2021-09-06,1118307,296.01,1253.9099999999999,1.66,0.15781613303647873,0.08026755852842807,0.0,0.0,0.0,0.0,0.0,0.0,0.0
2021-09-07,1118260,318.78,1277.6699999999998,1.66,0.15278586919585477,0.2204968944099378,0.0,0.0,0.0,0.0,0.0,0.0,0.0
2021-09-08,1118211,297.0,1347.9599999999998,1.66,0.23428193188345786,0.1400000000000005,0.0,0.0,0.0,0.0,0.0,0.0,0.0
2021-09-09,1118141,324.72,1389.54,1.66,0.12551603509754133,0.1067073170731703,0.0,0.0,0.0,0.0,0.0,0.0,0.0
2021-09-10,1118100,330.6600000000001,1424.1899999999998,1.66,0.09320095253549779,0.13772455089820346,0.0029940119760479035,0.0,0.0,0.0,0.0,0.0,0.0
2021-09-11,1118069,314.82000000000016,1469.7299999999998,2.65,0.10736654111495943,0.12893081761006328,0.0,0.0,0.0,0.0,0.0,0.0,0.0
2021-09-12,1118035,307.8899999999999,1510.32,2.65,0.055447722184509794,0.12540192926044988,0.0,0.0,0.0,0.0,0.0,0.0,0.0
2021-09-13,1118018,286.28,1548.9299999999998,2.65,0.12277615022930259,0.16253318429509564,0.0,0.0,0.0,0.0,0.0,0.0,0.0
2021-09-14,1117983,274.75,1595.4599999999998,2.65,0.11331165020856564,0.17295723384895353,0.0036032757051865324,0.0,0.0,0.0,0.0,0.0,0.0
2021-09-15,1117952,257.24,1642.9799999999998,3.6399999999999997,0.12102798621155071,0.26554968123153544,0.0038485461048048523,0.0,0.0,0.0,0.0,0.0,0.0
2021-09-16,1117921,218.93999999999983,1711.29,4.63,0.07798273536221093,0.18539325842696605,0.0,0.0,0.0,0.0,0.0,0.0,0.0
2021-09-17,1117904,195.3499999999999,1751.8799999999999,4.63,0.17480214710052497,0.15710263629383195,0.0,0.0,0.0,0.0,0.0,0.0,0.0
2021-09-18,1117870,198.65999999999985,1782.57,4.63,0.15167195815567594,0.1644518272425254,0.004983388704318942,0.0,0.0,0.0,0.0,0.0,0.0
2021-09-19,1117840,195.0,1815.24,5.62,0.0772614355157474,0.08717948717948718,0.0,0.0,0.0,0.0,0.0,0.0,0.0
2021-09-20,1117825,193.0,1832.24,5.62,0.08326732763906221,0.18134715025906736,0.0,0.0,0.0,0.0,0.0,0.0,0.0
2021-09-21,1117809,174.0,1867.24,5.62,0.11545132373744726,0.1781609195402299,0.0,0.0,0.0,0.0,0.0,0.0,0.0
2021-09-22,1117789,163.00000000000023,1898.24,5.62,0.1417314308477074,0.19018404907975434,0.0,0.0,0.0,0.0,0.0,0.0,0.0
2021-09-23,1117766,155.00000000000023,1929.24,5.62,0.19441261091463918,0.09677419354838696,0.012903225806451594,0.0,0.0,0.0,0.0,0.0,0.0
2021-09-24,1117736,168.00000000000023,1944.24,7.62,0.1554571132224082,0.2023809523809521,0.0,0.0,0.0,0.0,0.0,0.0,0.0
2021-09-25,1117710,160.00000000000023,1978.24,7.62,0.16951198768016723,0.18124999999999974,0.006249999999999986,0.0,0.0,0.0,0.0,0.0,0.0
2021-09-26,1117683,157.00000000000023,2007.24,8.62,0.1279668469742775,0.07643312101910817,0.019108280254777055,0.0,0.0,0.0,0.0,0.0,0.0
2021-09-27,1117663,162.00000000000023,2019.24,11.620000000000001,0.10541655133286644,0.09876543209876529,0.0,0.0,0.0,0.0,0.0,0.0,0.0
2021-09-28,1117646,163.00000000000023,2035.24,11.620000000000001,0.16640166329431041,0.1226993865030687,0.0,0.0,0.0,0.0,0.0,0.0,0.0
2021-09-29,1117619,170.0,2055.2400000000002,11.620000000000001,0.15955368458460772,0.13529411764705881,0.0,0.0,0.0,0.0,0.0,0.0,0.0
2021-09-30,1117592,174.0,2078.2400000000002,11.620000000000001,0.13856848875328262,0.15517241379310345,0.017241379310344827,0.0,0.0,0.0,0.0,0.0,0.0
2021-10-01,1117568,168.0,2105.2400000000002,14.620000000000001,0.11362035262113378,0.15476190476190477,0.0,0.0,0.0,0.0,0.0,0.0,0.0
2021-10-02,1117549,161.0,2131.2400000000002,14.620000000000001,0.11232225820003645,0.16770186335403728,0.0,0.0,0.0,0.0,0.0,0.0,0.0
2021-10-03,1117531,152.0,2158.2400000000002,14.620000000000001,0.03304856514282967,0.13157894736842105,0.0,0.0,0.0,0.0,0.0,0.0,0.0
2021-10-04,1117526,137.0,2178.2400000000002,14.620000000000001,0.08800124456354196,0.12408759124087591,0.0,0.0,0.0,0.0,0.0,0.0,0.0
2021-10-05,1117514,132.0,2195.2400000000002,14.620000000000001,0.03044520193388127,0.20454545454545456,0.0,0.0,0.0,0.0,0.0,0.0,0.0
2021-10-06,1117510,109.0,2222.2400000000002,14.620000000000001,0.12904342788960943,0.23853211009174313,0.009174311926605505,0.0,0.0,0.0,0.0,0.0,0.0
2021-10-07,1117496,96.0,2248.2400000000002,15.620000000000001,0.16745130780483033,0.25,0.0,0.0,0.0,0.0,0.0,0.0,0.0
2021-10-08,1117480,88.0,2272.2400000000002,15.620000000000001,0.148424875206227,0.2159090909090909,0.0,0.0,0.0,0.0,0.0,0.0,0.0
2021-10-09,1117467,82.0,2291.2400000000002,15.620000000000001,0.11027567420717417,0.21951219512195122,0.0,0.0,0.0,0.0,0.0,0.0,0.0
2021-10-10,1117458,73.0,2309.2400000000002,15.620000000000001,0.15139948136201595,0.0684931506849315,0.0,0.0,0.0,0.0,0.0,0.0,0.0
2021-10-11,1117447,79.0,2314.2400000000002,15.620000000000001,0.21621243487061198,0.1518987341772152,0.0,0.0,0.0,0.0,0.0,0.0,0.0
2021-10-12,1117430,84.0,2326.2400000000002,15.620000000000001,0.08373059908301489,0.047619047619047616,0.0,0.0,0.0,0.0,0.0,0.0,0.0
2021-10-13,1117423,87.0,2330.2400000000002,15.620000000000001,0.069294722984384,0.16091954022988506,0.0,0.0,0.0,0.0,0.0,0.0,0.0
2021-10-14,1117417,79.0,2344.2400000000002,15.620000000000001,0.10174975984113814,0.20253164556962025,0.0,0.0,0.0,0.0,0.0,0.0,0.0
2021-10-15,1117409,71.0,2360.2400000000002,15.620000000000001,0.0990634155556972,0.18309859154929578,0.0,0.0,0.0,0.0,0.0,0.0,0.0
2021-10-16,1117402,65.0,2373.2400000000002,15.620000000000001,0.0618333764048556,0.13846153846153847,0.0,0.0,0.0,0.0,0.0,0.0,0.0
2021-10-17,1117398,60.0,2382.2400000000002,15.620000000000001,0.05023979817397203,0.18333333333333332,0.0,0.0,0.0,0.0,0.0,0.0,0.0
2021-10-18,1117395,52.0,2393.2400000000002,15.620000000000001,0.0,0.3269230769230769,0.0,0.0,0.0,0.0,0.0,0.0,0.0
2021-10-19,1117395,35.0,2410.2400000000002,15.620000000000001,0.20095973223434865,0.2,0.0,0.0,0.0,0.0,0.0,0.0,0.0
2021-10-20,1117388,35.0,2417.2400000000002,15.620000000000001,0.02870871302409855,0.17142857142857143,0.0,0.0,0.0,0.0,0.0,0.0,0.0
2021-10-21,1117387,30.0,2423.2400000000002,15.620000000000001,0.10048058550887025,0.26666666666666666,0.0,0.0,0.0,0.0,0.0,0.0,0.0
2021-10-22,1117384,25.0,2431.2400000000002,15.620000000000001,0.24115405268018872,0.28,0.0,0.0,0.0,0.0,0.0,0.0,0.0
2021-10-23,1117378,24.0,2438.2400000000002,15.620000000000001,0.12560174354605155,0.16666666666666666,0.0,0.0,0.0,0.0,0.0,0.0,0.0
2021-10-24,1117375,23.0,2442.2400000000002,15.620000000000001,0.17475072107083275,0.13043478260869565,0.0,0.0,0.0,0.0,0.0,0.0,0.0
2021-10-25,1117371,24.0,2445.2400000000002,15.620000000000001,0.37680759121187146,0.0,0.0,0.0,0.0,0.0,0.0,0.0,0.0
2021-10-26,1117362,33.0,2445.2400000000002,15.620000000000001,0.2435947483013698,0.21212121212121213,0.0,0.0,0.0,0.0,0.0,0.0,0.0
2021-10-27,1117354,34.0,2452.2400000000002,15.620000000000001,0.17732391725030217,0.029411764705882353,0.0,0.0,0.0,0.0,0.0,0.0,0.0
2021-10-28,1117348,39.0,2453.2400000000002,15.620000000000001,0.10306060788811015,0.07692307692307693,0.0,0.0,0.0,0.0,0.0,0.0,0.0
2021-10-29,1117344,40.0,2456.2400000000002,15.620000000000001,0.07536333931179655,0.15,0.0,0.0,0.0,0.0,0.0,0.0,0.0
2021-10-30,1117341,37.0,2462.2400000000002,15.620000000000001,0.13579016515004722,0.08108108108108109,0.0,0.0,0.0,0.0,0.0,0.0,0.0
2021-10-31,1117336,39.0,2465.2400000000002,15.620000000000001,0.3091851442249174,0.10256410256410256,0.0,0.0,0.0,0.0,0.0,0.0,0.0
2021-11-01,1117324,47.0,2469.2400000000002,15.620000000000001,0.1496603739466569,0.19148936170212766,0.0,0.0,0.0,0.0,0.0,0.0,0.0
2021-11-02,1117317,45.0,2478.2400000000002,15.620000000000001,0.15631292541766473,0.17777777777777778,0.0,0.0,0.0,0.0,0.0,0.0,0.0
2021-11-03,1117310,44.0,2486.2400000000002,15.620000000000001,0.09135228198245623,0.13636363636363635,0.0,0.0,0.0,0.0,0.0,0.0,0.0
2021-11-04,1117306,42.0,2492.2400000000002,15.620000000000001,0.1196284165833242,0.09523809523809523,0.0,0.0,0.0,0.0,0.0,0.0,0.0
2021-11-05,1117301,43.0,2496.2400000000002,15.620000000000001,0.2804325198704028,0.06976744186046512,0.0,0.0,0.0,0.0,0.0,0.0,0.0
2021-11-06,1117289,52.0,2499.2400000000002,15.620000000000001,0.019324884402541122,0.09615384615384616,0.0,0.0,0.0,0.0,0.0,0.0,0.0
2021-11-07,1117288,48.0,2504.2400000000002,15.620000000000001,0.10362978535972821,0.25,0.0,0.0,0.0,0.0,0.0,0.0,0.0
2021-11-08,1117283,40.94999999999982,2516.2400000000002,15.620000000000001,0.09717708342175059,0.1709401709401717,0.0,0.1,0.0,0.0,0.8039195083072059,0.0,0.0
2021-11-09,1117279,37.909999999999854,2523.2400000000002,15.620000000000001,0.13121260264050155,0.15826958586125095,0.02637826431020849,0.18,0.0,0.0,0.558279435028215,0.0,0.0
2021-11-10,1117274,35.85999999999967,2529.2400000000002,16.62,0.5548568908916847,0.11154489682097146,0.0,0.28,0.0,0.0,1.4355821145292662,0.0,0.0
2021-11-11,1117254,51.659999999999854,2533.2400000000002,16.62,0.07703261435240302,0.09678668215253608,0.0,0.68,0.0,0.0,0.1182265257708,0.0,0.0
2021-11-12,1117250,50.61999999999989,2538.2400000000002,16.62,0.01965388732193395,0.2370604504148563,0.0,0.76,0.0,0.0,0.02644550176066705,0.0,0.0
2021-11-13,1117249,39.60999999999967,2550.2400000000002,16.62,0.17581834554312764,0.025246149962130985,0.0,0.78,0.0,0.0,0.1803720452463929,0.0,0.0
2021-11-14,1117242,45.539999999999964,2551.2400000000002,16.62,0.08738576197302012,0.10869565217390914,0.0,0.92,0.0,0.0,0.08738576197302005,0.0,0.0
2021-11-15,1117238,44.55000000000018,2556.19,16.62,0.20098797212411243,0.08888888888888934,0.0,1.0,0.0,0.0,0.18088917491170187,0.0,0.0
2021-11-16,1117229,49.5,2560.15,16.62,0.28138542769655994,0.09999999999999633,0.0,1.1800000000000002,0.0,0.0,0.2384622268614915,0.0,0.0
2021-11-17,1117215,58.41000000000031,2565.1,16.62,0.17033229647844728,0.33898305084745894,0.0,1.46,0.0,0.0,0.13766582866066363,0.0,0.0
2021-11-18,1117205,48.50999999999976,2584.9,16.62,0.0820383301659603,0.08163265306122564,0.0,1.6600000000000001,0.0,0.0,0.04843226720641006,0.0,0.0
2021-11-19,1117201,48.50999999999976,2588.86,16.62,0.10254827986756823,0.02040816326530172,0.0,1.74,0.0,0.0,0.05775707716679102,0.0,0.0
2021-11-20,1117196,52.470000000000255,2589.85,16.62,0.17065658045374568,0.13207547169811812,0.0,1.84,0.0,0.0,0.09831303004400611,0.0,0.0
2021-11-21,1117187,54.44999999999982,2596.78,16.62,0.18087897553116145,0.07272727272727364,0.0,2.02,0.0,0.0,0.09950353826704088,0.04950495049504951,0.0
2021-11-22,1117177,60.289999999999964,2600.7400000000002,16.62,0.11435169784858416,0.14778570243821296,0.0,2.12,0.1,0.0,0.06636757665855925,0.037735849056603765,0.0
2021-11-23,1117170,58.23999999999978,2609.65,16.62,0.18602182515091428,0.2379807692307723,0.0,2.18,0.18,0.0,0.10142212223169077,0.04587155963302753,0.0
2021-11-24,1117159,55.159999999999854,2623.51,16.62,0.23212181263474485,0.17947788252356167,0.0,2.3,0.28,0.0,0.11360993065601149,0.1739130434782609,0.0
2021-11-25,1117146,58.0,2633.41,16.62,0.22075841690682604,0.06827586206896614,0.0,2.1599999999999997,0.68,0.0,0.12097494501696818,0.03703703703703702,0.0
2021-11-26,1117133,66.7800000000002,2637.37,16.62,0.10324251878509108,0.0741239892183327,0.0,2.34,0.76,0.0,0.06013025819351477,0.008547008547008555,0.0
2021-11-27,1117126,68.69000000000005,2642.32,16.62,0.05735564424992896,0.12971320425098046,0.0,2.46,0.78,0.0,0.03268424758194478,0.05691056910569106,0.0
2021-11-28,1117122,63.70000000000027,2651.23,16.62,0.030924437286857728,0.15384615384615605,0.0,2.4000000000000004,0.92,0.0,0.016750736863714675,0.03333333333333331,0.0
2021-11-29,1117120,55.85999999999967,2661.03,16.62,0.052897158482715256,0.12280701754385451,0.0,2.3600000000000003,1.0,0.0,0.025552017233175864,0.07627118644067803,0.0
2021-11-30,1117117,51.940000000000055,2667.89,16.62,0.32237411459460785,0.2075471698113244,0.0,2.2399999999999998,1.1800000000000002,0.0,0.15255203637066284,0.12499999999999993,0.0
2021-12-01,1117100,57.820000000000164,2678.67,16.62,0.3066296964446371,0.22033898305084307,0.0,2.3000000000000003,1.46,0.0,0.1573143660020316,0.0869565217391305,0.0
2021-12-02,1117082,62.720000000000255,2691.41,16.62,0.31408756250660075,0.20312500000000294,0.0,2.46,1.6600000000000001,0.0,0.1634276748001832,0.032520325203251974,0.0
2021-12-03,1117062,69.57999999999993,2704.15,16.62,0.09909418824798996,0.09859154929577658,0.0,2.7800000000000002,1.74,0.0,0.050616455867678274,0.03597122302158276,0.0
2021-12-04,1117055,69.57999999999993,2711.01,16.62,0.22650242107311747,0.05633802816901519,0.0,2.8200000000000003,1.84,0.0,0.11405441061128599,0.06382978723404252,0.0
2021-12-05,1117039,81.33999999999969,2714.9300000000003,16.62,0.17794089032465513,0.024096385542163624,0.0,2.9600000000000004,2.02,0.0,0.2037403155828743,0.06756756756756761,0.0
2021-12-06,1117024,93.7800000000002,2716.89,16.62,0.14404968317148537,0.03134996801023724,0.0,3.36,2.22,0.0,0.16752206458112512,0.041666666666666706,0.0
2021-12-07,1117010,104.2800000000002,2719.83,16.62,0.24058706206768934,0.15976217874952317,0.0,3.7800000000000002,2.3600000000000003,0.0,0.2765478266360085,0.05820105820105813,0.0
2021-12-08,1116984,112.57999999999993,2736.4900000000002,16.62,0.419995742487873,0.15668857701190161,0.0,4.6,2.58,0.0,0.4282891366783036,0.05652173913043474,0.0
2021-12-09,1116935,141.98000000000002,2754.13,16.62,0.2922606784374607,0.1380476123397655,0.0,6.300000000000001,2.84,0.0,0.27443896246395943,0.041269841269841304,0.0
2021-12-10,1116892,163.65999999999985,2773.73,16.62,0.2004851429057005,0.041916167664671475,0.0,7.76,3.1,0.0,0.17617804170933693,0.018041237113402078,0.0
2021-12-11,1116858,189.44000000000005,2780.59,16.62,0.25471666762737327,0.08277027027026938,0.0,8.98,3.24,0.0,0.2238934925544247,0.008908685968819607,0.0
2021-12-12,1116808,221.76000000000022,2796.27,16.62,0.16973049675806084,0.06493506493506528,0.0,10.9,3.3200000000000003,0.0,0.14388163211417285,0.003669724770642205,0.0
2021-12-13,1116769,244.80000000000018,2810.67,16.62,0.33512063222862826,0.054901960784313905,0.0,12.420000000000002,3.3600000000000003,0.0,0.27521984289307655,0.004830917874396103,0.0
2021-12-14,1116684,312.96000000000004,2824.11,16.62,0.18196584956956147,0.07361963190184037,0.0061349693251533674,15.76,3.42,0.0,0.15056057603978945,0.019035532994923877,0.002538071065989848
2021-12-15,1116625,344.6399999999999,2847.15,18.54,0.21286172050863336,0.13649025069637877,0.0,17.779999999999998,3.72,0.04,0.17191756504521793,0.0202474690663667,0.0
2021-12-16,1116549,370.55999999999995,2894.19,18.54,0.14848942840657015,0.11139896373056928,0.0,20.459999999999997,4.08,0.04,0.11205653834787115,0.019550342130987313,0.0
2021-12-17,1116492,384.0,2935.47,18.54,0.11564530242939491,0.08500000000000085,0.0,22.34,4.48,0.04,0.08282564184737327,0.006266786034019681,0.0
2021-12-18,1116446,395.52,2968.11,18.54,0.09519528542452386,0.12135922330097088,0.0,24.04,4.62,0.04,0.06525866488336744,0.013311148086522475,0.0
2021-12-19,1116407,384.96000000000004,3016.11,18.54,0.07805993907820695,0.09725685785536173,0.0,25.28,4.94,0.04,0.24346558091938544,0.023734177215189858,0.0
2021-12-20,1116371,377.39999999999964,3053.55,18.54,0.07741434900023131,0.21367249602543706,0.002543720190779019,30.800000000000004,5.54,0.04,0.19428688011096995,0.016883116883116896,0.0012987012987012985
2021-12-21,1116336,324.8499999999999,3134.19,19.5,0.10021913949534951,0.1743573957211017,0.0,36.19,6.0600000000000005,0.08,0.18425351704893947,0.028737220226581907,0.0
2021-12-22,1116297,300.5799999999999,3190.83,19.5,0.12220154663873282,0.2395368953356844,0.0031938252711424613,41.78,7.1,0.08,0.18006909258116102,0.04595500239348975,0.000957395883197702
2021-12-23,1116253,264.1399999999999,3262.83,20.46,0.13590502249398298,0.20716286817596663,0.0,47.300000000000004,9.020000000000001,0.12,0.15544593466632645,0.036363636363636334,0.0
2021-12-24,1116210,245.11000000000013,3317.5499999999997,20.46,0.21458406803677607,0.18016400799641094,0.0,52.89,10.74,0.12,0.20368346114586575,0.025713745509548143,0.0
2021-12-25,1116147,253.23999999999978,3361.71,20.46,0.1747374655439738,0.1478439425051338,0.0,62.24000000000001,12.100000000000001,0.12,0.1456195156262679,0.032133676092544985,0.0
2021-12-26,1116094,259.78999999999996,3399.15,20.46,0.13498638001628124,0.11501597444089326,0.0,69.25,14.100000000000001,0.12,0.1037202206594415,0.022527075812274377,0.0
2021-12-27,1116052,264.77,3429.0299999999997,20.46,0.1229915473315268,0.10971786833855869,0.0,74.83,15.660000000000002,0.12,0.08913312323651877,0.04543632233061602,0.0
2021-12-28,1116013,268.09000000000015,3458.08,20.46,0.1526195172682373,0.12074303405572707,0.0,78.06,19.06,0.12,0.10735764403278138,0.030233153984114775,0.0
2021-12-29,1115964,276.3899999999999,3490.45,20.46,0.12085130497552408,0.12912912912912938,0.003003003003002998,84.03,21.419999999999998,0.12,0.08141607014952298,0.03570153516601214,0.0004760204688801619
2021-12-30,1115924,273.07000000000016,3526.14,21.29,0.12232500630360707,0.13069908814589679,0.0,87.79,24.419999999999998,0.16,0.07793185559358409,0.0259710673197403,0.0
2021-12-31,1115884,270.5799999999999,3561.83,21.29,0.15431890220222777,0.1932515337423312,0.0,92.31,26.7,0.16,0.09264818069599674,0.01993283501245802,0.0
2022-01-01,1115834,259.78999999999996,3614.12,21.29,0.1864531981382301,0.1661341853035156,0.0031948881789137457,98.97,28.54,0.16,0.10024426263448745,0.015358189350308206,0.00040416287763968885
2022-01-02,1115776,263.9399999999996,3657.28,22.12,0.057949158175208404,0.13207547169811218,0.0,107.27,30.060000000000002,0.2,0.21387760989229726,0.05705229793977811,0.0
2022-01-03,1115738,244.2800000000002,3692.14,22.12,0.05602405553672711,0.13251187162272932,0.0,123.95000000000002,36.18,0.2,0.1656178655084111,0.04800322710770468,0.0
2022-01-04,1115704,225.50999999999976,3724.51,22.12,0.0856785691450708,0.1803467695445863,0.0,138.40000000000003,42.129999999999995,0.2,0.20940795658856454,0.047904624277456655,0.0
2022-01-05,1115656,204.03999999999996,3765.18,22.12,0.059186328082076134,0.16271319349147362,0.0,160.57,48.76,0.2,0.1128141469315577,0.04658404434203154,0.0
2022-01-06,1115626,182.8399999999997,3798.38,22.12,0.08366417245167097,0.1815795230802881,0.0,171.09,56.24,0.2,0.13411500342857702,0.04272605061663449,0.0
2022-01-07,1115588,164.84000000000015,3831.58,22.12,0.06593911090309465,0.25175928172773576,0.0,186.58,63.55,0.2,0.08738398843337546,0.05740165076642731,0.0
2022-01-08,1115561,134.13999999999987,3873.08,22.12,0.1020406120421719,0.35269121813031157,0.006187565230356337,192.07000000000002,74.26,0.2,0.10689640000523447,0.04602488676003534,0.0008850939761545268
2022-01-09,1115527,99.60000000000036,3920.39,22.95,0.09296814681459634,0.15261044176707045,0.0,203.46,83.1,0.37,0.06826620040352277,0.03509289295193158,0.0
2022-01-10,1115504,93.59999999999991,3935.59,22.95,0.09462839257174384,0.14529914529914448,0.0,210.12,90.24,0.37,0.06322970834319826,0.031553398058252476,0.0
2022-01-11,1115482,88.80000000000018,3949.19,22.95,0.12241481890969712,0.21171171171170822,0.004504504504504519,216.69,96.87,0.37,0.07524876034321698,0.03765748304028795,0.0007845308966726662
2022-01-12,1115455,80.40000000000009,3967.99,23.35,0.13520769952854375,0.1492537313432834,0.0,224.56,105.03,0.54,0.0726133263410331,0.030281439258995357,0.0
2022-01-13,1115428,79.20000000000027,3979.99,23.35,0.20334759030577965,0.1919191919191947,0.0,233.95999999999998,111.83,0.54,0.10325565792582796,0.029064797401265163,0.0
2022-01-14,1115388,80.0,3995.19,23.35,0.08556156691662453,0.1349999999999966,0.0,251.15999999999997,118.63,0.54,0.040879869525382,0.03384296862557733,0.0
2022-01-15,1115371,76.00000000000045,4005.99,23.35,0.10066220118686907,0.17894736842105635,0.0,252.85999999999996,127.13,0.54,0.04538278468442278,0.03899390967333709,0.0
2022-01-16,1115352,69.99999999999955,4019.59,23.35,0.027323062904933203,0.13142857142856967,0.0,254.4,136.99,0.54,0.0669114315635742,0.08962264150943401,0.0
2022-01-17,1115333,62.70000000000027,4028.79,23.35,0.05619293585474253,0.14035087719298475,0.0,248.51000000000002,159.79000000000002,0.54,0.12618141722675993,0.08208925194157178,0.0
2022-01-18,1115298,57.40000000000009,4037.59,23.35,0.07716771348615287,0.18815331010452457,0.0,259.26,180.19000000000003,0.54,0.1520554582717585,0.11108539689886594,0.0
2022-01-19,1115254,51.0,4048.39,23.35,0.14212625158774173,0.20392156862745275,0.007843137254901933,269.62,208.99,0.54,0.23926676654430665,0.06453527186410506,0.002225354202210519
2022-01-20,1115182,47.399999999999636,4058.79,23.75,0.17417087401759845,0.33755274261603635,0.0,315.70000000000005,226.39000000000001,1.1400000000000001,0.23273907162832913,0.07222046246436493,0.0
2022-01-21,1115100,39.600000000000364,4074.79,23.75,0.12967221991233174,0.17171717171717474,0.0,365.88,249.19000000000003,1.1400000000000001,0.12490892419892483,0.04427681206953104,0.0
2022-01-22,1115049,37.899999999999636,4081.59,23.75,0.24176531863712286,0.20052770448547566,0.0,395.07,265.39000000000004,1.1400000000000001,0.20641876029434564,0.05163641886248001,0.0
2022-01-23,1114958,39.400000000000546,4089.1899999999996,23.75,0.1763518956344447,0.04822335025382029,0.0,455.66,285.79,1.1400000000000001,0.135714251246928,0.030285739367071962,0.0
2022-01-24,1114889,44.399999999999636,4091.09,23.75,0.22908283262296275,0.07882882882882948,0.0,503.27,299.59000000000003,1.1400000000000001,0.17987237892043875,0.02622846583344922,0.0
2022-01-25,1114788,51.0,4094.59,23.75,0.29227052895382133,0.08627450980391443,0.0,579.96,312.79,1.1400000000000001,0.2287426599974817,0.027932960893854726,0.0
2022-01-26,1114640,61.400000000000546,4098.99,23.75,0.24279765705162534,0.11726384364820447,0.0,695.4800000000001,328.99,1.1400000000000001,0.19077357748955012,0.02329326508310805,0.0
2022-01-27,1114492,69.0,4106.19,23.75,0.23068364883679768,0.11884057971015548,0.0,811.0,345.19,1.1400000000000001,0.17467673088862817,0.029593094944512947,0.0
2022-01-28,1114334,76.59999999999945,4114.39,23.75,0.26307017624469775,0.06657963446474531,0.0,927.6200000000001,369.19,1.1400000000000001,0.19333936520672143,0.010995881934412784,0.0
2022-01-29,1114134,91.5,4119.49,23.75,0.2334872179535242,0.09945355191257228,0.0,1095.42,379.39,1.1400000000000001,0.17357754645747972,0.010406967190666624,0.0
2022-01-30,1113922,103.59999999999945,4128.59,23.75,0.019652717170003046,0.06660231660231344,0.0,1272.7,390.79,1.1400000000000001,0.1599765458326632,0.013286713286713306,0.0
2022-01-31,1113720,98.72000000000025,4135.49,23.75,0.025938109696875752,0.10230956239870682,0.0,1457.79,407.70000000000005,1.1400000000000001,0.17565014091711295,0.021367961091789612,0.0
2022-02-01,1113466,91.15999999999985,4145.59,23.75,0.033183771893489186,0.16235190873190222,0.0,1680.64,438.85,1.1400000000000001,0.17999289828937007,0.02330064737242953,0.0
2022-02-02,1113166,79.35999999999967,4160.39,23.75,0.034315311330765354,0.18649193548386256,0.0,1941.48,478.01,1.1400000000000001,0.14026737886609839,0.03300574819210089,0.0
2022-02-03,1112896,67.26000000000022,4175.19,23.75,0.07064724558316063,0.23490930716622258,0.0,2147.4,542.09,1.1400000000000001,0.22127846409254912,0.033985284530129466,0.0
2022-02-04,1112425,56.17000000000007,4190.99,23.75,0.09038130176777183,0.3560619547801313,0.0,2545.42,615.07,1.1400000000000001,0.19944518862489297,0.0178320277203762,0.0
2022-02-05,1111922,41.19999999999982,4210.99,23.75,0.13994272957750833,0.5145631067961144,0.0,3003.03,660.46,1.1400000000000001,0.1919941012441873,0.026969427544846374,0.0
2022-02-06,1111351,25.710000000000036,4232.19,23.75,0.0,0.07856865033062753,0.0,3493.04,741.45,1.1400000000000001,0.0,0.017580674713143844,0.0
2022-02-07,1111351,23.6899999999996,4234.21,23.75,0.46653774735809916,0.10679611650484543,0.00042211903756866746,3431.63,802.86,1.1400000000000001,0.3220708303317427,0.025935196976364,0.00025935196976364005
2022-02-08,1110257,32.090000000000146,4236.74,23.76,0.24926942839870217,0.09348706762231182,0.0,4435.74,891.86,2.0300000000000002,0.1803319391423841,0.029695157966878164,0.0
2022-02-09,1109466,37.0,4239.74,23.76,0.200207863330014,0.07297297297296805,0.0,5095.02,1023.5800000000002,2.0300000000000002,0.14539081187533154,0.025852695377054414,0.0
2022-02-10,1108734,41.61999999999989,4242.44,23.76,0.19342983375750902,0.1131667467563683,0.0,5695.3,1155.3,2.0300000000000002,0.14135426897595393,0.024690534300212476,0.0
2022-02-11,1107939,44.85999999999967,4247.15,23.76,0.16400129329311536,0.11212661613909457,0.0,6349.68,1295.92,2.0300000000000002,0.115865650192279,0.02803290874500762,0.0
2022-02-12,1107213,47.090000000000146,4252.179999999999,23.76,0.17334917737683733,0.1212571671267789,0.0,6897.680000000001,1473.92,2.0300000000000002,0.11834432392739722,0.027354124865172063,0.0
2022-02-13,1106408,49.43000000000029,4257.889999999999,23.76,0.0,0.0,0.0,7514.000000000001,1662.6000000000001,2.0300000000000002,0.0912947848142969,0.026883151450625496,0.0
2022-02-14,1105732,49.43000000000029,4257.889999999999,23.76,0.0,0.2213230831478949,0.0,7988.000000000001,1864.6000000000001,2.0300000000000002,0.09864147510728637,0.03179769654481719,0.0
2022-02-15,1104956,38.48999999999978,4268.83,23.76,0.0,0.20550792413613664,0.0,8510.0,2118.6,2.0300000000000002,0.21002793688135712,0.03525264394829612,0.0
2022-02-16,1103197,30.579999999999927,4276.74,23.76,0.0,0.23937213865270524,0.0,9969.0,2418.6,2.0300000000000002,0.17263335502000987,0.02708396027685826,0.0
2022-02-17,1101506,23.26000000000022,4284.0599999999995,23.76,0.0,0.34135855545999677,0.00042992261392940315,11390.0,2688.6,2.0300000000000002,0.1742372996534729,0.041264266900790166,8.77963125548727e-05
2022-02-18,1099559,15.3100000000004,4291.999999999999,23.77,0.0,0.47289353363817777,0.0013063357282821065,12866.0,3158.6,3.0300000000000002,0.14531553026716476,0.03893984144256179,0.000155448468832582
2022-02-19,1097728,8.050000000000182,4299.24,23.79,0.0,1.0,0.0,14194.0,3659.6,5.03,0.13828058343821356,0.04022826546428072,0.0
2022-02-20,1095809,0.0,4307.29,23.79,0.0,0.0,0.0,15542.0,4230.6,5.03,0.10501704155529541,-0.00012868356710848025,0.00012868356710848025
2022-02-21,1094216,0.0,4307.29,23.79,0.0,0.0,0.0,17135.0,4228.6,7.03,0.11623157884983823,0.06384592938430114,0.0
2022-02-22,1092275,0.0,4307.29,23.79,0.0,0.0,0.0,17982.0,5322.6,7.03,0.19704121094842297,0.043821599377154935,0.00016683350016683356
2022-02-23,1088828,0.0,4307.29,23.79,0.0,0.0,0.0,20638.0,6110.6,10.030000000000001,0.16138434543306449,0.0352262816164357,0.00024227153793972284
2022-02-24,1085598,0.0,4307.29,23.79,0.0,0.0,0.0,23136.0,6837.6,15.030000000000001,0.15788801188278542,0.034275587828492396,8.644536652835408e-05
2022-02-25,1082066,0.0,4307.29,23.79,0.0,0.0,0.0,25872.999999999996,7630.6,17.03,0.12540449771332302,0.027944188922815295,0.00011595099138097632
2022-02-26,1078939,0.0,4307.29,23.79,0.0,0.0,0.0,28273.999999999996,8353.6,20.03,0.12200711527791491,0.02836528259178044,0.00010610454834830588
2022-02-27,1075624,0.0,4307.29,23.79,0.0,0.0,0.0,30783.999999999996,9155.6,23.03,0.08426100412088024,0.021926975051975054,3.2484407484407486e-05
2022-02-28,1073139,0.0,4307.29,23.79,0.0,0.0,0.0,32592.999999999996,9830.6,24.03,0.09450249228345883,0.0237474304298469,6.136286932776978e-05
2022-03-01,1070195,0.0,4307.29,23.79,0.0,0.0,0.0,34761.0,10604.6,26.03,0.15455582154434064,0.05054515117516757,5.7535744081010325e-05
2022-03-02,1065074,0.0,4307.29,23.79,0.0,0.0,0.0,38123.0,12361.6,28.03,0.09371098183090673,0.044199039949636705,0.00015738530545864702
2022-03-03,1061685,0.0,4307.29,23.79,0.0,0.0,0.0,39821.0,14046.6,34.03,0.15437545509739398,0.048893799753898695,0.0
2022-03-04,1055872,0.0,4307.29,23.79,0.0,0.0,0.0,43687.0,15993.6,34.03,0.13584207226315426,0.041888891432233885,2.2890104607778056e-05
2022-03-05,1050291,0.0,4307.29,23.79,0.0,0.0,0.0,47437.0,17823.600000000002,35.03,0.11301337612658624,0.040390412547167825,6.324177329932331e-05
2022-03-06,1045276,0.0,4307.29,23.79,0.0,0.0,0.0,50533.0,19739.600000000002,38.03,0.08317437738541167,0.03144479844853858,7.91561949617082e-05
2022-03-07,1041363,0.0,4307.29,23.79,0.0,0.0,0.0,52853.0,21328.600000000002,42.03,0.09302053386354273,0.03664881842090326,7.568160747734283e-05
2022-03-08,1036803,0.0,4307.29,23.79,0.0,0.0,0.0,55472.0,23265.600000000002,46.03,0.12849125763966485,0.06213945774444765,0.0
2022-03-09,1030221,0.0,4307.29,23.79,0.0,0.0,0.0,58607.0,26712.600000000002,46.03,0.16343510504634176,0.05507874485982903,3.4125616393946114e-05
2022-03-10,1021432,0.0,4307.29,23.79,0.0,0.0,0.0,64166.0,29940.600000000002,48.03,0.0901238314558274,0.05504472773743098,0.0
2022-03-11,1016171,0.0,4307.29,23.79,0.0,0.0,0.0,65895.0,33472.6,48.03,0.1525836166960442,0.04728735108885348,0.00016693224068593975
2022-03-12,1007071,0.0,4307.29,23.79,0.0,0.0,0.0,71868.0,36588.6,59.03,0.14220581431772686,0.04607057382979907,5.565759447876663e-05
2022-03-13,997904,0.0,4307.29,23.79,0.0,0.0,0.0,77720.0,39899.6,63.03,0.07647425089554871,0.03194801852804941,2.573340195573855e-05
2022-03-14,992568,0.0,4307.29,23.79,0.0,0.0,0.0,80517.64000000001,42382.6,65.03,0.11546553930844124,0.036538577136637385,2.4839277455225957e-05
2022-03-15,984266,0.0,4307.29,23.79,0.0,0.0,0.0,85792.62,45324.6,67.03,0.13642248500968546,0.05967879288451618,1.1656014235257065e-05
2022-03-16,973902,0.0,4307.29,23.79,0.0,0.0,0.0,90931.97999999998,50444.6,68.03,0.18535774795428803,0.03720363286931617,6.598338670289596e-05
2022-03-17,959134,0.0,4307.29,23.79,0.0,0.0,0.0,102163.29999999999,53827.6,74.03,0.08922790761549043,0.056869736979913536,2.9364752313208368e-05
2022-03-18,951268,0.0,4307.29,23.79,0.0,0.0,0.0,104137.63999999998,59637.6,77.03,0.08811420851067364,0.05354452050190499,4.801337921619888e-05
2022-03-19,943415,0.0,4307.29,23.79,0.0,0.0,0.0,106331.10999999999,65213.6,82.03,0.08112005719958973,0.04697590385353833,0.0001880917071212743
2022-03-20,936094,0.0,4307.29,23.79,0.0,0.0,0.0,108563.9,70208.6,102.03,0.046363849206509364,0.03594196597579859,0.000101322815411016
2022-03-21,931855,0.0,4307.29,23.79,0.0,0.0,0.0,108847.51000000001,74110.6,113.03,0.08945485665842694,0.04180159932000282,9.187164685714905e-05
2022-03-22,923692,0.0,4307.29,23.79,0.0,0.0,0.0,112368.88,78660.6,123.03,0.1181199471555829,0.05855713788372724,1.7798522153108584e-05
2022-03-23,912662,0.0,4307.29,23.79,0.0,0.0,0.0,116706.57999999999,85240.6,125.03,0.08719951839650082,0.07518856263288669,0.00011995896032597306
2022-03-24,904306,0.0,4307.29,23.79,0.0,0.0,0.0,116190.01999999999,94015.6,139.03,0.0786005420310732,0.045227636590474816,5.163954701100835e-05
2022-03-25,896876,0.0,4307.29,23.79,0.0,0.0,0.0,118284.72,99270.6,145.03,0.07803682388041788,0.07691610547837455,1.6908354688585304e-05
2022-03-26,889428,0.0,4307.29,23.79,0.0,0.0,0.0,116558.23999999999,108368.6,147.03,0.07356218270535983,0.0786130607325574,3.43176080901702e-05
2022-03-27,882567,0.0,4307.29,23.79,0.0,0.0,0.0,114183.63,117531.6,151.03,0.04187998976696138,0.04620373340731935,6.069171211319877e-05
2022-03-28,878808,0.0,4307.29,23.79,0.0,0.0,0.0,112659.99,122807.31,157.96,0.08584558031816944,0.07292748738926756,2.6362508997204763e-05
2022-03-29,871238,0.0,4307.29,23.79,0.0,0.0,0.0,112011.01000000001,131023.32,160.93,0.10461535661996081,0.09151296823410476,8.838416866341983e-05
2022-03-30,862145,0.0,4307.29,23.79,0.0,0.0,0.0,110843.65000000002,141273.78,170.83,0.07407637645979358,0.13190038400936818,0.0
2022-03-31,855840,0.0,4307.29,23.79,0.0,0.0,0.0,102528.33000000002,155894.1,170.83,0.07436608401676924,0.07580821807982233,0.00014483801696565224
2022-04-01,850028,0.0,4307.29,23.79,0.0,0.0,0.0,100552.99000000002,163666.59,185.68,0.07348183832437336,0.07726791615047934,4.922777532522889e-05
2022-04-02,844434,0.0,4307.29,23.79,0.0,0.0,0.0,98372.52000000002,171436.11,190.63,0.06824198234019362,0.07361659536626697,6.0382716636719245e-05
2022-04-03,839385,0.0,4307.29,23.79,0.0,0.0,0.0,96173.73000000001,178677.96,196.57,0.03450602015437765,0.04357395725423161,6.176322785858463e-05
2022-04-04,836904,0.0,4307.29,23.79,0.0,0.0,0.0,94458.12,182868.63,202.51,0.07753252441435504,0.0855131353450609,4.1923341264890816e-05
2022-04-05,831445,0.0,4307.29,23.79,0.0,0.0,0.0,91835.75,190946.04,206.47,0.0923715859918181,0.11885077434441349,5.390057793397439e-05
2022-04-06,825163,0.0,4307.29,23.79,0.0,0.0,0.0,87198.05000000002,201860.78999999998,211.42,0.072527944887224,0.09483549230745411,3.406039469919337e-05
2022-04-07,820515,0.0,4307.29,23.79,0.0,0.0,0.0,83573.61000000002,210130.25999999998,214.39,0.06940543827084084,0.08791985891240102,9.476675711387858e-05
2022-04-08,816276,0.0,4307.29,23.79,0.0,0.0,0.0,80456.91,217478.04,222.31,0.06419413273894788,0.09162096829221976,2.4609446224071864e-05
2022-04-09,812521,0.0,4307.29,23.79,0.0,0.0,0.0,76838.39000000001,224849.58,224.29,0.06891256593132347,0.08832108533247522,7.730510751201316e-05
2022-04-10,808689,0.0,4307.29,23.79,0.0,0.0,0.0,73878.0,231636.03,230.23,0.03348858560965836,0.05082703917269011,5.414331736105471e-05
2022-04-11,806907,0.0,4307.29,23.79,0.0,0.0,0.0,71901.0,235391.03,234.23,0.08104645637850466,0.10526974590061335,1.3908012405947066e-05
2022-04-12,802719,0.0,4307.29,23.79,0.0,0.0,0.0,68519.0,242960.03,235.23,0.08265307003870159,0.13269312161590216,1.4594492038704593e-05
2022-04-13,798670,0.0,4307.29,23.79,0.0,0.0,0.0,63475.0,252052.03,236.23,0.06739344276046402,0.09925167388735723,7.877116975187081e-05
2022-04-14,795627,0.0,4307.29,23.79,0.0,0.0,0.0,60213.0,258352.03,241.23,0.06358223455297865,0.09647418331589572,4.982312789596931e-05
2022-04-15,792914,0.0,4307.29,23.79,0.0,0.0,0.0,57114.0,264161.03,244.23,0.05315472666531837,0.09789193542739083,5.252652589557727e-05
2022-04-16,790770,0.0,4307.29,23.79,0.0,0.0,0.0,53664.0,269752.03,247.23,0.0533916948973046,0.09408542039355992,0.0
2022-04-17,788752,0.0,4307.29,23.79,0.0,0.0,0.0,50633.0,274801.03,247.23,0.026201584189370193,0.04896016431971244,3.9499930875120966e-05
2022-04-18,787820,0.0,4307.29,23.79,0.0,0.0,0.0,49084.0,277280.03,249.23,0.06921896054041642,0.11121750468584467,0.0
2022-04-19,785436,0.0,4307.29,23.79,0.0,0.0,0.0,46009.0,282739.03,249.23,0.07764230687695314,0.13649503358038645,4.3469755917320526e-05
2022-04-20,782937,0.0,4307.29,23.79,0.0,0.0,0.0,42226.0,289019.03,251.23,0.06598600129692322,0.11002699758442666,4.736418320466063e-05
2022-04-21,780994,0.0,4307.29,23.79,0.0,0.0,0.0,39521.0,293665.03,253.23,0.06722210623656065,0.10723412869107563,2.5303003466511476e-05
2022-04-22,779146,0.0,4307.29,23.79,0.0,0.0,0.0,37130.0,297903.03,254.23,0.06752914095593288,0.10113116078642607,0.0
2022-04-23,777406,0.0,4307.29,23.79,0.0,0.0,0.0,35115.0,301658.03,254.23,0.06946641076603409,0.10907019792111633,5.695571693008767e-05
2022-04-24,775717,0.0,4307.29,23.79,0.0,0.0,0.0,32972.0,305488.03,256.23,0.029942743330629275,0.05404585709086498,0.0
2022-04-25,775028,0.0,4307.29,23.79,0.0,0.0,0.0,31872.109999999986,307270.03,256.23,0.07888141156856958,0.13140014890761867,0.0
2022-04-26,773275,0.0,4307.29,23.79,0.0,0.0,0.0,29419.580000000016,311458.03,256.23,0.08657933496047794,0.13759543814017733,3.399096792000428e-05
2022-04-27,771503,0.0,4307.29,23.79,0.0,0.0,0.0,27124.859999999986,315506.03,257.23,0.07377650663592038,0.11218491081612962,0.0
2022-04-28,770114,0.0,4307.29,23.79,0.0,0.0,0.0,25456.969999999972,318549.03,257.23,0.06463445453248237,0.10653270990223908,3.928197267781677e-05
2022-04-29,768974,0.0,4307.29,23.79,0.0,0.0,0.0,23872.570000000007,321261.03,258.23,0.06024669331173974,0.08976829893052987,4.188908022889868e-05
2022-04-30,767979,0.0,4307.29,23.79,0.0,0.0,0.0,22713.619999999995,323404.03,259.23,0.06690746332673969,0.08880134474381453,4.402644756758281e-05
2022-05-01,766929,0.0,4307.29,23.79,0.0,0.0,0.0,21735.119999999995,325421.03,260.23,0.027405995715077586,0.042833901998240644,4.600848764580091e-05
2022-05-02,766518,0.0,4307.29,23.79,0.0,0.0,0.0,21210.01000000001,326352.03,261.23,0.08163230541244432,0.11239975841595544,0.0
2022-05-03,765324,0.0,4307.29,23.79,0.0,0.0,0.0,20008.070000000007,328736.03,261.23,0.08122702023695522,0.12474966351077336,0.00014993949941198722
2022-05-04,764205,0.0,4307.29,23.79,0.0,0.0,0.0,18616.880000000005,331232.03,264.23,0.08148703207632862,0.10426021975755334,0.00010742938666414563
2022-05-05,763162,0.0,4307.29,23.79,0.0,0.0,0.0,17706.45000000001,333173.03,266.23,0.05757988208367221,0.1043687469820319,0.0
2022-05-06,762462,0.0,4307.29,23.79,0.0,0.0,0.0,16551.45000000001,335021.03,266.23,0.07742043207214189,0.10512674116165041,0.0
2022-05-07,761583,0.0,4307.29,23.79,0.0,0.0,0.0,15681.659999999974,336761.03,266.23,0.10405273376204054,0.10770543424611953,0.0
2022-05-08,760465,0.0,4307.29,23.79,0.0,0.0,0.0,15099.479999999981,338450.03,266.23,0.04634713481938691,0.04517440335693593,0.0
2022-05-09,759991,0.0,4307.29,23.79,0.0,0.0,0.0,14891.369999999995,339132.14,266.23,0.13095334576799228,0.11654199714331394,0.0
2022-05-10,758671,0.0,4307.29,23.79,0.0,0.0,0.0,14475.899999999965,340867.61000000004,266.23,0.12860781346770514,0.12118624748720107,0.0
2022-05-11,757413,0.0,4307.29,23.79,0.0,0.0,0.0,13979.619999999995,342621.89,266.23,0.10232575634314785,0.09829451730447579,7.08173755795944e-05
2022-05-12,756448,0.0,4307.29,23.79,0.0,0.0,0.0,13569.51000000001,343996.01,267.22,0.08914564585830655,0.08309880017775036,7.29576823334042e-05
2022-05-13,755633,0.0,4307.29,23.79,0.0,0.0,0.0,13255.909999999974,345123.62,268.21,0.08742988580187849,0.07431025105028552,0.0
2022-05-14,754853,0.0,4307.29,23.79,0.0,0.0,0.0,13050.859999999986,346108.67,268.21,0.0874137233195222,0.0796499234533204,0.0
2022-05-15,754086,0.0,4307.29,23.79,0.0,0.0,0.0,12778.359999999986,347148.17,268.21,0.03728548121720178,0.03184211432453104,0.0
2022-05-16,753766,0.0,4307.29,23.79,0.0,0.0,0.0,12691.469999999972,347555.06,268.21,0.09788211630103048,0.09313814711770979,0.0
2022-05-17,752932,0.0,4307.29,23.79,0.0,0.0,0.0,12343.409999999974,348737.12,268.21,0.10341144960010372,0.08966890024717718,8.020474082931793e-05
2022-05-18,752076,0.0,4307.29,23.79,0.0,0.0,0.0,12091.599999999977,349843.94,269.2,0.09296837626070063,0.08539564656455796,0.0
2022-05-19,751323,0.0,4307.29,23.79,0.0,0.0,0.0,11812.02999999997,350876.51,269.2,0.08349846308187969,0.05858518815140252,8.381285858569709e-05
2022-05-20,750663,0.0,4307.29,23.79,0.0,0.0,0.0,11779.02999999997,351568.52,270.19,0.07948873152807358,0.0738778999628972,0.0
2022-05-21,750037,0.0,4307.29,23.79,0.0,0.0,0.0,11534.820000000007,352438.73,270.19,0.0844837631120363,0.09595468329804942,0.0
2022-05-22,749386,0.0,4307.29,23.79,0.0,0.0,0.0,11079.0,353545.55,270.19,0.02839873063580256,0.042603123025543824,0.00018052170773535519
2022-05-23,749176,0.0,4307.29,23.79,0.0,0.0,0.0,10815.0,354017.55,272.19,0.10434469348086131,0.12205270457697642,0.0
2022-05-24,748423,0.0,4307.29,23.79,0.0,0.0,0.0,10248.0,355337.55,272.19,0.10276296854017991,0.12275565964090554,0.0
2022-05-25,747721,0.0,4307.29,23.79,0.0,0.0,0.0,9692.0,356595.55,272.19,0.08861940230902754,0.09956665290961618,0.0
2022-05-26,747149,0.0,4307.29,23.79,0.0,0.0,0.0,9299.0,357560.55,272.19,0.08225457950166323,0.08753629422518551,0.00010753844499408539
2022-05-27,746640,0.0,4307.29,23.79,0.0,0.0,0.0,8993.0,358374.55,273.19,0.0724032100743761,0.08673412654286668,0.0
2022-05-28,746207,0.0,4307.29,23.79,0.0,0.0,0.0,8646.0,359154.55,273.19,0.06856578354024313,0.08871154291001619,0.0
2022-05-29,745813,0.0,4307.29,23.79,0.0,0.0,0.0,8273.0,359921.55,273.19,0.019834410436304132,0.03868004351504895,0.0
2022-05-30,745704,0.0,4307.29,23.79,0.0,0.0,0.0,8062.0,360241.55,273.19,0.09188436274915238,0.10344827586206896,0.0
2022-05-31,745212,0.0,4307.29,23.79,0.0,0.0,0.0,7720.0,361075.55,273.19,0.089968308806043,0.11088082901554404,0.0
2022-06-01,744751,0.0,4307.29,23.79,0.0,0.0,0.0,7325.0,361931.55,273.19,0.06627090769687721,0.10266211604095563,0.00013651877133105802
2022-06-02,744429,0.0,4307.29,23.79,0.0,0.0,0.0,6894.0,362683.55,274.19,0.07897659599276757,0.09573542210617929,0.0
2022-06-03,744068,0.0,4307.29,23.79,0.0,0.0,0.0,6595.0,363343.55,274.19,0.07550440405629813,0.09492039423805913,0.0
2022-06-04,743738,0.0,4307.29,23.79,0.0,0.0,0.0,6299.0,363969.55,274.19,0.07357538900617902,0.10334973805365931,0.0
2022-06-05,743431,0.0,4307.29,23.79,0.0,0.0,0.0,5955.0,364620.55,274.19,0.026628863905210246,0.03526448362720403,0.0
2022-06-06,743326,0.0,4307.29,23.79,0.0,0.0,0.0,5850.0,364830.55,274.19,0.048282771146575185,0.12854700854700854,0.00017094017094017094
2022-06-07,743139,0.0,4307.29,23.79,0.0,0.0,0.0,5284.0,365582.55,275.19,0.10522058873046532,0.1328538985616957,0.0
2022-06-08,742771,0.0,4307.29,23.79,0.0,0.0,0.0,4950.0,366284.55,275.19,0.13008739958720505,0.11555555555555555,0.0
2022-06-09,742345,0.0,4307.29,23.79,0.0,0.0,0.0,4804.0,366856.55,275.19,0.0953936823252601,0.1059533721898418,0.0
2022-06-10,742042,0.0,4307.29,23.79,0.0,0.0,0.0,4598.0,367365.55,275.19,0.09707565581005353,0.09417137886037408,0.0
2022-06-11,741747,0.0,4307.29,23.79,0.0,0.0,0.0,4460.0,367798.55,275.19,0.1007979184107842,0.08834080717488789,0.0
2022-06-12,741450,0.0,4307.29,23.79,0.0,0.0,0.0,4363.0,368192.55,275.19,0.03817784180562994,0.024982809993123998,0.0
2022-06-13,741340,0.0,4307.29,23.79,0.0,0.0,0.0,4364.0,368301.55,275.19,0.10619523303814034,0.11274060494958753,0.0
2022-06-14,741034,0.0,4307.29,23.79,0.0,0.0,0.0,4178.0,368793.55,275.19,0.11532044805730439,0.11033987553853518,0.0
2022-06-15,740716,0.0,4307.29,23.79,0.0,0.0,0.0,4035.0,369254.55,275.19,0.10631069126035947,0.07980173482032218,0.0
2022-06-16,740433,0.0,4307.29,23.79,0.0,0.0,0.0,3996.0,369576.55,275.19,0.09752313389138058,0.09009009009009009,0.00025025025025025025
2022-06-17,740176,0.0,4307.29,23.79,0.0,0.0,0.0,3892.0,369936.55,276.19,0.09509720812380658,0.08478931140801645,0.0
2022-06-18,739932,0.0,4307.29,23.79,0.0,0.0,0.0,3806.0,370266.55,276.19,0.09687940242447297,0.08066211245401997,0.0
2022-06-19,739689,0.0,4307.29,23.79,0.0,0.0,0.0,3742.0,370573.55,276.19,0.04664774649875081,0.028059861036878676,0.0
2022-06-20,739574,0.0,4307.29,23.79,0.0,0.0,0.0,3752.0,370678.55,276.19,0.1278581420781374,0.04984008528784648,0.0
2022-06-21,739258,0.0,4307.29,23.79,0.0,0.0,0.0,3881.0,370865.55,276.19,0.12913977801661386,0.09482092244266942,0.0
2022-06-22,738928,0.0,4307.29,23.79,0.0,0.0,0.0,3843.0,371233.55,276.19,0.09528626546218802,0.11085089773614364,0.0
2022-06-23,738687,0.0,4307.29,23.79,0.0,0.0,0.0,3658.0,371659.55,276.19,0.07437631293489128,0.08283214871514488,0.0
2022-06-24,738508,0.0,4307.29,23.79,0.0,0.0,0.0,3534.0,371962.55,276.19,0.08216699215352163,0.08347481607243916,0.0
2022-06-25,738317,0.0,4307.29,23.79,0.0,0.0,0.0,3430.0,372257.55,276.19,0.10152763397580009,0.08658892128279884,0.0
2022-06-26,738088,0.0,4307.29,23.79,0.0,0.0,0.0,3362.0,372554.55,276.19,0.038911535505527055,0.03271861986912552,0.0
2022-06-27,738002,0.0,4307.29,23.79,0.0,0.0,0.0,3338.0,372664.55,276.19,0.12260104736109602,0.09167165967645297,0.0
2022-06-28,737733,0.0,4307.29,23.79,0.0,0.0,0.0,3301.0,372970.55,276.19,0.157215519634312,0.09633444410784611,0.0
2022-06-29,737392,0.0,4307.29,23.79,0.0,0.0,0.0,3324.0,373288.55,276.19,0.12871603541862447,0.08513838748495788,0.0
2022-06-30,737111,0.0,4307.29,23.79,0.0,0.0,0.0,3322.0,373571.55,276.19,0.1334277737969209,0.0773630343166767,0.0
2022-07-01,736820,0.0,4307.29,23.79,0.0,0.0,0.0,3356.0,373828.55,276.19,0.1412091382194897,0.07270560190703218,0.0
2022-07-02,736509,0.0,4307.29,23.79,0.0,0.0,0.0,3423.0,374072.55,276.19,0.1269245622034134,0.07099035933391762,0.0
2022-07-03,736224,0.0,4307.29,23.79,0.0,0.0,0.0,3465.0,374315.55,276.19,0.06513797858497297,0.03318903318903319,0.0
2022-07-04,736076,0.0,4307.29,23.79,0.0,0.0,0.0,3498.0,374430.55,276.19,0.202766526495134,0.0903373356203545,0.0
2022-07-05,735611,0.0,4307.29,23.79,0.0,0.0,0.0,3647.0,374746.55,276.19,0.2167861601703861,0.09048533040855497,0.0
2022-07-06,735093,0.0,4307.29,23.79,0.0,0.0,0.0,3835.0,375076.55,276.19,0.19116982973662747,0.06284224250325945,0.0
2022-07-07,734613,0.0,4307.29,23.79,0.0,0.0,0.0,4074.0,375317.55,276.19,0.18382400218647513,0.04393716249386352,0.0
2022-07-08,734123,0.0,4307.29,23.79,0.0,0.0,0.0,4385.0,375496.55,276.19,0.20229042955001106,0.043557582668187,0.0
2022-07-09,733543,0.0,4307.29,23.79,0.0,0.0,0.0,4774.0,375687.55,276.19,0.20711440124049707,0.04775869291998324,0.00020946795140343527
2022-07-10,732897,0.0,4307.29,23.79,0.0,0.0,0.0,5191.0,375915.55,277.19,0.09768318068586723,0.016567135426700057,0.0
2022-07-11,732566,0.0,4307.29,23.79,0.0,0.0,0.0,5436.0,376001.55,277.19,0.2822238048635908,0.049484915378955115,0.0
2022-07-12,731565,0.0,4307.29,23.79,0.0,0.0,0.0,6168.0,376270.55,277.19,0.2809198506111168,0.05528534370946822,0.0
2022-07-13,730436,0.0,4307.29,23.79,0.0,0.0,0.0,6956.0,376611.55,277.19,0.23997933957070283,0.04039677975848189,0.0
2022-07-14,729350,0.0,4307.29,23.79,0.0,0.0,0.0,7761.0,376892.55,277.19,0.20906084987924226,0.03749516814843448,0.0
2022-07-15,728296,0.0,4307.29,23.79,0.0,0.0,0.0,8524.0,377183.55,277.19,0.21304909618047277,0.036485218207414356,0.0
2022-07-16,727118,0.0,4307.29,23.79,0.0,0.0,0.0,9391.0,377494.55,277.19,0.22509843892885273,0.03034820572888936,0.0
2022-07-17,725749,0.0,4307.29,23.79,0.0,0.0,0.0,10475.0,377779.55,277.19,0.08994200947814489,0.014128878281622912,0.0
2022-07-18,725140,0.0,4307.29,23.79,0.0,0.0,0.0,10936.0,377927.55,277.19,0.29264821820649256,0.04252011704462326,0.0
2022-07-19,723073,0.0,4307.29,23.79,0.0,0.0,0.0,12538.0,378392.55,277.19,0.2608156983321215,0.04131440421119796,0.0
2022-07-20,720967,0.0,4307.29,23.79,0.0,0.0,0.0,14126.0,378910.55,277.19,0.2226909419311896,0.03390910378026334,7.079144839303412e-05
2022-07-21,718947,0.0,4307.29,23.79,0.0,0.0,0.0,15666.0,379389.55,278.19,0.18641136213068407,0.03127792672028597,0.0
2022-07-22,717077,0.0,4307.29,23.79,0.0,0.0,0.0,17046.0,379879.55,278.19,0.17130748161267698,0.034025577848175524,0.0
2022-07-23,715212,0.0,4307.29,23.79,0.0,0.0,0.0,18331.0,380459.55,278.19,0.1699051289893398,0.03524084883530631,0.0
2022-07-24,713228,0.0,4307.29,23.79,0.0,0.0,0.0,19669.0,381105.55,278.19,0.056183943515348674,0.016828511871472877,0.0
2022-07-25,712526,0.0,4307.29,23.79,0.0,0.0,0.0,20040.0,381436.55,278.19,0.18768940472126372,0.0499001996007984,4.99001996007984e-05
2022-07-26,710139,0.0,4307.29,23.79,0.0,0.0,0.0,21426.0,382436.55,279.19,0.19731618477064783,0.05269298982544572,0.0
2022-07-27,707465,0.0,4307.29,23.79,0.0,0.0,0.0,22971.0,383565.55,279.19,0.16422152932088446,0.04727700143659397,0.0
2022-07-28,705088,0.0,4307.29,23.79,0.0,0.0,0.0,24262.0,384651.55,279.19,0.1417651888504952,0.043401203528151015,4.121671750061825e-05
2022-07-29,702928,0.0,4307.29,23.79,0.0,0.0,0.0,25368.0,385704.55,280.19,0.13197144672354968,0.046397035635446233,3.941974140649637e-05
2022-07-30,700832,0.0,4307.29,23.79,0.0,0.0,0.0,26286.0,386881.55,281.19,0.1261588407847557,0.052042912577037206,3.8043064749296204e-05
2022-07-31,698762,0.0,4307.29,23.79,0.0,0.0,0.0,26987.0,388249.55,282.19,0.06525479615081589,0.022566420869307446,0.0
2022-08-01,697666,0.0,4307.29,23.79,0.0,0.0,0.0,27474.0,388858.55,282.19,0.14866472664594568,0.07523476741646648,0.0
2022-08-02,695128,0.0,4307.29,23.79,0.0,0.0,0.0,27945.0,390925.55,282.19,0.16513043138704603,0.07536231884057971,0.0
2022-08-03,692271,0.0,4307.29,23.79,0.0,0.0,0.0,28696.0,393031.55,282.19,0.1628289142965193,0.07039308614441037,0.0
2022-08-04,689390,0.0,4307.29,23.79,0.0,0.0,0.0,29557.0,395051.55,282.19,0.16161159012329687,0.06326758466691478,0.0
2022-08-05,686457,0.0,4307.29,23.79,0.0,0.0,0.0,30620.0,396921.55,282.19,0.15784278398316126,0.060842586544742,6.531678641410843e-05
2022-08-06,683502,0.0,4307.29,23.79,0.0,0.0,0.0,31710.0,398784.55,284.19,0.1624004711480768,0.06256701356039104,0.0
2022-08-07,680367,0.0,4307.29,23.79,0.0,0.0,0.0,32861.0,400768.55,284.19,0.0805501065433474,0.021301847174462128,6.0862420498463226e-05
2022-08-08,678763,0.0,4307.29,23.79,0.0,0.0,0.0,33763.0,401468.55,286.19,0.1723054246617591,0.07066907561531854,2.9618221129638953e-05
2022-08-09,675246,0.0,4307.29,23.79,0.0,0.0,0.0,34893.0,403854.55,287.19,0.19980681782140816,0.07663428194766858,0.0
2022-08-10,671053,0.0,4307.29,23.79,0.0,0.0,0.0,36412.0,406528.55,287.19,0.14883167282104348,0.06525321322640888,2.7463473580138417e-05
2022-08-11,667814,0.0,4307.29,23.79,0.0,0.0,0.0,37274.0,408904.55,288.19,0.1399606745080604,0.057949240757632664,0.0
2022-08-12,664711,0.0,4307.29,23.79,0.0,0.0,0.0,38217.0,411064.55,288.19,0.13069158885479715,0.054792369887746294,5.2332731506921e-05
2022-08-13,661754,0.0,4307.29,23.79,0.0,0.0,0.0,39078.0,413158.55,290.19,0.12213119315325684,0.05289421157684631,7.676953784738216e-05
2022-08-14,658941,0.0,4307.29,23.79,0.0,0.0,0.0,39821.0,415225.55,293.19,0.06824766012710984,0.027498053790713444,2.5112377891062503e-05
2022-08-15,657346,0.0,4307.29,23.79,0.0,0.0,0.0,40320.0,416320.55,294.19,0.08917093564439911,0.06292162698412698,2.48015873015873e-05
2022-08-16,655241,0.0,4307.29,23.79,0.0,0.0,0.0,39887.0,418857.55,295.19,0.16642284813136946,0.07160227643091734,2.507082508085341e-05
2022-08-17,651367,0.0,4307.29,23.79,0.0,0.0,0.0,40904.0,421713.55,296.19,0.17732500084220867,0.07038431449247018,4.889497359671426e-05
2022-08-18,647159,0.0,4307.29,23.79,0.0,0.0,0.0,42231.0,424592.55,298.19,0.1288718103905186,0.0694276716156378,2.367928772702517e-05
2022-08-19,644022,0.0,4307.29,23.79,0.0,0.0,0.0,42435.0,427524.55,299.19,0.12936998336017871,0.06958878284435019,4.7130906091669615e-05
2022-08-20,640873,0.0,4307.29,23.79,0.0,0.0,0.0,42629.0,430477.55,301.19,0.11766031298697531,0.07354148584297075,0.0
2022-08-21,638010,0.0,4307.29,23.79,0.0,0.0,0.0,42357.0,433612.55,301.19,0.05326244734450329,0.03784498430011568,2.3608848596453952e-05
2022-08-22,636728,0.0,4307.29,23.79,0.0,0.0,0.0,42035.0,435215.55,302.19,0.14107421380908264,0.08362079219697871,4.757939812061377e-05
2022-08-23,633365,0.0,4307.29,23.79,0.0,0.0,0.0,41881.0,438730.55,304.19,0.13811210418317624,0.10009312098564982,2.3877175807645472e-05
2022-08-24,630102,0.0,4307.29,23.79,0.0,0.0,0.0,40951.0,442922.55,305.19,0.11117350713137866,0.07907010817806646,2.441942809699397e-05
2022-08-25,627547,0.0,4307.29,23.79,0.0,0.0,0.0,40267.0,446160.55,306.19,0.0959274458767897,0.077060620359103,0.0
2022-08-26,625388,0.0,4307.29,23.79,0.0,0.0,0.0,39323.0,449263.55,306.19,0.09409522307838733,0.07512143020624062,7.629122905170002e-05
2022-08-27,623327,0.0,4307.29,23.79,0.0,0.0,0.0,38427.0,452217.55,309.19,0.0898108603183376,0.07317771358680095,2.6023368985348845e-05
2022-08-28,621411,0.0,4307.29,23.79,0.0,0.0,0.0,37530.0,455029.55,310.19,0.039187961723047775,0.042499333866240344,0.0
2022-08-29,620597,0.0,4307.29,23.79,0.0,0.0,0.0,36749.0,456624.55,310.19,0.10343240578082075,0.05722604696726442,5.442324961223435e-05
2022-08-30,618496,0.0,4307.29,23.79,0.0,0.0,0.0,36745.0,458727.55,312.19,0.09307467381779878,0.10540209552320043,2.7214587018641992e-05
2022-08-31,616612,0.0,4307.29,23.79,0.0,0.0,0.0,34755.0,462600.55,313.19,0.08387795588813635,0.12104733131923465,2.8772838440512156e-05
2022-09-01,615011,0.0,4307.29,23.79,0.0,0.0,0.0,32148.0,466807.55,314.19,0.08296580742761127,0.09754883663058356,3.110613412965037e-05
2022-09-02,613550,0.0,4307.29,23.79,0.0,0.0,0.0,30472.0,469943.55,315.19,0.08701682574836642,0.10324232081911262,9.845103701758992e-05
2022-09-03,612101,0.0,4307.29,23.79,0.0,0.0,0.0,28772.0,473089.55,318.19,0.09326892193006733,0.09943695259279856,6.951202558042541e-05
2022-09-04,610638,0.0,4307.29,23.79,0.0,0.0,0.0,27372.0,475950.55,320.19,0.041714497207819695,0.046799649276633055,3.653368405670028e-05
2022-09-05,610017,0.0,4307.29,23.79,0.0,0.0,0.0,26711.0,477231.55,321.19,0.11645024070390043,0.12590318595335256,0.0
2022-09-06,608327,0.0,4307.29,23.79,0.0,0.0,0.0,25038.0,480594.55,321.19,0.10076682114952266,0.13024203211119098,7.987858455148175e-05
2022-09-07,606960,0.0,4307.29,23.79,0.0,0.0,0.0,23142.0,483855.55,323.19,0.11278512491067094,0.11023247774608937,0.00017284590787313111
2022-09-08,605549,0.0,4307.29,23.79,0.0,0.0,0.0,21998.0,486406.55,327.19,0.10046841199194499,0.09814528593508501,0.0
2022-09-09,604357,0.0,4307.29,23.79,0.0,0.0,0.0,21031.0,488565.55,327.19,0.07084458483947523,0.09790309543055489,9.509771290000475e-05
2022-09-10,603555,0.0,4307.29,23.79,0.0,0.0,0.0,19772.0,490624.55,329.19,0.042620301690030574,0.09680356059073437,0.00010115314586283633
2022-09-11,603102,0.0,4307.29,23.79,0.0,0.0,0.0,18309.0,492538.55,331.19,0.05846530541982615,0.04440439128297559,5.461794745753454e-05
2022-09-12,602527,0.0,4307.29,23.79,0.0,0.0,0.0,18070.0,493351.55,332.19,0.10250321572915636,0.11621472053126729,5.534034311012728e-05
2022-09-13,601533,0.0,4307.29,23.79,0.0,0.0,0.0,16963.0,495451.55,333.19,0.1801243103792779,0.11100630784648942,5.8951836349702294e-05
2022-09-14,599896,0.0,4307.29,23.79,0.0,0.0,0.0,16716.0,497334.55,334.19,0.1493596448877014,0.09559703278296243,0.00017946877243359656
2022-09-15,598562,0.0,4307.29,23.79,0.0,0.0,0.0,16449.0,498932.55,337.19,0.10673650487459876,0.08875919508784728,6.079396923825157e-05
2022-09-16,597626,0.0,4307.29,23.79,0.0,0.0,0.0,15924.0,500392.55,338.19,0.08470880660306122,0.09099472494348154,0.0
2022-09-17,596908,0.0,4307.29,23.79,0.0,0.0,0.0,15193.0,501841.55,338.19,0.08096784535808514,0.09622852629500428,6.58197854274995e-05
2022-09-18,596254,0.0,4307.29,23.79,0.0,0.0,0.0,14384.0,503303.55,339.19,0.03835680386813821,0.04310344827586207,6.952169076751947e-05
2022-09-19,595961,0.0,4307.29,23.79,0.0,0.0,0.0,14056.0,503923.55,340.19,0.09073918023576576,0.12016220830961867,7.11439954467843e-05
2022-09-20,595284,0.0,4307.29,23.79,0.0,0.0,0.0,13043.0,505612.55,341.19,0.10642946565190364,0.1047305067852488,7.666947788085564e-05
2022-09-21,594548,0.0,4307.29,23.79,0.0,0.0,0.0,12412.0,506978.55,342.19,0.08124531727616137,0.11359974218498227,8.056719303899453e-05
2022-09-22,594014,0.0,4307.29,23.79,0.0,0.0,0.0,11535.0,508388.55,343.19,0.07537534682692273,0.10325097529258778,8.669267446900737e-05
2022-09-23,593554,0.0,4307.29,23.79,0.0,0.0,0.0,10803.0,509579.55,344.19,0.08089527110715625,0.07423863741553272,0.0
2022-09-24,593092,0.0,4307.29,23.79,0.0,0.0,0.0,10463.0,510381.55,344.19,0.0815988469569416,0.04319984708018733,9.557488292076843e-05
2022-09-25,592641,0.0,4307.29,23.79,0.0,0.0,0.0,10461.0,510833.55,345.19,0.038755616449118735,0.05487047127425676,9.559315553006405e-05
2022-09-26,592427,0.0,4307.29,23.79,0.0,0.0,0.0,10100.0,511407.55,346.19,0.10545468283204279,0.09841584158415842,0.0
2022-09-27,591865,0.0,4307.29,23.79,0.0,0.0,0.0,9668.0,512401.55,346.19,0.1226327559468277,0.16932147290028962,0.0
2022-09-28,591240,0.0,4307.29,23.79,0.0,0.0,0.0,8656.0,514038.55,346.19,0.1088144050393915,0.15399722735674676,0.0001155268022181146
2022-09-29,590744,0.0,4307.29,23.79,0.0,0.0,0.0,7818.0,515371.55,347.19,0.11766197871836019,0.11946789460220004,0.00025581990278843696
2022-09-30,590260,0.0,4307.29,23.79,0.0,0.0,0.0,7366.0,516305.55,349.19,0.11672103722976825,0.09706760792831931,0.00040727667662231876
2022-10-01,589808,0.0,4307.29,23.79,0.0,0.0,0.0,7100.0,517020.55,352.19,0.12467222682731224,0.09197183098591549,0.00014084507042253522
2022-10-02,589343,0.0,4307.29,23.79,0.0,0.0,0.0,6911.0,517673.55,353.19,0.05210009954866926,0.04239618000289394,0.0
2022-10-03,589154,0.0,4307.29,23.79,0.0,0.0,0.0,6807.0,517966.55,353.19,0.10022688128777288,0.09945644189804613,0.0
2022-10-04,588796,0.0,4307.29,23.79,0.0,0.0,0.0,6488.0,518643.55,353.19,0.1587098346167161,0.11344019728729964,0.0
2022-10-05,588256,0.0,4307.29,23.79,0.0,0.0,0.0,6292.0,519379.55,353.19,0.1756342682618055,0.08471074380165289,0.0001589319771137953
2022-10-06,587677,0.0,4307.29,23.79,0.0,0.0,0.0,6337.0,519912.55,354.19,0.10642363183861667,0.07258955341644312,0.0
2022-10-07,587324,0.0,4307.29,23.79,0.0,0.0,0.0,6230.0,520372.55,354.19,0.1123055094416154,0.07415730337078652,0.0
2022-10-08,586958,0.0,4307.29,23.79,0.0,0.0,0.0,6134.0,520834.55,354.19,0.09667110155492452,0.07352461688946854,0.0
2022-10-09,586648,0.0,4307.29,23.79,0.0,0.0,0.0,5993.0,521285.55,354.19,0.05971803456780498,0.035708326380777575,0.0
2022-10-10,586461,0.0,4307.29,23.79,0.0,0.0,0.0,5966.0,521499.55,354.19,0.11070888604031842,0.09403285283271874,0.00016761649346295676
2022-10-11,586116,0.0,4307.29,23.79,0.0,0.0,0.0,5749.0,522060.55,355.19,0.17959682341312808,0.10871455905374848,0.0
2022-10-12,585577,0.0,4307.29,23.79,0.0,0.0,0.0,5663.0,522685.55,355.19,0.18181490573024361,0.08758608511389723,0.0
2022-10-13,585040,0.0,4307.29,23.79,0.0,0.0,0.0,5704.0,523181.55,355.19,0.1641876610635367,0.08450210378681627,0.0003506311360448808
2022-10-14,584552,0.0,4307.29,23.79,0.0,0.0,0.0,5708.0,523663.55,357.19,0.15546070461204925,0.07918710581639804,0.0
2022-10-15,584090,0.0,4307.29,23.79,0.0,0.0,0.0,5718.0,524115.55,357.19,0.1479157861194603,0.08132214060861459,0.0
2022-10-16,583650,0.0,4307.29,23.79,0.0,0.0,0.0,5693.0,524580.55,357.19,0.07129754123538778,0.03319866502722642,0.0
2022-10-17,583439,0.0,4307.29,23.79,0.0,0.0,0.0,5715.0,524769.55,357.19,0.20775871215001523,0.06246719160104987,0.00017497812773403323
2022-10-18,582822,0.0,4307.29,23.79,0.0,0.0,0.0,5974.0,525126.55,358.19,0.184773309775167,0.09039169735520589,0.0
2022-10-19,582249,0.0,4307.29,23.79,0.0,0.0,0.0,6007.0,525666.55,358.19,0.16243136913481698,0.09638754786082904,0.0
2022-10-20,581743,0.0,4307.29,23.79,0.0,0.0,0.0,5934.0,526245.55,358.19,0.14635904836083347,0.05931917762049208,0.00016852039096730705
2022-10-21,581293,0.0,4307.29,23.79,0.0,0.0,0.0,6031.0,526597.55,359.19,0.1447570701810449,0.06068645332449014,0.0
2022-10-22,580841,0.0,4307.29,23.79,0.0,0.0,0.0,6117.0,526963.55,359.19,0.16874514382989095,0.05067843714239006,0.0
2022-10-23,580307,0.0,4307.29,23.79,0.0,0.0,0.0,6341.0,527273.55,359.19,0.08940006391295333,0.029490616621983913,0.0
2022-10-24,580014,0.0,4307.29,23.79,0.0,0.0,0.0,6447.0,527460.55,359.19,0.23119601811850385,0.05351326198231736,0.0
2022-10-25,579244,0.0,4307.29,23.79,0.0,0.0,0.0,6872.0,527805.55,359.19,0.22339130144257963,0.07785215366705471,0.0005820721769499418
2022-10-26,578452,0.0,4307.29,23.79,0.0,0.0,0.0,7125.0,528340.55,363.19,0.19777445501550964,0.07536842105263158,0.0
2022-10-27,577726,0.0,4307.29,23.79,0.0,0.0,0.0,7314.0,528877.55,363.19,0.1870602720287384,0.06672135630298058,0.0
2022-10-28,577022,0.0,4307.29,23.79,0.0,0.0,0.0,7530.0,529365.55,363.19,0.19716188490685355,0.06135458167330677,0.0
2022-10-29,576259,0.0,4307.29,23.79,0.0,0.0,0.0,7831.0,529827.55,363.19,0.1584857642827993,0.0559315540799387,0.00025539522410930913
2022-10-30,575622,0.0,4307.29,23.79,0.0,0.0,0.0,8028.0,530265.55,365.19,0.09621354341389925,0.02628300946686597,0.0
2022-10-31,575226,0.0,4307.29,23.79,0.0,0.0,0.0,8213.0,530476.55,365.19,0.2307622000141007,0.07512480214294412,0.0
2022-11-01,574255,0.0,4307.29,23.79,0.0,0.0,0.0,8567.0,531093.55,365.19,0.22616524834395058,0.06676783004552352,0.0001167269756040621
2022-11-02,573264,0.0,4307.29,23.79,0.0,0.0,0.0,8985.0,531665.55,366.19,0.17133084875287088,0.05631608235948803,0.0
2022-11-03,572478,0.0,4307.29,23.79,0.0,0.0,0.0,9265.0,532171.55,366.19,0.15473869257457304,0.048569886670264434,0.0
2022-11-04,571747,0.0,4307.29,23.79,0.0,0.0,0.0,9546.0,532621.55,366.19,0.153050017089165,0.047349675256652,0.0
2022-11-05,571003,0.0,4307.29,23.79,0.0,0.0,0.0,9838.0,533073.55,366.19,0.1534976684762171,0.05427932506607034,0.0
2022-11-06,570235,0.0,4307.29,23.79,0.0,0.0,0.0,10072.0,533607.55,366.19,0.05473614605040034,0.028991262907069104,9.928514694201747e-05
2022-11-07,569955,0.0,4307.29,23.79,0.0,0.0,0.0,10059.0,533899.55,367.19,0.19446419217649372,0.07654836464857341,0.0
2022-11-08,568962,0.0,4307.29,23.79,0.0,0.0,0.0,10282.0,534669.55,367.19,0.22819533659914057,0.07693055825714841,9.725734292939116e-05
2022-11-09,567773,0.0,4307.29,23.79,0.0,0.0,0.0,10679.0,535460.55,368.19,0.188507323314414,0.0679838936229984,0.0
2022-11-10,566755,0.0,4307.29,23.79,0.0,0.0,0.0,10971.0,536186.55,368.19,0.17786087586030006,0.06407802388114119,9.114939385653085e-05
2022-11-11,565770,0.0,4307.29,23.79,0.0,0.0,0.0,11252.0,536889.55,369.19,0.17971747851747505,0.06772129399217917,8.887308922858158e-05
2022-11-12,564751,0.0,4307.29,23.79,0.0,0.0,0.0,11508.0,537651.55,370.19,0.16653516186878134,0.05491831769204032,0.00043448036148766077
2022-11-13,563787,0.0,4307.29,23.79,0.0,0.0,0.0,11835.0,538283.55,375.19,0.07824478553497706,0.032868610054921844,0.0005914659907055344
2022-11-14,563322,0.0,4307.29,23.79,0.0,0.0,0.0,11904.0,538672.55,382.19,0.21816272842056222,0.08106518817204302,0.0005040322580645161
2022-11-15,562019,0.0,4307.29,23.79,0.0,0.0,0.0,12236.0,539637.55,388.19,0.2078374038524968,0.08090879372343904,8.172605426610003e-05
2022-11-16,560746,0.0,4307.29,23.79,0.0,0.0,0.0,12518.0,540627.55,389.19,0.1813834651772949,0.06278958300047931,0.0
2022-11-17,559612,0.0,4307.29,23.79,0.0,0.0,0.0,12866.0,541413.55,389.19,0.13629083061068142,0.05650551842064356,0.000310896937665164
2022-11-18,558738,0.0,4307.29,23.79,0.0,0.0,0.0,13009.0,542140.55,393.19,0.14442595890645218,0.05711430548082097,7.686985932815743e-05
2022-11-19,557803,0.0,4307.29,23.79,0.0,0.0,0.0,13200.0,542883.55,394.19,0.1642278085958337,0.05818181818181818,0.0
2022-11-20,556726,0.0,4307.29,23.79,0.0,0.0,0.0,13509.0,543651.55,394.19,0.05225033870659948,0.020652898067954697,7.402472425790214e-05
2022-11-21,556376,0.0,4307.29,23.79,0.0,0.0,0.0,13579.0,543930.55,395.19,0.18338539916877605,0.07312762353634288,0.0
2022-11-22,555142,0.0,4307.29,23.79,0.0,0.0,0.0,13820.0,544923.55,395.19,0.20810055529214383,0.08596237337192475,7.23589001447178e-05
2022-11-23,553720,0.0,4307.29,23.79,0.0,0.0,0.0,14053.0,546111.55,396.19,0.0,0.0724400483882445,0.0
2022-11-24,553720,0.0,4307.29,23.79,0.0,0.0,0.0,13035.0,547129.55,396.19,0.31422149830219714,0.07548906789413118,7.671653241273494e-05
2022-11-25,551700,0.0,4307.29,23.79,0.0,0.0,0.0,14070.0,548113.55,397.19,0.14218121065095815,0.07242359630419332,0.0
2022-11-26,550717,0.0,4307.29,23.79,0.0,0.0,0.0,14034.0,549132.55,397.19,0.1393138914536829,0.06869032350007126,0.0
2022-11-27,549758,0.0,4307.29,23.79,0.0,0.0,0.0,14029.0,550096.55,397.19,0.04978673019461918,0.03314562691567467,0.0
2022-11-28,549416,0.0,4307.29,23.79,0.0,0.0,0.0,13906.0,550561.55,397.19,0.18501544037667256,0.09355673809866245,0.00014382281029771322
2022-11-29,548157,0.0,4307.29,23.79,0.0,0.0,0.0,13862.0,551862.55,399.19,0.19060953538732317,0.09183379021786178,0.0
2022-11-30,546867,0.0,4307.29,23.79,0.0,0.0,0.0,13879.0,553135.55,399.19,0.16656519936245262,0.08170617479645507,0.0
2022-12-01,545741,0.0,4307.29,23.79,0.0,0.0,0.0,13871.0,554269.55,399.19,0.14564745662090148,0.06293706293706294,7.209285559801023e-05
2022-12-02,544759,0.0,4307.29,23.79,0.0,0.0,0.0,13979.0,555142.55,400.19,0.13505190861547356,0.06667143572501609,0.00021460762572430073
2022-12-03,543843,0.0,4307.29,23.79,0.0,0.0,0.0,13960.0,556074.55,403.19,0.13058326217598817,0.0771489971346705,0.0
2022-12-04,542960,0.0,4307.29,23.79,0.0,0.0,0.0,13766.0,557151.55,403.19,0.06293963108168373,0.025424960046491356,0.0
2022-12-05,542541,0.0,4307.29,23.79,0.0,0.0,0.0,13835.0,557501.55,403.19,0.19894163614835403,0.08919407300325262,0.0
2022-12-06,541211,0.0,4307.29,23.79,0.0,0.0,0.0,13931.0,558735.55,403.19,0.21533030581679094,0.10200272772952408,7.178235589692053e-05
2022-12-07,539765,0.0,4307.29,23.79,0.0,0.0,0.0,13955.0,560156.55,404.19,0.1840849008885832,0.0,0.0
2022-12-08,538530,0.0,4307.29,23.79,0.0,0.0,0.0,15190.0,560156.55,404.19,0.17458430856084017,0.13285055957867017,0.00013166556945358788
2022-12-09,537258,0.0,4307.29,23.79,0.0,0.0,0.0,14442.0,562174.55,406.19,0.17914149094363074,0.06806536490790749,0.0
2022-12-10,536020,0.0,4307.29,23.79,0.0,0.0,0.0,14697.0,563157.55,406.19,0.17316190731748524,0.06525141185275907,0.0
2022-12-11,534805,0.0,4307.29,23.79,0.0,0.0,0.0,14953.0,564116.55,406.19,0.07272634116630797,0.022804788336788603,6.687621213134488e-05
2022-12-12,534287,0.0,4307.29,23.79,0.0,0.0,0.0,15129.0,564457.55,407.19,0.24738015695094293,0.08321766144490714,0.0
2022-12-13,532506,0.0,4307.29,23.79,0.0,0.0,0.0,15651.0,565716.55,407.19,0.259328297133445,0.08229506101846527,0.00012778736182991502
2022-12-14,530581,0.0,4307.29,23.79,0.0,0.0,0.0,16286.0,567004.55,409.19,0.19762817542071,0.06907773547832494,6.140243153628883e-05
2022-12-15,529060,0.0,4307.29,23.79,0.0,0.0,0.0,16681.0,568129.55,410.19,0.18167156980641,0.05856963011809844,0.00029974222168934714
2022-12-16,527632,0.0,4307.29,23.79,0.0,0.0,0.0,17127.0,569106.55,415.19,0.17443774129363016,0.05348280492789163,0.0
2022-12-17,526228,0.0,4307.29,23.79,0.0,0.0,0.0,17615.0,570022.55,415.19,0.16375925836532854,0.05007096224808402,5.676979846721544e-05
2022-12-18,524876,0.0,4307.29,23.79,0.0,0.0,0.0,18084.0,570904.55,416.19,0.06616345877424619,0.02316965273169653,0.0
2022-12-19,524311,0.0,4307.29,23.79,0.0,0.0,0.0,18224.349999999977,571323.55,416.19,0.1998495196603925,0.07297928321174701,0.0
2022-12-20,522593,0.0,4307.29,23.79,0.0,0.0,0.0,18595.170000000042,572653.55,416.19,0.23528352409370695,0.07765457374146065,0.00010755481127626128
2022-12-21,520536,0.0,4307.29,23.79,0.0,0.0,0.0,19185.599999999977,574097.55,418.19,0.1947748410472468,0.06426695021265957,0.00010424485030439509
2022-12-22,518786,0.0,4307.29,23.79,0.0,0.0,0.0,19683.099999999977,575330.55,420.19,0.1683951321786585,0.0646239667532046,0.0
2022-12-23,517239,0.0,4307.29,23.79,0.0,0.0,0.0,19942.630000000005,576602.55,420.19,0.17963165478540627,0.06207807094651005,0.0
2022-12-24,515572,0.0,4307.29,23.79,0.0,0.0,0.0,20354.959999999963,577840.55,420.19,0.15643786659057718,0.05969061103534481,0.0
2022-12-25,514095,0.0,4307.29,23.79,0.0,0.0,0.0,20602.19000000006,579055.55,420.19,0.06464648410520996,0.024997342515528615,0.00014561558746909874
2022-12-26,513479,0.0,4307.29,23.79,0.0,0.0,0.0,20694.030000000028,579570.55,423.19,0.18441893820062977,0.08601514543083187,4.83231154105797e-05
2022-12-27,511716,0.0,4307.29,23.79,0.0,0.0,0.0,20658.400000000023,581350.55,424.19,0.23784163843155925,0.09308562134531222,9.681291871587334e-05
2022-12-28,509454,0.0,4307.29,23.79,0.0,0.0,0.0,20972.780000000028,583273.55,426.19,0.18704653859023232,0.07252257449894568,0.0
2022-12-29,507656,0.0,4307.29,23.79,0.0,0.0,0.0,21231.800000000047,584794.55,426.19,0.15437836188846957,0.06711630667206722,0.00014129748773066784
2022-12-30,506159,0.0,4307.29,23.79,0.0,0.0,0.0,21285.829999999958,586219.55,429.19,0.16527452779370239,0.06572447492063982,0.00023489805189649685
2022-12-31,504557,0.0,4307.29,23.79,0.0,0.0,0.0,21467.810000000056,587618.55,434.19,0.1470514047986005,0.06297801219593412,0.0
2023-01-01,503124,0.0,4307.29,23.79,0.0,0.0,0.0,21534.47999999998,588970.55,434.19,0.0612471484308008,0.025928650239052446,4.597278411180627e-05
2023-01-02,502527,0.0,4307.29,23.79,0.0,0.0,0.0,21566.160000000033,589528.9099999999,435.18,0.1656384924203064,0.0788193169298601,4.59052515607789e-05
2023-01-03,500912,0.0,4307.29,23.79,0.0,0.0,0.0,21464.189999999944,591228.74,436.17,0.2255795740823713,0.09482957428162672,4.6123333794567215e-05
2023-01-04,498730,0.0,4307.29,23.79,0.0,0.0,0.0,21587.94000000006,593264.1799999999,437.16,0.16817651743251347,0.08020728239933984,4.5858937906995735e-05
2023-01-05,497101,0.0,4307.29,23.79,0.0,0.0,0.0,21468.150000000023,594995.69,438.15,0.15081699038036583,0.07124740604104429,9.222965183306508e-05
2023-01-06,495653,0.0,4307.29,23.79,0.0,0.0,0.0,21370.140000000014,596525.24,440.13,0.148908076940442,0.07722597980172133,0.0
2023-01-07,494234,0.0,4307.29,23.79,0.0,0.0,0.0,21124.619999999995,598175.57,440.13,0.14298005330435246,0.069172368544386,4.686474833630187e-05
2023-01-08,492891,0.0,4307.29,23.79,0.0,0.0,0.0,20991.959999999963,599636.81,441.12,0.041682025340000484,0.029051122429728737,0.0
2023-01-09,492503,0.0,4307.29,23.79,0.0,0.0,0.0,20766.23999999999,600246.65,441.12,0.14421988325368584,0.08400076277650674,4.7673531655225475e-05
2023-01-10,491176,0.0,4307.29,23.79,0.0,0.0,0.0,20334.599999999977,601991.03,442.11,0.1573611800173118,0.11012658227848136,0.0
2023-01-11,489762,0.0,4307.29,23.79,0.0,0.0,0.0,19495.079999999958,604230.41,442.11,0.13236443898140746,0.09130611415803487,0.0
2023-01-12,488625,0.0,4307.29,23.79,0.0,0.0,0.0,18840.689999999944,606010.43,442.11,0.1131326785306292,0.07855604014502306,0.000105091692501706
2023-01-13,487688,0.0,4307.29,23.79,0.0,0.0,0.0,18286.290000000037,607490.48,444.09,0.11628800965112712,0.08673055059282635,0.0
2023-01-14,486755,0.0,4307.29,23.79,0.0,0.0,0.0,17623.97999999998,609076.4600000001,444.09,0.11829798055350879,0.08044039995505761,5.617346365576959e-05
2023-01-15,485842,0.0,4307.29,23.79,0.0,0.0,0.0,17109.18000000005,610494.14,445.08,0.038377670644120586,0.034428885545650253,0.0001157273463719484
2023-01-16,485555,0.0,4307.29,23.79,0.0,0.0,0.0,16802.280000000028,611083.19,447.06,0.12479862239665548,0.0950978081546066,5.8920575064813075e-05
2023-01-17,484639,0.0,4307.29,23.79,0.0,0.0,0.0,16110.270000000019,612681.0499999999,448.05,0.1304053054649925,0.1340256867203379,6.145148405334038e-05
2023-01-18,483723,0.0,4307.29,23.79,0.0,0.0,0.0,14856.929999999935,614840.24,449.04,0.10300762652635492,0.10854934363963281,0.0
2023-01-19,483057,0.0,4307.29,23.79,0.0,0.0,0.0,13903.560000000056,616452.95,449.04,0.10625065079463816,0.1030333238393636,7.120478496154569e-05
2023-01-20,482415,0.0,4307.29,23.79,0.0,0.0,0.0,13105.619999999995,617885.48,450.03,0.12113281599893333,0.10719141864329501,0.0
2023-01-21,481726,0.0,4307.29,23.79,0.0,0.0,0.0,12382.920000000042,619290.2899999999,450.03,0.08552842949795884,0.10737128237928216,0.0
2023-01-22,481267,0.0,4307.29,23.79,0.0,0.0,0.0,11507.76000000001,620619.86,450.03,0.042146681112724856,0.03337921541637947,0.0
2023-01-23,481057,0.0,4307.29,23.79,0.0,0.0,0.0,11331.540000000037,621003.98,450.03,0.05892957839933923,0.11593569806045578,0.0
2023-01-24,480768,0.0,4307.29,23.79,0.0,0.0,0.0,10303.920000000042,622317.71,450.03,0.11084341141478225,0.13585703305149693,0.0
2023-01-25,480274,0.0,4307.29,23.79,0.0,0.0,0.0,9393.119999999995,623717.57,450.03,0.2020393075436752,0.11983558178752163,0.0
2023-01-26,479454,0.0,4307.29,23.79,0.0,0.0,0.0,9079.290000000037,624843.2,450.03,0.2129551672081831,0.10206084396467237,0.00010903936321011941
2023-01-27,478620,0.0,4307.29,23.79,0.0,0.0,0.0,8977.320000000065,625769.84,451.02,0.17875634449298922,0.10288928098809391,0.0
2023-01-28,477929,0.0,4307.29,23.79,0.0,0.0,0.0,8737.73999999999,626693.51,451.02,0.15038582840490944,0.10333106730115632,0.0001133016088828473
2023-01-29,477364,0.0,4307.29,23.79,0.0,0.0,0.0,8393.219999999972,627596.39,452.01,0.05409751382789936,0.033852323661241523,0.0
2023-01-30,477169,0.0,4307.29,23.79,0.0,0.0,0.0,8302.140000000014,627880.52,452.01,0.14898865964736382,0.10922966849510679,0.0
2023-01-31,476638,0.0,4307.29,23.79,0.0,0.0,0.0,7920.989999999991,628787.36,452.01,0.15692063124010455,0.11436070491188322,0.00012498437695288218
2023-02-01,476105,0.0,4307.29,23.79,0.0,0.0,0.0,7541.820000000065,629693.21,453.0,0.13713420302708987,0.0874245208716302,0.0
2023-02-02,475662,0.0,4307.29,23.79,0.0,0.0,0.0,7321.04999999993,630352.55,453.0,0.12671838878186725,0.08668018931710253,0.00013522650439486394
2023-02-03,475265,0.0,4307.29,23.79,0.0,0.0,0.0,7078.5,630987.14,453.99,0.13744762108794806,0.09622377622377556,0.00013986013986014113
2023-02-04,474849,0.0,4307.29,23.79,0.0,0.0,0.0,6808.229999999981,631668.26,454.98,0.14027858692121936,0.06674421986331747,0.0
2023-02-05,474441,0.0,4307.29,23.79,0.0,0.0,0.0,6757.739999999991,632122.67,454.98,0.038482232011066264,0.03076472311749543,0.0
2023-02-06,474330,0.0,4307.29,23.79,0.0,0.0,0.0,6659.729999999981,632330.5700000001,454.98,0.16150889130492607,0.04296120112977355,0.0
2023-02-07,473871,0.0,4307.29,23.79,0.0,0.0,0.0,6828.0299999999115,632616.68,454.98,0.16248996856011033,0.07148035377699792,0.0001449905756125884
2023-02-08,473398,0.0,4307.29,23.79,0.0,0.0,0.0,6807.239999999991,633104.75,455.97,0.15038688849482743,0.11925538103549276,0.0
2023-02-09,472962,0.0,4307.29,23.79,0.0,0.0,0.0,6427.079999999958,633916.55,455.97,0.13163867799409293,0.12846580406654934,0.0
2023-02-10,472602,0.0,4307.29,23.79,0.0,0.0,0.0,5957.819999999949,634742.2100000001,455.97,0.1263246230967274,0.11482220006646278,0.0
2023-02-11,472282,0.0,4307.29,23.79,0.0,0.0,0.0,5590.530000000028,635426.3,455.97,0.14018799470060792,0.09987604037541759,0.00017708517797059443
2023-02-12,471949,0.0,4307.29,23.79,0.0,0.0,0.0,5360.849999999977,635984.66,456.96,0.059749069831866425,0.036011080332418816,0.0
2023-02-13,471813,0.0,4307.29,23.79,0.0,0.0,0.0,5302.439999999944,636177.7100000001,456.96,0.15150594656789151,0.09914115011201441,0.0
2023-02-14,471472,0.0,4307.29,23.79,0.0,0.0,0.0,5114.339999999967,636703.4,456.96,0.17885751373863862,0.10298102981030878,0.00019357336430507463
2023-02-15,471084,0.0,4307.29,23.79,0.0,0.0,0.0,4970.789999999921,637230.0800000001,457.95,0.15569370004888106,0.08803027285400612,0.00019916351324437864
2023-02-16,470756,0.0,4307.29,23.79,0.0,0.0,0.0,4856.9400000000605,637667.66,458.94,0.1273689752982581,0.08092132083163947,0.0
2023-02-17,470494,0.0,4307.29,23.79,0.0,0.0,0.0,4723.290000000037,638060.6900000001,458.94,0.13154611120853793,0.08698386082579242,0.00020959966464053684
2023-02-18,470231,0.0,4307.29,23.79,0.0,0.0,0.0,4571.820000000065,638471.5399999999,459.93,0.14063372826281131,0.08834993503682038,0.0
2023-02-19,469959,0.0,4307.29,23.79,0.0,0.0,0.0,4437.179999999935,638875.46,459.93,0.036779264400954165,0.024765729585010207,0.0
2023-02-20,469890,0.0,4307.29,23.79,0.0,0.0,0.0,4395.599999999977,638985.35,459.93,0.1280806596675211,0.10337837837835985,0.0
2023-02-21,469652,0.0,4307.29,23.79,0.0,0.0,0.0,4176.810000000056,639439.7599999999,459.93,0.16375626063801524,0.1121118748518636,0.0
2023-02-22,469363,0.0,4307.29,23.79,0.0,0.0,0.0,3994.6500000000233,639908.0299999999,459.93,0.12449521972146517,0.10805452292441427,0.0
2023-02-23,469153,0.0,4307.29,23.79,0.0,0.0,0.0,3770.9100000000326,640339.6699999999,459.93,0.13005607598108507,0.09425045943818058,0.00026253609871357324
2023-02-24,468946,0.0,4307.29,23.79,0.0,0.0,0.0,3619.439999999944,640695.08,460.92,0.15454990823921672,0.08752735229760722,0.0
2023-02-25,468710,0.0,4307.29,23.79,0.0,0.0,0.0,3536.2799999999115,641011.88,460.92,0.1173567706967687,0.09322508398654342,0.0
2023-02-26,468535,0.0,4307.29,23.79,0.0,0.0,0.0,3379.859999999986,641341.5499999999,460.92,0.05474882698628959,0.03954305799649211,0.00029291154071470806
2023-02-27,468457,0.0,4307.29,23.79,0.0,0.0,0.0,3322.4400000000605,641475.2,461.91,0.14354568557551867,0.10160905840284888,0.0
2023-02-28,468256,0.0,4307.29,23.79,0.0,0.0,0.0,3183.840000000084,641812.7899999999,461.91,0.19981181946057472,0.12033582089552068,0.0003109452736318176
2023-03-01,467988,0.0,4307.29,23.79,0.0,0.0,0.0,3065.0400000000373,642195.9199999999,462.9,0.1278598075594979,0.10594315245480794,0.0
2023-03-02,467823,0.0,4307.29,23.79,0.0,0.0,0.0,2903.6699999999255,642520.64,462.9,0.140740984855231,0.08932833276509083,0.0
2023-03-03,467651,0.0,4307.29,23.79,0.0,0.0,0.0,2814.569999999949,642780.02,462.9,0.16720614517866145,0.0925079141751671,0.0
2023-03-04,467453,0.0,4307.29,23.79,0.0,0.0,0.0,2750.219999999972,643040.39,462.9,0.17119093697684218,0.0979121670266067,0.0
2023-03-05,467255,0.0,4307.29,23.79,0.0,0.0,0.0,2676.960000000079,643309.6699999999,462.9,0.04354328667892085,0.025517751479310062,0.0
2023-03-06,467206,0.0,4307.29,23.79,0.0,0.0,0.0,2657.1600000000326,643377.98,462.9,0.17101264167256996,0.08830104321907667,0.0003725782414306993
2023-03-07,467015,0.0,4307.29,23.79,0.0,0.0,0.0,2610.6300000000047,643612.61,463.89,0.19601227607975388,0.10959423587409381,0.0
2023-03-08,466800,0.0,4307.29,23.79,0.0,0.0,0.0,2537.3699999999953,643898.72,463.89,0.167042245774938,0.08193523214983375,0.0
2023-03-09,466622,0.0,4307.29,23.79,0.0,0.0,0.0,2505.689999999944,644106.62,463.89,0.14830405088674328,0.08178585539310106,0.0
2023-03-10,466466,0.0,4307.29,23.79,0.0,0.0,0.0,2455.20000000007,644311.5499999999,463.89,0.15722771794175197,0.09516129032258362,0.0
2023-03-11,466304,0.0,4307.29,23.79,0.0,0.0,0.0,2381.9400000000605,644545.19,463.89,0.1511116524770819,0.07273482959268311,0.0
2023-03-12,466153,0.0,4307.29,23.79,0.0,0.0,0.0,2358.180000000051,644718.44,463.89,0.04954634367307068,0.03232577665831113,0.0004198152812762332
2023-03-13,466104,0.0,4307.29,23.79,0.0,0.0,0.0,2329.469999999972,644794.67,464.88,0.17607976956404187,0.08542286442838631,0.0
2023-03-14,465932,0.0,4307.29,23.79,0.0,0.0,0.0,2300.7600000000093,644993.66,464.88,0.16071588615613924,0.11531841652321308,0.0
2023-03-15,465777,0.0,4307.29,23.79,0.0,0.0,0.0,2188.890000000014,645258.98,464.88,0.16135435993193073,0.07462686567163068,0.0
2023-03-16,465629,0.0,4307.29,23.79,0.0,0.0,0.0,2172.060000000056,645422.33,464.88,0.1274873566551409,0.0783956244302752,0.0
2023-03-17,465513,0.0,4307.29,23.79,0.0,0.0,0.0,2116.6199999999953,645592.61,464.88,0.12409061645032668,0.09260991580917645,0.0
2023-03-18,465403,0.0,4307.29,23.79,0.0,0.0,0.0,2029.5,645788.63,464.88,0.11061921839257799,0.09658536585366771,0.0
2023-03-19,465309,0.0,4307.29,23.79,0.0,0.0,0.0,1926.5399999999208,645984.65,464.88,0.05331751973051172,0.025179856115113784,0.0
2023-03-20,465266,0.0,4307.29,23.79,0.0,0.0,0.0,1920.5999999999767,646033.16,464.88,0.14802316497721624,0.0984536082474069,0.0
2023-03-21,465147,0.0,4307.29,23.79,0.0,0.0,0.0,1849.3199999999488,646222.25,464.88,0.1977015644829776,0.11509635974303128,0.0
2023-03-22,464994,0.0,4307.29,23.79,0.0,0.0,0.0,1787.9400000000605,646435.1,464.88,0.15776210184704642,0.0985603543742889,0.0
2023-03-23,464876,0.0,4307.29,23.79,0.0,0.0,0.0,1728.5400000000373,646611.32,464.88,0.17152447219983757,0.08934707903783379,0.0
2023-03-24,464752,0.0,4307.29,23.79,0.0,0.0,0.0,1696.859999999986,646765.76,464.88,0.1099381157259364,0.0945157526254411,0.0
2023-03-25,464674,0.0,4307.29,23.79,0.0,0.0,0.0,1613.6999999999534,646926.14,464.88,0.12748181712248213,0.09263803680981285,0.0
2023-03-26,464588,0.0,4307.29,23.79,0.0,0.0,0.0,1549.3499999999767,647075.63,464.88,0.06794478331428234,0.031309904153361115,0.0
2023-03-27,464544,0.0,4307.29,23.79,0.0,0.0,0.0,1544.4000000000233,647124.14,464.88,0.14563379660539236,0.11025641025642668,0.0
2023-03-28,464450,0.0,4307.29,23.79,0.0,0.0,0.0,1467.1799999999348,647294.42,464.88,0.17942844183673126,0.10458839406205118,0.0
2023-03-29,464340,0.0,4307.29,23.79,0.0,0.0,0.0,1422.6300000000047,647447.87,464.88,0.18509112341762085,0.1029923451635479,0.0
2023-03-30,464230,0.0,4307.29,23.79,0.0,0.0,0.0,1385.0100000000093,647594.39,464.88,0.1555884534263087,0.08291636883485796,0.0
2023-03-31,464140,0.0,4307.29,23.79,0.0,0.0,0.0,1359.2700000000186,647709.23,464.88,0.19732597571537638,0.08011653313912746,0.0
2023-04-01,464028,0.0,4307.29,23.79,0.0,0.0,0.0,1361.25,647818.13,464.88,0.17421040109648556,0.0683636363635919,0.0
2023-04-02,463929,0.0,4307.29,23.79,0.0,0.0,0.0,1366.2000000000698,647911.19,464.88,0.06313317995528792,0.031159420289901197,0.0
2023-04-03,463893,0.0,4307.29,23.79,0.0,0.0,0.0,1359.2700000000186,647953.76,464.88,0.21682159077266008,0.08667152221408392,0.0
2023-04-04,463770,0.0,4307.29,23.79,0.0,0.0,0.0,1363.2300000000978,648071.57,464.88,0.27954150794920524,0.11111111111116805,0.0
2023-04-05,463611,0.0,4307.29,23.79,0.0,0.0,0.0,1369.1699999999255,648223.04,464.88,0.15934970059369136,0.08532176428051676,0.0
2023-04-06,463520,0.0,4307.29,23.79,0.0,0.0,0.0,1342.4400000000605,648339.86,464.88,0.13397348893881073,0.09144542772861639,0.0
2023-04-07,463445,0.0,4307.29,23.79,0.0,0.0,0.0,1293.9300000000512,648462.62,464.88,0.15570095232451617,0.059678653404719735,0.0
2023-04-08,463361,0.0,4307.29,23.79,0.0,0.0,0.0,1299.8699999999953,648539.84,464.88,0.14948120383759964,0.06549885757807648,0.0
2023-04-09,463280,0.0,4307.29,23.79,0.0,0.0,0.0,1294.920000000042,648624.98,464.88,0.07967148848761688,0.03363914373092891,0.0
2023-04-10,463237,0.0,4307.29,23.79,0.0,0.0,0.0,1293.9299999999348,648668.54,464.88,0.14649878901217872,0.07192042846208385,0.0
2023-04-11,463158,0.0,4307.29,23.79,0.0,0.0,0.0,1279.0800000000745,648761.6,464.88,0.19325525520935585,0.08513931888546215,0.0
2023-04-12,463055,0.0,4307.29,23.79,0.0,0.0,0.0,1272.1500000000233,648870.5,464.88,0.2094464696838464,0.08560311284048366,0.0
2023-04-13,462944,0.0,4307.29,23.79,0.0,0.0,0.0,1273.140000000014,648979.4,464.88,0.152757084861765,0.06998444790044751,0.0
2023-04-14,462863,0.0,4307.29,23.79,0.0,0.0,0.0,1264.2299999999814,649068.5,464.88,0.15576011554560742,0.08770555990603474,0.0
2023-04-15,462781,0.0,4307.29,23.79,0.0,0.0,0.0,1234.530000000028,649179.38,464.88,0.16926339612241742,0.07939053728950053,0.0
2023-04-16,462694,0.0,4307.29,23.79,0.0,0.0,0.0,1222.6500000000233,649277.39,464.88,0.08252285344049597,0.029149797570861072,0.0
2023-04-17,462652,0.0,4307.29,23.79,0.0,0.0,0.0,1228.5899999999674,649313.03,464.88,0.24248296352745619,0.0991136180499775,0.0
2023-04-18,462528,0.0,4307.29,23.79,0.0,0.0,0.0,1229.579999999958,649434.8,464.88,0.26971508271452116,0.1280193236714338,0.0
2023-04-19,462390,0.0,4307.29,23.79,0.0,0.0,0.0,1208.7900000000373,649592.21,464.88,0.23665115898294953,0.07452907452914158,0.0
2023-04-20,462271,0.0,4307.29,23.79,0.0,0.0,0.0,1236.509999999893,649682.3,464.88,0.22362714744396642,0.060048038430749795,0.0
2023-04-21,462156,0.0,4307.29,23.79,0.0,0.0,0.0,1276.109999999986,649756.55,464.88,0.19412500640990252,0.06516679596580004,0.0
2023-04-22,462053,0.0,4307.29,23.79,0.0,0.0,0.0,1294.920000000042,649839.71,464.88,0.18205906532122024,0.0619266055046319,0.0
2023-04-23,461955,0.0,4307.29,23.79,0.0,0.0,0.0,1311.75,649919.9,464.88,0.08893572788218249,0.032452830188640196,0.0
2023-04-24,461907,0.0,4307.29,23.79,0.0,0.0,0.0,1317.1800000000512,649962.47,464.88,0.2159096043347134,0.059376850544402525,0.0
2023-04-25,461790,0.0,4307.29,23.79,0.0,0.0,0.0,1355.969999999972,650040.68,464.88,0.1990279844635463,0.0752007787782725,0.0
2023-04-26,461679,0.0,4307.29,23.79,0.0,0.0,0.0,1365.0,650142.65,464.88,0.23517271371819662,0.08050549450550475,0.0
2023-04-27,461547,0.0,4307.29,23.79,0.0,0.0,0.0,1387.109999999986,650252.54,464.88,0.2683183453651066,0.05781084412912093,0.0
2023-04-28,461394,0.0,4307.29,23.79,0.0,0.0,0.0,1459.920000000042,650332.73,464.88,0.27002239511257226,0.055605786618478335,0.0
2023-04-29,461232,0.0,4307.29,23.79,0.0,0.0,0.0,1540.7399999999907,650413.91,464.88,0.2512083710201708,0.05590170956813296,0.0
2023-04-30,461073,0.0,4307.29,23.79,0.0,0.0,0.0,1613.609999999986,650500.04,464.88,0.07092761582063513,0.025768308327265232,0.0
2023-05-01,461026,0.0,4307.29,23.79,0.0,0.0,0.0,1619.030000000028,650541.62,464.88,0.2993357120583434,0.07582317807576586,0.0
2023-05-02,460827,0.0,4307.29,23.79,0.0,0.0,0.0,1695.2700000000186,650664.38,464.88,0.2586910974430588,0.08058893273637464,0.0
2023-05-03,460647,0.0,4307.29,23.79,0.0,0.0,0.0,1738.6500000000233,650801.0,464.88,0.0,0.0,0.0
