deathCnt,defCnt,gubun,gubunEn,incDec,isolClearCnt,isolIngCnt,localOccCnt,overFlowCnt,qurRate,stdDay
0,0,堡林,Gwangju,0.0,0,0,0,0,0.0,2020-01-20
0,0,堡林,Gwangju,0.0,0,0,0,0,0.0,2020-01-21
0,0,堡林,Gwangju,0.0,0,0,0,0,0.0,2020-01-22
0,0,堡林,Gwangju,0.0,0,0,0,0,0.0,2020-01-23
0,0,堡林,Gwangju,0.0,0,0,0,0,0.0,2020-01-24
0,0,堡林,Gwangju,0.0,0,0,0,0,0.0,2020-01-25
0,0,堡林,Gwangju,0.0,0,0,0,0,0.0,2020-01-26
0,0,堡林,Gwangju,0.0,0,0,0,0,0.0,2020-01-27
0,0,堡林,Gwangju,0.0,0,0,0,0,0.0,2020-01-28
0,0,堡林,Gwangju,0.0,0,0,0,0,0.0,2020-01-29
0,0,堡林,Gwangju,0.0,0,0,0,0,0.0,2020-01-30
0,0,堡林,Gwangju,0.0,0,0,0,0,0.0,2020-01-31
0,0,堡林,Gwangju,0.0,0,0,0,0,0.0,2020-02-01
0,0,堡林,Gwangju,0.0,0,0,0,0,0.0,2020-02-02
0,0,堡林,Gwangju,0.0,0,0,0,0,0.0,2020-02-03
0,1,堡林,Gwangju,1.0,0,1,0,1,0.0,2020-02-04
0,2,堡林,Gwangju,1.0,0,2,1,0,0.0,2020-02-05
0,2,堡林,Gwangju,0.0,0,2,0,0,0.0,2020-02-06
0,2,堡林,Gwangju,0.0,0,2,0,0,0.0,2020-02-07
0,2,堡林,Gwangju,0.0,0,2,0,0,0.0,2020-02-08
0,2,堡林,Gwangju,0.0,0,2,0,0,0.0,2020-02-09
0,2,堡林,Gwangju,0.0,0,2,0,0,0.0,2020-02-10
0,2,堡林,Gwangju,0.0,0,2,0,0,0.0,2020-02-11
0,2,堡林,Gwangju,0.0,0,2,0,0,0.0,2020-02-12
0,2,堡林,Gwangju,0.0,0,2,0,0,0.0,2020-02-13
0,2,堡林,Gwangju,0.0,0,2,0,0,0.0,2020-02-14
0,2,堡林,Gwangju,0.0,0,2,0,0,0.0,2020-02-15
0,2,堡林,Gwangju,0.0,0,2,0,0,0.0,2020-02-16
0,2,堡林,Gwangju,0.0,0,2,0,0,0.0,2020-02-17
0,2,堡林,Gwangju,0.0,0,2,0,0,0.0,2020-02-18
0,2,堡林,Gwangju,0.0,0,2,0,0,0.0,2020-02-19
0,2,堡林,Gwangju,0.0,1,1,0,0,0.0,2020-02-20
0,3,堡林,Gwangju,1.0,1,2,1,0,0.0,2020-02-21
0,6,堡林,Gwangju,3.0,1,5,3,0,0.0,2020-02-22
0,7,堡林,Gwangju,1.0,1,6,1,0,0.0,2020-02-23
0,9,堡林,Gwangju,2.0,1,8,2,0,0.0,2020-02-24
0,9,堡林,Gwangju,0.0,2,7,0,0,0.0,2020-02-25
0,9,堡林,Gwangju,0.0,2,7,0,0,0.0,2020-02-26
0,9,堡林,Gwangju,0.0,2,7,0,0,0.0,2020-02-27
0,9,堡林,Gwangju,0.0,2,7,0,0,0.0,2020-02-28
0,9,堡林,Gwangju,0.0,2,7,0,0,0.0,2020-02-29
0,9,堡林,Gwangju,0.0,2,7,0,0,0.0,2020-03-01
0,9,堡林,Gwangju,0.0,2,7,0,0,0.62,2020-03-02
0,11,堡林,Gwangju,2.0,2,9,1,1,0.76,2020-03-03
0,13,堡林,Gwangju,2.0,2,11,2,0,0.89,2020-03-04
0,13,堡林,Gwangju,0.0,3,10,0,0,0.89,2020-03-05
0,13,堡林,Gwangju,0.0,4,9,0,0,0.89,2020-03-06
0,13,堡林,Gwangju,0.0,4,9,0,0,0.89,2020-03-07
0,13,堡林,Gwangju,0.0,5,8,0,0,0.89,2020-03-08
0,15,堡林,Gwangju,2.0,6,9,2,0,1.03,2020-03-09
0,15,堡林,Gwangju,0.0,6,9,0,0,1.03,2020-03-10
0,15,堡林,Gwangju,0.0,6,9,0,0,1.03,2020-03-11
0,15,堡林,Gwangju,0.0,7,8,0,0,1.03,2020-03-12
0,15,堡林,Gwangju,0.0,9,6,0,0,1.03,2020-03-13
0,15,堡林,Gwangju,0.0,9,6,0,0,1.03,2020-03-14
0,16,堡林,Gwangju,1.0,9,7,0,1,1.1,2020-03-15
0,16,堡林,Gwangju,0.0,9,7,0,0,1.1,2020-03-16
0,16,堡林,Gwangju,0.0,9,7,0,0,1.1,2020-03-17
0,17,堡林,Gwangju,1.0,9,8,1,0,1.17,2020-03-18
0,17,堡林,Gwangju,0.0,9,8,0,0,1.17,2020-03-19
0,18,堡林,Gwangju,1.0,9,9,1,0,1.24,2020-03-20
0,18,堡林,Gwangju,0.0,9,9,0,0,1.24,2020-03-21
0,19,堡林,Gwangju,1.0,10,9,0,1,1.3,2020-03-22
0,19,堡林,Gwangju,0.0,10,9,0,0,1.3,2020-03-23
0,19,堡林,Gwangju,0.0,11,8,0,0,1.3,2020-03-24
0,19,堡林,Gwangju,0.0,11,8,0,0,1.3,2020-03-25
0,19,堡林,Gwangju,0.0,11,8,0,0,1.3,2020-03-26
0,20,堡林,Gwangju,1.0,11,9,0,1,1.37,2020-03-27
0,20,堡林,Gwangju,0.0,11,9,0,0,1.37,2020-03-28
0,20,堡林,Gwangju,0.0,11,9,0,0,1.37,2020-03-29
0,20,堡林,Gwangju,0.0,13,7,0,0,1.37,2020-03-30
0,20,堡林,Gwangju,0.0,14,6,0,0,1.37,2020-03-31
0,24,堡林,Gwangju,4.0,14,10,1,3,1.65,2020-04-01
0,25,堡林,Gwangju,1.0,14,11,0,1,1.72,2020-04-02
0,26,堡林,Gwangju,1.0,15,11,0,1,1.78,2020-04-03
0,26,堡林,Gwangju,0.0,15,11,0,0,1.78,2020-04-04
0,27,堡林,Gwangju,1.0,15,12,0,1,1.85,2020-04-05
0,27,堡林,Gwangju,0.0,15,12,0,0,1.85,2020-04-06
0,27,堡林,Gwangju,0.0,15,12,0,0,1.85,2020-04-07
0,27,堡林,Gwangju,0.0,15,12,0,0,1.85,2020-04-08
0,27,堡林,Gwangju,0.0,15,12,0,0,1.85,2020-04-09
0,27,堡林,Gwangju,0.0,15,12,0,0,1.85,2020-04-10
0,27,堡林,Gwangju,0.0,17,10,0,0,1.85,2020-04-11
0,27,堡林,Gwangju,0.0,19,8,0,0,1.85,2020-04-12
0,27,堡林,Gwangju,0.0,19,8,0,0,1.85,2020-04-13
0,27,堡林,Gwangju,0.0,21,6,0,0,1.85,2020-04-14
0,28,堡林,Gwangju,1.0,21,7,0,1,1.92,2020-04-15
0,28,堡林,Gwangju,0.0,22,6,0,0,1.92,2020-04-16
0,30,堡林,Gwangju,2.0,22,8,0,2,2.06,2020-04-17
0,30,堡林,Gwangju,0.0,22,8,0,0,2.06,2020-04-18
0,30,堡林,Gwangju,0.0,22,8,0,0,2.06,2020-04-19
0,30,堡林,Gwangju,0.0,22,8,0,0,2.06,2020-04-20
0,30,堡林,Gwangju,0.0,22,8,0,0,2.06,2020-04-21
0,30,堡林,Gwangju,0.0,22,8,0,0,2.06,2020-04-22
0,30,堡林,Gwangju,0.0,24,6,0,0,2.06,2020-04-23
0,30,堡林,Gwangju,0.0,24,6,0,0,2.06,2020-04-24
0,30,堡林,Gwangju,0.0,25,5,0,0,2.06,2020-04-25
0,30,堡林,Gwangju,0.0,25,5,0,0,2.06,2020-04-26
0,30,堡林,Gwangju,0.0,25,5,0,0,2.06,2020-04-27
0,30,堡林,Gwangju,0.0,25,5,0,0,2.06,2020-04-28
0,30,堡林,Gwangju,0.0,26,4,0,0,2.06,2020-04-29
0,30,堡林,Gwangju,0.0,27,3,0,0,2.06,2020-04-30
0,30,堡林,Gwangju,0.0,27,3,0,0,2.06,2020-05-01
0,30,堡林,Gwangju,0.0,28,2,0,0,2.06,2020-05-02
0,30,堡林,Gwangju,0.0,28,2,0,0,2.06,2020-05-03
0,30,堡林,Gwangju,0.0,28,2,0,0,2.06,2020-05-04
0,30,堡林,Gwangju,0.0,28,2,0,0,2.06,2020-05-05
0,30,堡林,Gwangju,0.0,28,2,0,0,2.06,2020-05-06
0,30,堡林,Gwangju,0.0,28,2,0,0,2.06,2020-05-07
0,30,堡林,Gwangju,0.0,28,2,0,0,2.06,2020-05-08
0,30,堡林,Gwangju,0.0,29,1,0,0,2.06,2020-05-09
0,30,堡林,Gwangju,0.0,30,0,0,0,2.06,2020-05-10
0,30,堡林,Gwangju,0.0,30,0,0,0,2.06,2020-05-11
0,30,堡林,Gwangju,0.0,30,0,0,0,2.06,2020-05-12
0,30,堡林,Gwangju,0.0,30,0,0,0,2.06,2020-05-13
0,30,堡林,Gwangju,0.0,30,0,0,0,2.06,2020-05-14
0,30,堡林,Gwangju,0.0,30,0,0,0,2.06,2020-05-15
0,30,堡林,Gwangju,0.0,30,0,0,0,2.06,2020-05-16
0,30,堡林,Gwangju,0.0,30,0,0,0,2.06,2020-05-17
0,30,堡林,Gwangju,0.0,30,0,0,0,2.06,2020-05-18
0,30,堡林,Gwangju,0.0,30,0,0,0,2.06,2020-05-19
0,30,堡林,Gwangju,0.0,30,0,0,0,2.06,2020-05-20
0,30,堡林,Gwangju,0.0,30,0,0,0,2.06,2020-05-21
0,30,堡林,Gwangju,0.0,30,0,0,0,2.06,2020-05-22
0,30,堡林,Gwangju,0.0,30,0,0,0,2.06,2020-05-23
0,30,堡林,Gwangju,0.0,30,0,0,0,2.06,2020-05-24
0,30,堡林,Gwangju,0.0,30,0,0,0,2.06,2020-05-25
0,30,堡林,Gwangju,0.0,30,0,0,0,2.06,2020-05-26
0,30,堡林,Gwangju,0.0,30,0,0,0,2.06,2020-05-27
0,30,堡林,Gwangju,0.0,30,0,0,0,2.06,2020-05-28
0,30,堡林,Gwangju,0.0,30,0,0,0,2.06,2020-05-29
0,32,堡林,Gwangju,2.0,30,2,0,2,2.2,2020-05-30
0,32,堡林,Gwangju,0.0,30,2,0,0,2.2,2020-05-31
0,32,堡林,Gwangju,0.0,30,2,0,0,2.2,2020-06-01
0,32,堡林,Gwangju,0.0,30,2,0,0,2.2,2020-06-02
0,32,堡林,Gwangju,0.0,30,2,0,0,2.2,2020-06-03
0,32,堡林,Gwangju,0.0,30,2,0,0,2.2,2020-06-04
0,32,堡林,Gwangju,0.0,30,2,0,0,2.2,2020-06-05
0,32,堡林,Gwangju,0.0,30,2,0,0,2.2,2020-06-06
0,32,堡林,Gwangju,0.0,30,2,0,0,2.2,2020-06-07
0,32,堡林,Gwangju,0.0,30,2,0,0,2.2,2020-06-08
0,32,堡林,Gwangju,0.0,30,2,0,0,2.2,2020-06-09
0,32,堡林,Gwangju,0.0,30,2,0,0,2.2,2020-06-10
0,32,堡林,Gwangju,0.0,30,2,0,0,2.2,2020-06-11
0,32,堡林,Gwangju,0.0,30,2,0,0,2.2,2020-06-12
0,32,堡林,Gwangju,0.0,30,2,0,0,2.2,2020-06-13
0,32,堡林,Gwangju,0.0,30,2,0,0,2.2,2020-06-14
0,32,堡林,Gwangju,0.0,30,2,0,0,2.2,2020-06-15
0,32,堡林,Gwangju,0.0,32,0,0,0,2.2,2020-06-16
0,32,堡林,Gwangju,0.0,32,0,0,0,2.2,2020-06-17
0,32,堡林,Gwangju,0.0,32,0,0,0,2.2,2020-06-18
0,32,堡林,Gwangju,0.0,32,0,0,0,2.2,2020-06-19
0,32,堡林,Gwangju,0.0,32,0,0,0,2.2,2020-06-20
0,33,堡林,Gwangju,1.0,32,1,1,0,2.27,2020-06-21
0,33,堡林,Gwangju,0.0,32,1,0,0,2.27,2020-06-22
0,33,堡林,Gwangju,0.0,32,1,0,0,2.27,2020-06-23
0,33,堡林,Gwangju,0.0,32,1,0,0,2.27,2020-06-24
0,33,堡林,Gwangju,0.0,32,1,0,0,2.27,2020-06-25
0,33,堡林,Gwangju,0.0,32,1,0,0,2.27,2020-06-26
0,33,堡林,Gwangju,0.0,32,1,0,0,2.27,2020-06-27
0,37,堡林,Gwangju,4.0,32,5,4,0,2.54,2020-06-28
0,41,堡林,Gwangju,4.0,32,9,3,1,2.81,2020-06-29
0,44,堡林,Gwangju,3.0,32,12,3,0,3.02,2020-06-30
0,56,堡林,Gwangju,12.0,32,24,12,0,3.84,2020-07-01
0,78,堡林,Gwangju,22.0,32,46,22,0,5.35,2020-07-02
0,84,堡林,Gwangju,6.0,32,52,6,0,5.77,2020-07-03
0,92,堡林,Gwangju,8.0,32,60,8,0,6.32,2020-07-04
0,108,堡林,Gwangju,16.0,32,76,15,1,7.41,2020-07-05
0,115,堡林,Gwangju,7.0,33,82,7,0,7.89,2020-07-06
0,121,堡林,Gwangju,6.0,33,88,6,0,8.31,2020-07-07
0,129,堡林,Gwangju,8.0,35,94,7,1,8.86,2020-07-08
0,144,堡林,Gwangju,15.0,35,109,15,0,9.89,2020-07-09
0,147,堡林,Gwangju,3.0,36,111,3,0,10.09,2020-07-10
0,156,堡林,Gwangju,9.0,40,116,9,0,10.71,2020-07-11
0,161,堡林,Gwangju,5.0,43,118,5,0,11.05,2020-07-12
0,168,堡林,Gwangju,7.0,44,124,6,1,11.53,2020-07-13
0,169,堡林,Gwangju,1.0,53,116,0,1,11.6,2020-07-14
0,170,堡林,Gwangju,1.0,56,114,1,0,11.67,2020-07-15
0,171,堡林,Gwangju,1.0,62,109,1,0,11.74,2020-07-16
1,176,堡林,Gwangju,5.0,70,105,5,0,12.08,2020-07-17
1,176,堡林,Gwangju,0.0,76,99,0,0,12.08,2020-07-18
1,186,堡林,Gwangju,10.0,86,99,10,0,12.77,2020-07-19
2,187,堡林,Gwangju,1.0,89,96,1,0,12.84,2020-07-20
2,187,堡林,Gwangju,0.0,94,91,0,0,12.84,2020-07-21
2,191,堡林,Gwangju,4.0,101,88,1,3,13.11,2020-07-22
2,200,堡林,Gwangju,9.0,112,86,9,0,13.73,2020-07-23
2,202,堡林,Gwangju,2.0,115,85,2,0,13.87,2020-07-24
2,202,堡林,Gwangju,0.0,119,81,0,0,13.87,2020-07-25
2,203,堡林,Gwangju,1.0,122,79,1,0,13.94,2020-07-26
2,203,堡林,Gwangju,0.0,123,78,0,0,13.94,2020-07-27
2,203,堡林,Gwangju,0.0,127,74,0,0,13.94,2020-07-28
2,204,堡林,Gwangju,1.0,132,70,0,1,14.0,2020-07-29
2,204,堡林,Gwangju,0.0,133,69,0,0,14.0,2020-07-30
2,204,堡林,Gwangju,0.0,135,67,0,0,14.0,2020-07-31
2,204,堡林,Gwangju,0.0,141,61,0,0,14.0,2020-08-01
2,205,堡林,Gwangju,1.0,142,61,0,1,14.07,2020-08-02
2,205,堡林,Gwangju,0.0,145,58,0,0,14.07,2020-08-03
2,207,堡林,Gwangju,2.0,150,55,1,1,14.21,2020-08-04
2,208,堡林,Gwangju,1.0,155,51,0,1,14.28,2020-08-05
2,208,堡林,Gwangju,0.0,163,43,0,0,14.28,2020-08-06
2,208,堡林,Gwangju,0.0,167,39,0,0,14.28,2020-08-07
2,208,堡林,Gwangju,0.0,170,36,0,0,14.28,2020-08-08
2,210,堡林,Gwangju,2.0,171,37,2,0,14.42,2020-08-09
2,210,堡林,Gwangju,0.0,174,34,0,0,14.42,2020-08-10
2,210,堡林,Gwangju,0.0,178,30,0,0,14.42,2020-08-11
2,216,堡林,Gwangju,6.0,185,29,0,6,14.83,2020-08-12
2,218,堡林,Gwangju,2.0,186,30,1,1,14.97,2020-08-13
2,220,堡林,Gwangju,2.0,191,27,2,0,15.1,2020-08-14
2,221,堡林,Gwangju,1.0,194,25,1,0,15.17,2020-08-15
2,228,堡林,Gwangju,7.0,196,30,7,0,15.65,2020-08-16
2,235,堡林,Gwangju,7.0,197,36,7,0,16.13,2020-08-17
2,239,堡林,Gwangju,4.0,198,39,3,1,16.41,2020-08-18
2,245,堡林,Gwangju,6.0,200,43,4,2,16.82,2020-08-19
2,246,堡林,Gwangju,1.0,207,37,1,0,16.89,2020-08-20
2,251,堡林,Gwangju,5.0,207,42,5,0,17.23,2020-08-21
2,262,堡林,Gwangju,11.0,208,52,9,2,17.99,2020-08-22
2,279,堡林,Gwangju,17.0,212,65,15,2,19.15,2020-08-23
2,280,堡林,Gwangju,1.0,214,64,1,0,19.22,2020-08-24
2,284,堡林,Gwangju,4.0,214,68,4,0,19.5,2020-08-25
2,291,堡林,Gwangju,7.0,216,73,7,0,19.98,2020-08-26
2,330,堡林,Gwangju,39.0,218,110,39,0,22.65,2020-08-27
2,347,堡林,Gwangju,17.0,220,125,17,0,23.82,2020-08-28
2,363,堡林,Gwangju,16.0,220,141,14,2,24.92,2020-08-29
2,365,堡林,Gwangju,2.0,236,127,2,0,25.06,2020-08-30
2,374,堡林,Gwangju,9.0,237,135,9,0,25.67,2020-08-31
2,378,堡林,Gwangju,4.0,237,139,4,0,25.95,2020-09-01
2,388,堡林,Gwangju,10.0,244,142,10,0,26.64,2020-09-02
2,394,堡林,Gwangju,6.0,257,135,6,0,27.05,2020-09-03
2,405,堡林,Gwangju,11.0,268,135,10,1,27.8,2020-09-04
2,413,堡林,Gwangju,8.0,271,140,8,0,28.35,2020-09-05
2,420,堡林,Gwangju,7.0,274,144,7,0,28.83,2020-09-06
2,429,堡林,Gwangju,9.0,281,146,7,2,29.45,2020-09-07
2,442,堡林,Gwangju,13.0,288,152,12,1,30.34,2020-09-08
2,459,堡林,Gwangju,17.0,297,160,17,0,31.51,2020-09-09
2,464,堡林,Gwangju,5.0,303,159,5,0,31.85,2020-09-10
2,472,堡林,Gwangju,8.0,321,149,7,1,32.4,2020-09-11
3,475,堡林,Gwangju,3.0,322,150,3,0,32.61,2020-09-12
3,478,堡林,Gwangju,3.0,348,127,2,1,32.81,2020-09-13
3,481,堡林,Gwangju,3.0,348,130,3,0,33.02,2020-09-14
3,482,堡林,Gwangju,1.0,360,119,1,0,33.09,2020-09-15
3,484,堡林,Gwangju,2.0,372,109,2,0,33.23,2020-09-16
3,485,堡林,Gwangju,1.0,386,96,1,0,33.29,2020-09-17
3,485,堡林,Gwangju,0.0,400,82,0,0,33.29,2020-09-18
3,485,堡林,Gwangju,0.0,412,70,0,0,33.29,2020-09-19
3,485,堡林,Gwangju,0.0,422,60,0,0,33.29,2020-09-20
3,486,堡林,Gwangju,1.0,423,60,0,1,33.36,2020-09-21
3,486,堡林,Gwangju,0.0,432,51,0,0,33.36,2020-09-22
3,488,堡林,Gwangju,2.0,441,44,2,0,33.5,2020-09-23
3,488,堡林,Gwangju,0.0,451,34,0,0,33.5,2020-09-24
3,490,堡林,Gwangju,2.0,463,24,0,2,33.64,2020-09-25
3,490,堡林,Gwangju,0.0,469,18,0,0,33.64,2020-09-26
3,492,堡林,Gwangju,2.0,473,16,0,2,33.78,2020-09-27
3,492,堡林,Gwangju,0.0,473,16,0,0,33.78,2020-09-28
3,492,堡林,Gwangju,0.0,474,15,0,0,33.78,2020-09-29
3,495,堡林,Gwangju,3.0,476,16,3,0,33.98,2020-09-30
3,495,堡林,Gwangju,0.0,477,15,0,0,33.98,2020-10-01
3,495,堡林,Gwangju,0.0,478,14,0,0,33.98,2020-10-02
3,495,堡林,Gwangju,0.0,478,14,0,0,33.98,2020-10-03
3,496,堡林,Gwangju,1.0,481,12,0,1,34.05,2020-10-04
3,496,堡林,Gwangju,0.0,481,12,0,0,34.05,2020-10-05
3,496,堡林,Gwangju,0.0,485,8,0,0,34.05,2020-10-06
3,496,堡林,Gwangju,0.0,487,6,0,0,34.05,2020-10-07
3,496,堡林,Gwangju,0.0,489,4,0,0,34.05,2020-10-08
3,496,堡林,Gwangju,0.0,489,4,0,0,34.05,2020-10-09
3,496,堡林,Gwangju,0.0,490,3,0,0,34.05,2020-10-10
3,496,堡林,Gwangju,0.0,490,3,0,0,34.05,2020-10-11
3,497,堡林,Gwangju,1.0,492,2,1,0,34.12,2020-10-12
3,499,堡林,Gwangju,2.0,493,3,1,1,34.26,2020-10-13
3,499,堡林,Gwangju,0.0,493,3,0,0,34.26,2020-10-14
3,499,堡林,Gwangju,0.0,493,3,0,0,34.26,2020-10-15
3,499,堡林,Gwangju,0.0,493,3,0,0,34.26,2020-10-16
3,500,堡林,Gwangju,1.0,493,4,0,1,34.32,2020-10-17
3,500,堡林,Gwangju,0.0,493,4,0,0,34.32,2020-10-18
3,502,堡林,Gwangju,2.0,493,6,1,1,34.46,2020-10-19
3,502,堡林,Gwangju,0.0,493,6,0,0,34.46,2020-10-20
3,503,堡林,Gwangju,1.0,493,7,0,1,34.53,2020-10-21
3,503,堡林,Gwangju,0.0,494,6,0,0,34.53,2020-10-22
3,509,堡林,Gwangju,6.0,494,12,4,2,34.94,2020-10-23
3,509,堡林,Gwangju,0.0,495,11,0,0,34.94,2020-10-24
3,509,堡林,Gwangju,0.0,495,11,0,0,34.94,2020-10-25
3,509,堡林,Gwangju,0.0,495,11,0,0,34.94,2020-10-26
3,509,堡林,Gwangju,0.0,497,9,0,0,34.94,2020-10-27
3,509,堡林,Gwangju,0.0,498,8,0,0,34.94,2020-10-28
3,511,堡林,Gwangju,2.0,498,10,1,1,35.08,2020-10-29
3,511,堡林,Gwangju,0.0,500,8,0,0,35.08,2020-10-30
3,511,堡林,Gwangju,0.0,500,8,0,0,35.08,2020-10-31
3,514,堡林,Gwangju,3.0,500,11,0,3,35.29,2020-11-01
3,514,堡林,Gwangju,0.0,500,11,0,0,35.29,2020-11-02
3,516,堡林,Gwangju,2.0,503,10,2,0,35.42,2020-11-03
3,516,堡林,Gwangju,0.0,504,9,0,0,35.42,2020-11-04
3,516,堡林,Gwangju,0.0,504,9,0,0,35.42,2020-11-05
3,516,堡林,Gwangju,0.0,504,9,0,0,35.42,2020-11-06
3,516,堡林,Gwangju,0.0,507,6,0,0,35.42,2020-11-07
3,518,堡林,Gwangju,2.0,507,8,2,0,35.56,2020-11-08
3,519,堡林,Gwangju,1.0,507,9,0,1,35.63,2020-11-09
3,524,堡林,Gwangju,5.0,507,14,4,1,35.97,2020-11-10
3,528,堡林,Gwangju,4.0,507,18,2,2,36.25,2020-11-11
3,534,堡林,Gwangju,6.0,510,21,6,0,36.66,2020-11-12
3,539,堡林,Gwangju,5.0,510,26,5,0,37.0,2020-11-13
3,547,堡林,Gwangju,8.0,510,34,7,1,37.55,2020-11-14
3,556,堡林,Gwangju,9.0,510,43,7,2,38.17,2020-11-15
3,560,堡林,Gwangju,4.0,510,47,4,0,38.44,2020-11-16
3,578,堡林,Gwangju,18.0,510,65,18,0,39.68,2020-11-17
3,587,堡林,Gwangju,9.0,511,73,9,0,40.3,2020-11-18
3,595,堡林,Gwangju,8.0,511,81,8,0,40.85,2020-11-19
3,599,堡林,Gwangju,4.0,513,83,4,0,41.12,2020-11-20
3,606,堡林,Gwangju,7.0,514,89,6,1,41.6,2020-11-21
3,614,堡林,Gwangju,8.0,514,97,8,0,42.15,2020-11-22
3,615,堡林,Gwangju,1.0,526,86,1,0,42.22,2020-11-23
3,618,堡林,Gwangju,3.0,531,84,3,0,42.43,2020-11-24
3,632,堡林,Gwangju,14.0,533,96,14,0,43.39,2020-11-25
3,646,堡林,Gwangju,14.0,543,100,14,0,44.35,2020-11-26
3,659,堡林,Gwangju,13.0,550,106,13,0,45.24,2020-11-27
3,675,堡林,Gwangju,16.0,562,110,14,2,46.34,2020-11-28
3,683,堡林,Gwangju,8.0,564,116,6,2,46.89,2020-11-29
3,696,堡林,Gwangju,13.0,568,125,12,1,47.78,2020-11-30
3,718,堡林,Gwangju,22.0,576,139,22,0,49.29,2020-12-01
3,728,堡林,Gwangju,10.0,586,139,10,0,49.98,2020-12-02
3,731,堡林,Gwangju,3.0,596,132,3,0,50.18,2020-12-03
3,732,堡林,Gwangju,1.0,602,127,1,0,50.25,2020-12-04
3,738,堡林,Gwangju,6.0,602,133,6,0,50.66,2020-12-05
3,743,堡林,Gwangju,5.0,614,126,3,2,51.01,2020-12-06
3,748,堡林,Gwangju,5.0,615,130,3,2,51.35,2020-12-07
3,759,堡林,Gwangju,11.0,634,122,10,1,52.1,2020-12-08
3,768,堡林,Gwangju,9.0,642,123,9,0,52.72,2020-12-09
3,773,堡林,Gwangju,5.0,661,109,3,2,53.07,2020-12-10
3,776,堡林,Gwangju,3.0,670,103,3,0,53.27,2020-12-11
3,785,堡林,Gwangju,9.0,680,102,9,0,53.89,2020-12-12
3,800,堡林,Gwangju,15.0,682,115,14,1,54.92,2020-12-13
3,822,堡林,Gwangju,22.0,689,130,22,0,56.43,2020-12-14
3,827,堡林,Gwangju,5.0,697,127,5,0,56.77,2020-12-15
3,829,堡林,Gwangju,2.0,715,111,2,0,56.91,2020-12-16
3,839,堡林,Gwangju,10.0,730,106,10,0,57.6,2020-12-17
3,843,堡林,Gwangju,4.0,736,104,3,1,57.87,2020-12-18
3,852,堡林,Gwangju,9.0,742,107,9,0,58.49,2020-12-19
3,866,堡林,Gwangju,14.0,747,116,13,1,59.45,2020-12-20
3,879,堡林,Gwangju,13.0,750,126,11,2,60.34,2020-12-21
3,905,堡林,Gwangju,26.0,755,147,26,0,62.13,2020-12-22
4,941,堡林,Gwangju,36.0,771,166,35,1,64.6,2020-12-23
4,956,堡林,Gwangju,15.0,784,168,14,1,65.63,2020-12-24
4,992,堡林,Gwangju,36.0,795,193,35,1,68.1,2020-12-25
5,1020,堡林,Gwangju,28.0,802,213,27,1,70.02,2020-12-26
5,1037,堡林,Gwangju,17.0,803,229,17,0,71.19,2020-12-27
6,1049,堡林,Gwangju,12.0,810,233,12,0,72.01,2020-12-28
6,1064,堡林,Gwangju,15.0,825,233,15,0,73.04,2020-12-29
6,1073,堡林,Gwangju,9.0,833,234,9,0,73.66,2020-12-30
6,1081,堡林,Gwangju,8.0,847,228,8,0,74.21,2020-12-31
6,1098,堡林,Gwangju,17.0,864,228,16,1,75.38,2021-01-01
6,1111,堡林,Gwangju,13.0,871,234,13,0,76.27,2021-01-02
7,1137,堡林,Gwangju,26.0,884,246,26,0,78.05,2021-01-03
7,1211,堡林,Gwangju,74.0,889,315,74,0,83.13,2021-01-04
7,1234,堡林,Gwangju,23.0,915,312,23,0,84.71,2021-01-05
7,1264,堡林,Gwangju,30.0,935,322,30,0,86.77,2021-01-06
8,1292,堡林,Gwangju,28.0,958,326,28,0,88.69,2021-01-07
9,1313,堡林,Gwangju,21.0,961,343,21,0,90.14,2021-01-08
9,1319,堡林,Gwangju,6.0,1000,310,6,0,90.55,2021-01-09
10,1340,堡林,Gwangju,21.0,1009,321,18,3,91.99,2021-01-10
10,1364,堡林,Gwangju,24.0,1027,327,24,0,93.64,2021-01-11
10,1371,堡林,Gwangju,7.0,1047,314,7,0,94.12,2021-01-12
10,1375,堡林,Gwangju,4.0,1076,289,3,1,94.39,2021-01-13
10,1406,堡林,Gwangju,31.0,1099,297,30,1,96.52,2021-01-14
12,1412,堡林,Gwangju,6.0,1132,268,5,116,96.93,2021-01-15
12,1418,堡林,Gwangju,6.0,1149,257,6,0,97.34,2021-01-16
12,1433,堡林,Gwangju,15.0,1178,243,14,1,98.37,2021-01-17
12,1444,堡林,Gwangju,11.0,1182,250,11,0,99.13,2021-01-18
13,1452,堡林,Gwangju,8.0,1213,226,7,1,99.68,2021-01-19
14,1463,堡林,Gwangju,11.0,1228,221,11,0,100.43,2021-01-20
14,1469,堡林,Gwangju,6.0,1250,205,5,1,100.85,2021-01-21
15,1471,堡林,Gwangju,2.0,1276,180,2,0,100.98,2021-01-22
15,1478,堡林,Gwangju,7.0,1281,182,6,1,101.46,2021-01-23
16,1495,堡林,Gwangju,17.0,1293,186,17,0,102.63,2021-01-24
16,1511,堡林,Gwangju,16.0,1304,191,15,1,103.73,2021-01-25
16,1523,堡林,Gwangju,12.0,1320,187,12,0,104.55,2021-01-26
17,1635,堡林,Gwangju,112.0,1333,285,112,0,112.24,2021-01-27
17,1679,堡林,Gwangju,44.0,1345,317,44,0,115.26,2021-01-28
17,1733,堡林,Gwangju,54.0,1354,362,54,0,118.97,2021-01-29
17,1766,堡林,Gwangju,33.0,1368,381,32,1,121.23,2021-01-30
18,1783,堡林,Gwangju,17.0,1375,390,16,1,122.4,2021-01-31
18,1815,堡林,Gwangju,32.0,1382,415,32,0,124.6,2021-02-01
18,1839,堡林,Gwangju,24.0,1389,432,23,1,126.25,2021-02-02
18,1845,堡林,Gwangju,6.0,1409,418,6,0,126.66,2021-02-03
18,1857,堡林,Gwangju,12.0,1429,410,12,0,127.48,2021-02-04
18,1871,堡林,Gwangju,14.0,1444,409,14,0,128.44,2021-02-05
19,1883,堡林,Gwangju,12.0,1476,388,12,0,129.27,2021-02-06
19,1893,堡林,Gwangju,10.0,1498,376,10,0,129.95,2021-02-07
19,1900,堡林,Gwangju,7.0,1584,297,7,0,130.43,2021-02-08
19,1908,堡林,Gwangju,8.0,1619,270,8,0,130.98,2021-02-09
19,1922,堡林,Gwangju,14.0,1662,241,14,0,131.94,2021-02-10
19,1935,堡林,Gwangju,13.0,1710,206,9,4,132.84,2021-02-11
19,1941,堡林,Gwangju,6.0,1732,190,6,0,133.25,2021-02-12
19,1944,堡林,Gwangju,3.0,1754,171,3,0,133.45,2021-02-13
19,1946,堡林,Gwangju,2.0,1769,158,2,0,133.59,2021-02-14
19,1949,堡林,Gwangju,3.0,1792,138,3,0,133.8,2021-02-15
19,1951,堡林,Gwangju,2.0,1819,113,2,0,133.93,2021-02-16
19,1954,堡林,Gwangju,3.0,1832,103,2,1,134.14,2021-02-17
19,1970,堡林,Gwangju,16.0,1842,109,12,4,135.24,2021-02-18
19,1974,堡林,Gwangju,4.0,1855,100,3,1,135.51,2021-02-19
19,1979,堡林,Gwangju,5.0,1886,74,1,4,135.86,2021-02-20
19,1985,堡林,Gwangju,6.0,1894,72,5,1,136.27,2021-02-21
19,1990,堡林,Gwangju,5.0,1906,65,4,1,136.61,2021-02-22
20,1997,堡林,Gwangju,7.0,1910,67,6,1,137.09,2021-02-23
20,2032,堡林,Gwangju,35.0,1915,97,35,0,139.49,2021-02-24
21,2047,堡林,Gwangju,15.0,1921,105,15,0,140.52,2021-02-25
21,2058,堡林,Gwangju,11.0,1928,109,11,0,141.28,2021-02-26
21,2070,堡林,Gwangju,12.0,1931,118,12,0,142.1,2021-02-27
21,2084,堡林,Gwangju,14.0,1941,122,14,0,143.06,2021-02-28
21,2092,堡林,Gwangju,8.0,1948,123,6,2,143.61,2021-03-01
21,2096,堡林,Gwangju,4.0,1949,126,4,0,143.89,2021-03-02
21,2099,堡林,Gwangju,3.0,1955,123,3,0,144.09,2021-03-03
21,2105,堡林,Gwangju,6.0,1958,126,6,0,144.51,2021-03-04
21,2111,堡林,Gwangju,6.0,1966,124,5,1,144.92,2021-03-05
21,2114,堡林,Gwangju,3.0,1975,118,1,2,145.12,2021-03-06
21,2118,堡林,Gwangju,4.0,1979,118,4,0,145.4,2021-03-07
21,2133,堡林,Gwangju,15.0,1984,128,14,1,146.43,2021-03-08
21,2166,堡林,Gwangju,33.0,2000,145,32,1,148.69,2021-03-09
21,2167,堡林,Gwangju,1.0,2015,131,1,0,148.76,2021-03-10
21,2168,堡林,Gwangju,1.0,2045,102,1,0,148.83,2021-03-11
21,2170,堡林,Gwangju,2.0,2058,91,2,0,148.97,2021-03-12
21,2173,堡林,Gwangju,3.0,2070,82,2,1,149.17,2021-03-13
21,2174,堡林,Gwangju,1.0,2071,82,1,0,149.24,2021-03-14
21,2175,堡林,Gwangju,1.0,2075,79,1,0,149.31,2021-03-15
21,2177,堡林,Gwangju,2.0,2081,75,1,1,149.45,2021-03-16
21,2178,堡林,Gwangju,1.0,2096,61,0,1,149.52,2021-03-17
21,2179,堡林,Gwangju,1.0,2097,61,0,1,149.59,2021-03-18
21,2181,堡林,Gwangju,2.0,2116,44,2,0,149.72,2021-03-19
21,2182,堡林,Gwangju,1.0,2125,36,0,1,149.79,2021-03-20
21,2184,堡林,Gwangju,2.0,2135,28,2,0,149.93,2021-03-21
21,2186,堡林,Gwangju,2.0,2135,30,2,0,150.07,2021-03-22
21,2187,堡林,Gwangju,1.0,2144,22,1,0,150.14,2021-03-23
21,2189,堡林,Gwangju,2.0,2145,23,2,0,150.27,2021-03-24
21,2194,堡林,Gwangju,5.0,2148,25,4,1,150.62,2021-03-25
21,2197,堡林,Gwangju,3.0,2152,24,2,1,150.82,2021-03-26
21,2202,堡林,Gwangju,5.0,2153,28,5,0,151.16,2021-03-27
21,2204,堡林,Gwangju,2.0,2154,29,2,0,151.3,2021-03-28
21,2206,堡林,Gwangju,2.0,2156,29,2,0,151.44,2021-03-29
21,2207,堡林,Gwangju,1.0,2159,27,1,0,151.51,2021-03-30
21,2209,堡林,Gwangju,2.0,2160,28,2,0,151.65,2021-03-31
21,2212,堡林,Gwangju,3.0,2161,30,1,2,151.85,2021-04-01
21,2213,堡林,Gwangju,1.0,2163,29,1,0,151.92,2021-04-02
21,2216,堡林,Gwangju,3.0,2166,29,2,1,152.13,2021-04-03
21,2220,堡林,Gwangju,4.0,2167,32,4,0,152.4,2021-04-04
21,2220,堡林,Gwangju,0.0,2170,29,0,0,152.4,2021-04-05
21,2226,堡林,Gwangju,6.0,2175,30,6,0,152.81,2021-04-06
21,2228,堡林,Gwangju,2.0,2178,29,2,0,152.95,2021-04-07
21,2228,堡林,Gwangju,0.0,2182,25,0,0,152.95,2021-04-08
21,2233,堡林,Gwangju,5.0,2184,28,5,0,153.29,2021-04-09
21,2234,堡林,Gwangju,1.0,2184,29,1,0,153.36,2021-04-10
21,2234,堡林,Gwangju,0.0,2186,27,0,0,153.36,2021-04-11
21,2238,堡林,Gwangju,4.0,2186,31,4,0,153.64,2021-04-12
21,2247,堡林,Gwangju,9.0,2191,35,9,0,154.25,2021-04-13
21,2252,堡林,Gwangju,5.0,2193,38,5,0,154.6,2021-04-14
21,2256,堡林,Gwangju,4.0,2193,42,3,1,154.87,2021-04-15
21,2267,堡林,Gwangju,11.0,2199,47,10,1,155.63,2021-04-16
21,2271,堡林,Gwangju,4.0,2206,44,4,0,155.9,2021-04-17
21,2284,堡林,Gwangju,13.0,2207,56,12,1,156.79,2021-04-18
21,2295,堡林,Gwangju,11.0,2207,67,11,0,157.55,2021-04-19
21,2299,堡林,Gwangju,4.0,2210,68,4,0,157.82,2021-04-20
21,2316,堡林,Gwangju,17.0,2212,83,17,0,158.99,2021-04-21
21,2325,堡林,Gwangju,9.0,2221,83,9,0,159.61,2021-04-22
21,2341,堡林,Gwangju,16.0,2227,93,16,0,160.71,2021-04-23
21,2356,堡林,Gwangju,15.0,2231,104,15,0,161.74,2021-04-24
21,2364,堡林,Gwangju,8.0,2234,109,8,0,162.29,2021-04-25
21,2379,堡林,Gwangju,15.0,2237,121,15,0,163.32,2021-04-26
22,2385,堡林,Gwangju,6.0,2246,117,6,0,163.73,2021-04-27
22,2397,堡林,Gwangju,12.0,2251,124,11,1,164.55,2021-04-28
22,2405,堡林,Gwangju,8.0,2268,115,8,0,165.1,2021-04-29
22,2409,堡林,Gwangju,4.0,2273,114,4,0,165.38,2021-04-30
22,2413,堡林,Gwangju,4.0,2287,104,4,0,165.65,2021-05-01
22,2428,堡林,Gwangju,15.0,2299,107,15,0,166.68,2021-05-02
22,2433,堡林,Gwangju,5.0,2309,102,5,0,167.02,2021-05-03
22,2437,堡林,Gwangju,4.0,2326,89,4,0,167.3,2021-05-04
22,2445,堡林,Gwangju,8.0,2333,90,0,0,167.85,2021-05-05
22,2453,堡林,Gwangju,8.0,2342,89,8,0,168.4,2021-05-06
22,2474,堡林,Gwangju,21.0,2349,103,21,0,169.84,2021-05-07
22,2479,堡林,Gwangju,5.0,2361,96,5,0,170.18,2021-05-08
22,2485,堡林,Gwangju,6.0,2372,91,6,0,170.59,2021-05-09
22,2494,堡林,Gwangju,9.0,2375,97,9,0,171.21,2021-05-10
22,2518,堡林,Gwangju,24.0,2389,107,23,1,172.86,2021-05-11
22,2540,堡林,Gwangju,22.0,2398,120,22,0,174.37,2021-05-12
22,2563,堡林,Gwangju,23.0,2404,137,23,0,175.95,2021-05-13
22,2574,堡林,Gwangju,11.0,2409,143,10,1,176.7,2021-05-14
22,2585,堡林,Gwangju,11.0,2423,140,10,1,177.46,2021-05-15
22,2599,堡林,Gwangju,14.0,2442,135,14,0,178.42,2021-05-16
22,2626,堡林,Gwangju,27.0,2443,161,27,0,180.27,2021-05-17
22,2637,堡林,Gwangju,11.0,2453,162,11,0,181.03,2021-05-18
22,2641,堡林,Gwangju,4.0,2463,156,4,0,181.3,2021-05-19
22,2656,堡林,Gwangju,15.0,2468,166,15,0,182.33,2021-05-20
22,2669,堡林,Gwangju,13.0,2489,158,13,0,183.22,2021-05-21
22,2684,堡林,Gwangju,15.0,2512,150,15,0,184.25,2021-05-22
22,2693,堡林,Gwangju,9.0,2526,145,9,0,184.87,2021-05-23
22,2709,堡林,Gwangju,16.0,2533,154,15,1,185.97,2021-05-24
22,2730,堡林,Gwangju,21.0,2553,155,21,0,187.41,2021-05-25
22,2751,堡林,Gwangju,21.0,2570,159,20,1,188.85,2021-05-26
22,2766,堡林,Gwangju,15.0,2590,154,15,0,189.88,2021-05-27
22,2774,堡林,Gwangju,8.0,2601,151,8,0,190.43,2021-05-28
22,2783,堡林,Gwangju,9.0,2610,151,9,0,191.05,2021-05-29
22,2792,堡林,Gwangju,9.0,2616,154,9,0,191.67,2021-05-30
22,2805,堡林,Gwangju,13.0,2626,157,13,0,192.56,2021-05-31
22,2810,堡林,Gwangju,5.0,2648,140,5,0,192.9,2021-06-01
22,2815,堡林,Gwangju,5.0,2678,115,5,0,193.25,2021-06-02
22,2819,堡林,Gwangju,4.0,2687,110,4,0,193.52,2021-06-03
22,2826,堡林,Gwangju,7.0,2700,104,7,0,194.0,2021-06-04
22,2835,堡林,Gwangju,9.0,2716,97,9,0,194.62,2021-06-05
22,2837,堡林,Gwangju,2.0,2727,88,2,0,194.76,2021-06-06
22,2841,堡林,Gwangju,4.0,2737,82,4,0,195.03,2021-06-07
22,2842,堡林,Gwangju,1.0,2753,67,1,0,195.1,2021-06-08
22,2849,堡林,Gwangju,7.0,2763,64,7,0,195.58,2021-06-09
22,2853,堡林,Gwangju,4.0,2776,55,3,1,195.86,2021-06-10
22,2854,堡林,Gwangju,1.0,2779,53,1,0,195.92,2021-06-11
22,2861,堡林,Gwangju,7.0,2790,49,4,3,196.4,2021-06-12
22,2864,堡林,Gwangju,3.0,2796,46,2,1,196.61,2021-06-13
22,2868,堡林,Gwangju,4.0,2798,48,3,1,196.88,2021-06-14
23,2872,堡林,Gwangju,4.0,2806,43,3,1,197.16,2021-06-15
23,2873,堡林,Gwangju,1.0,2814,36,1,0,197.23,2021-06-16
23,2879,堡林,Gwangju,6.0,2817,39,6,0,197.64,2021-06-17
23,2881,堡林,Gwangju,2.0,2819,39,1,1,197.78,2021-06-18
23,2885,堡林,Gwangju,4.0,2823,39,4,0,198.05,2021-06-19
23,2888,堡林,Gwangju,3.0,2827,38,2,1,198.26,2021-06-20
24,2890,堡林,Gwangju,2.0,2828,38,1,1,198.4,2021-06-21
24,2892,堡林,Gwangju,2.0,2835,33,2,0,198.53,2021-06-22
24,2896,堡林,Gwangju,4.0,2836,36,4,0,198.81,2021-06-23
24,2897,堡林,Gwangju,1.0,2839,34,1,0,198.88,2021-06-24
24,2902,堡林,Gwangju,5.0,2839,39,5,0,199.22,2021-06-25
24,2910,堡林,Gwangju,8.0,2843,43,7,1,199.77,2021-06-26
24,2922,堡林,Gwangju,12.0,2843,55,12,0,200.59,2021-06-27
24,2929,堡林,Gwangju,7.0,2845,60,6,1,201.07,2021-06-28
24,2931,堡林,Gwangju,2.0,2856,51,2,0,201.21,2021-06-29
24,2937,堡林,Gwangju,6.0,2859,54,6,0,201.62,2021-06-30
24,2944,堡林,Gwangju,7.0,2862,58,7,0,202.1,2021-07-01
24,2946,堡林,Gwangju,2.0,2864,58,2,0,202.24,2021-07-02
24,2949,堡林,Gwangju,3.0,2868,57,3,0,202.45,2021-07-03
24,2952,堡林,Gwangju,3.0,2872,56,1,2,202.65,2021-07-04
24,2959,堡林,Gwangju,7.0,2873,62,6,1,203.13,2021-07-05
24,2963,堡林,Gwangju,4.0,2883,56,4,0,203.41,2021-07-06
24,2974,堡林,Gwangju,11.0,2889,61,10,1,204.16,2021-07-07
24,2976,堡林,Gwangju,2.0,2896,56,2,0,204.3,2021-07-08
24,2980,堡林,Gwangju,4.0,2902,54,3,1,205.51,2021-07-09
24,3001,堡林,Gwangju,21.0,2913,64,20,1,206.96,2021-07-10
24,3024,堡林,Gwangju,23.0,2917,83,22,1,208.54,2021-07-11
24,3038,堡林,Gwangju,14.0,2918,96,13,1,209.51,2021-07-12
24,3047,堡林,Gwangju,9.0,2924,99,9,0,210.13,2021-07-13
24,3062,堡林,Gwangju,15.0,2934,104,15,0,211.16,2021-07-14
24,3083,堡林,Gwangju,21.0,2936,123,21,0,212.61,2021-07-15
24,3106,堡林,Gwangju,23.0,2941,141,23,0,214.2,2021-07-16
24,3118,堡林,Gwangju,12.0,2951,143,12,0,215.03,2021-07-17
24,3141,堡林,Gwangju,23.0,2956,161,23,0,216.61,2021-07-18
24,3155,堡林,Gwangju,14.0,2964,167,12,2,217.58,2021-07-19
24,3180,堡林,Gwangju,25.0,2983,173,25,0,219.3,2021-07-20
24,3203,堡林,Gwangju,23.0,3002,177,22,1,220.89,2021-07-21
24,3214,堡林,Gwangju,11.0,3014,176,11,0,221.65,2021-07-22
24,3223,堡林,Gwangju,9.0,3022,177,9,0,222.27,2021-07-23
24,3232,堡林,Gwangju,9.0,3041,167,9,0,222.89,2021-07-24
24,3245,堡林,Gwangju,13.0,3053,168,11,2,223.78,2021-07-25
24,3263,堡林,Gwangju,18.0,3062,177,17,1,225.02,2021-07-26
24,3286,堡林,Gwangju,23.0,3082,180,22,1,226.61,2021-07-27
24,3313,堡林,Gwangju,27.0,3097,192,25,2,228.47,2021-07-28
24,3352,堡林,Gwangju,39.0,3127,201,39,0,231.16,2021-07-29
24,3377,堡林,Gwangju,25.0,3154,199,24,1,232.89,2021-07-30
24,3399,堡林,Gwangju,22.0,3171,204,20,2,234.4,2021-07-31
24,3413,堡林,Gwangju,14.0,3187,202,12,2,235.37,2021-08-01
24,3430,堡林,Gwangju,17.0,3194,212,16,1,236.54,2021-08-02
24,3448,堡林,Gwangju,18.0,3203,221,17,1,237.78,2021-08-03
24,3464,堡林,Gwangju,16.0,3225,215,15,1,238.89,2021-08-04
24,3481,堡林,Gwangju,17.0,3233,224,17,0,240.06,2021-08-05
24,3495,堡林,Gwangju,14.0,3250,221,13,1,241.02,2021-08-06
24,3513,堡林,Gwangju,18.0,3272,217,16,2,242.27,2021-08-07
24,3545,堡林,Gwangju,32.0,3279,242,29,3,244.47,2021-08-08
24,3564,堡林,Gwangju,19.0,3317,223,15,4,245.78,2021-08-09
24,3579,堡林,Gwangju,15.0,3338,217,13,2,246.82,2021-08-10
24,3599,堡林,Gwangju,20.0,3367,208,17,3,248.2,2021-08-11
24,3619,堡林,Gwangju,20.0,3392,203,20,0,249.58,2021-08-12
24,3634,堡林,Gwangju,15.0,3420,190,14,1,250.61,2021-08-13
24,3651,堡林,Gwangju,17.0,3432,195,16,1,251.78,2021-08-14
24,3680,堡林,Gwangju,29.0,3447,209,27,2,253.78,2021-08-15
24,3709,堡林,Gwangju,29.0,3447,238,27,2,255.78,2021-08-16
24,3727,堡林,Gwangju,18.0,3476,227,17,1,257.02,2021-08-17
24,3758,堡林,Gwangju,31.0,3517,217,30,1,259.16,2021-08-18
24,3780,堡林,Gwangju,22.0,3535,221,22,0,260.68,2021-08-19
25,3802,堡林,Gwangju,22.0,3551,226,22,0,262.2,2021-08-20
25,3829,堡林,Gwangju,27.0,3571,233,27,0,264.06,2021-08-21
25,3851,堡林,Gwangju,22.0,3579,247,22,0,265.57,2021-08-22
25,3884,堡林,Gwangju,33.0,3588,271,33,0,267.85,2021-08-23
25,3896,堡林,Gwangju,12.0,3612,259,12,0,268.68,2021-08-24
25,3919,堡林,Gwangju,23.0,3653,241,23,0,270.26,2021-08-25
25,3948,堡林,Gwangju,29.0,3673,250,29,0,272.26,2021-08-26
25,3962,堡林,Gwangju,14.0,3695,242,12,2,273.23,2021-08-27
25,3982,堡林,Gwangju,20.0,3711,246,18,2,274.61,2021-08-28
25,4004,堡林,Gwangju,22.0,3729,250,22,0,276.13,2021-08-29
25,4034,堡林,Gwangju,30.0,3754,255,29,1,278.2,2021-08-30
25,4053,堡林,Gwangju,19.0,3795,233,17,2,279.51,2021-08-31
25,4090,堡林,Gwangju,37.0,0,4065,35,2,282.06,2021-09-01
25,4132,堡林,Gwangju,42.0,3834,273,40,2,284.95,2021-09-02
25,4175,堡林,Gwangju,43.0,3856,294,41,2,287.92,2021-09-03
25,4201,堡林,Gwangju,26.0,3885,291,24,2,289.71,2021-09-04
25,4240,堡林,Gwangju,39.0,3885,330,38,1,292.4,2021-09-05
25,4268,堡林,Gwangju,28.0,3909,334,27,1,294.33,2021-09-06
25,4302,堡林,Gwangju,34.0,3937,340,34,0,296.68,2021-09-07
25,4345,堡林,Gwangju,43.0,3974,346,43,0,299.64,2021-09-08
26,4367,堡林,Gwangju,22.0,3999,342,22,0,301.16,2021-09-09
26,4392,堡林,Gwangju,25.0,4026,340,25,0,302.88,2021-09-10
27,4413,堡林,Gwangju,21.0,4055,331,21,0,304.33,2021-09-11
27,4440,堡林,Gwangju,27.0,4079,334,26,1,306.0,2021-09-12
27,4454,堡林,Gwangju,14.0,4102,325,14,0,307.16,2021-09-13
27,4489,堡林,Gwangju,35.0,4146,316,34,1,309.57,2021-09-14
28,4527,堡林,Gwangju,38.0,4178,321,36,2,312.19,2021-09-15
29,4540,堡林,Gwangju,13.0,4206,305,13,0,312.19,2021-09-16
29,4561,堡林,Gwangju,21.0,4239,293,21,0,312.19,2021-09-17
29,4588,堡林,Gwangju,27.0,4282,277,25,2,312.19,2021-09-18
29,4610,堡林,Gwangju,22.0,4313,268,21,1,317.92,2021-09-19
29,4645,堡林,Gwangju,35.0,4336,280,32,3,320.33,2021-09-20
29,4685,堡林,Gwangju,40.0,4336,320,39,1,323.0,2021-09-21
29,4725,堡林,Gwangju,40.0,4410,286,40,0,325.85,2021-09-22
29,4761,堡林,Gwangju,36.0,4415,317,36,0,328.33,2021-09-23
29,4803,堡林,Gwangju,42.0,4455,319,42,0,331.23,2021-09-24
29,4833,堡林,Gwangju,30.0,4484,320,30,0,333.3,2021-09-25
29,4873,堡林,Gwangju,40.0,4506,338,39,1,336.05,2021-09-26
29,4901,堡林,Gwangju,28.0,4521,351,27,1,337.99,2021-09-27
29,4929,堡林,Gwangju,28.0,4555,345,28,0,339.92,2021-09-28
29,4957,堡林,Gwangju,28.0,4584,344,28,0,341.85,2021-09-29
29,4989,堡林,Gwangju,32.0,4617,343,31,1,344.05,2021-09-30
29,5017,堡林,Gwangju,28.0,4656,332,27,1,345.99,2021-10-01
29,5042,堡林,Gwangju,25.0,4691,322,25,0,347.71,2021-10-02
29,5064,堡林,Gwangju,22.0,4691,344,22,0,349.23,2021-10-03
29,5077,堡林,Gwangju,13.0,4746,302,13,0,350.12,2021-10-04
29,5092,堡林,Gwangju,15.0,4792,271,14,1,351.16,2021-10-05
29,5108,堡林,Gwangju,16.0,4842,237,16,0,352.26,2021-10-06
29,5121,堡林,Gwangju,13.0,4870,222,13,0,1.57,2021-10-07
29,5146,堡林,Gwangju,25.0,4908,209,25,0,354.88,2021-10-08
29,5164,堡林,Gwangju,18.0,4933,202,17,1,356.12,2021-10-09
29,5187,堡林,Gwangju,23.0,4961,197,23,0,358.0,2021-10-10
29,5201,堡林,Gwangju,14.0,4979,193,13,1,359.0,2021-10-11
29,5208,堡林,Gwangju,7.0,4994,185,7,0,359.16,2021-10-12
29,5222,堡林,Gwangju,14.0,5012,181,14,0,360.12,2021-10-13
29,5232,堡林,Gwangju,10.0,5033,170,10,0,360.81,2021-10-14
29,5238,堡林,Gwangju,6.0,5057,152,5,1,361.23,2021-10-15
29,5244,堡林,Gwangju,6.0,5057,158,6,0,361.64,2021-10-16
29,5253,堡林,Gwangju,9.0,5090,134,8,1,362.26,2021-10-17
29,5257,堡林,Gwangju,4.0,5104,124,2,2,362.54,2021-10-18
29,5260,堡林,Gwangju,3.0,5136,95,3,0,363.0,2021-10-19
29,5272,堡林,Gwangju,12.0,5155,88,12,0,363.57,2021-10-20
29,5287,堡林,Gwangju,15.0,5172,86,15,0,364.61,2021-10-21
29,5290,堡林,Gwangju,3.0,5180,81,3,0,364.81,2021-10-22
29,5299,堡林,Gwangju,9.0,5190,80,7,2,365.0,2021-10-23
29,5303,堡林,Gwangju,4.0,5203,71,4,0,365.71,2021-10-24
29,5306,堡林,Gwangju,3.0,5208,69,3,0,365.92,2021-10-25
29,5311,堡林,Gwangju,5.0,5218,64,5,0,366.26,2021-10-26
29,5320,堡林,Gwangju,9.0,5225,66,9,0,366.88,2021-10-27
29,5327,堡林,Gwangju,7.0,5229,69,7,0,367.36,2021-10-28
29,5332,堡林,Gwangju,5.0,5236,67,3,2,368.0,2021-10-29
29,5348,堡林,Gwangju,16.0,5245,74,15,1,369.0,2021-10-30
29,5371,堡林,Gwangju,23.0,5261,81,23,0,370.0,2021-10-31
29,5376,堡林,Gwangju,5.0,5265,82,4,1,371.0,2021-11-01
29,5393,堡林,Gwangju,17.0,5274,90,14,3,372.0,2021-11-02
29,5405,堡林,Gwangju,12.0,5274,90,11,1,373.0,2021-11-03
29,5419,堡林,Gwangju,14.0,5282,108,12,2,374.0,2021-11-04
29,5431,堡林,Gwangju,12.0,5288,114,11,1,375.0,2021-11-05
29,5449,堡林,Gwangju,18.0,5292,128,16,2,376.0,2021-11-06
29,5469,堡林,Gwangju,20.0,5292,148,19,1,377.0,2021-11-07
29,5497,堡林,Gwangju,28.0,5310,158,28,0,379.0,2021-11-08
29,5508,堡林,Gwangju,11.0,5322,157,11,0,380.0,2021-11-09
29,5530,堡林,Gwangju,22.0,5341,160,22,0,381.0,2021-11-10
29,5562,堡林,Gwangju,32.0,5356,177,32,0,384.0,2021-11-11
29,5573,堡林,Gwangju,11.0,5367,177,11,0,384.0,2021-11-12
29,5604,堡林,Gwangju,31.0,5380,195,31,0,386.0,2021-11-13
29,5623,堡林,Gwangju,19.0,5398,196,19,0,388.0,2021-11-14
29,5649,堡林,Gwangju,26.0,5412,208,25,1,390.0,2021-11-15
29,5660,堡林,Gwangju,11.0,5432,199,11,0,390.0,2021-11-16
29,5694,堡林,Gwangju,34.0,5443,222,33,1,393.0,2021-11-17
29,5728,堡林,Gwangju,34.0,5468,231,34,0,395.0,2021-11-18
29,5752,堡林,Gwangju,24.0,5493,230,24,0,397.0,2021-11-19
29,5791,堡林,Gwangju,39.0,5506,256,39,0,399.0,2021-11-20
30,5861,堡林,Gwangju,70.0,5525,306,70,0,404.19,2021-11-21
30,5918,堡林,Gwangju,57.0,5539,349,57,0,408.0,2021-11-22
30,5973,堡林,Gwangju,55.0,5573,370,55,0,412.0,2021-11-23
30,6019,堡林,Gwangju,46.0,5598,391,45,1,415.0,2021-11-24
30,6054,堡林,Gwangju,35.0,5617,407,35,0,417.0,2021-11-25
30,6085,堡林,Gwangju,31.0,5644,411,30,1,420.0,2021-11-26
30,6120,堡林,Gwangju,35.0,5671,419,35,0,422.0,2021-11-27
30,6172,堡林,Gwangju,52.0,5706,436,52,0,426.0,2021-11-28
30,6233,堡林,Gwangju,61.0,5739,464,61,0,430.0,2021-11-29
30,6285,堡林,Gwangju,52.0,5790,465,51,1,433.0,2021-11-30
30,6314,堡林,Gwangju,29.0,5844,440,29,0,435.0,2021-12-01
30,6353,堡林,Gwangju,39.0,5884,439,39,0,438.0,2021-12-02
30,6398,堡林,Gwangju,45.0,5934,0,45,0,441.0,2021-12-03
31,6437,堡林,Gwangju,39.0,5987,0,38,1,444.0,2021-12-04
31,6477,堡林,Gwangju,40.0,6016,0,40,0,447.0,2021-12-05
31,6520,堡林,Gwangju,43.0,6042,0,43,0,450.0,2021-12-06
31,6567,堡林,Gwangju,47.0,6107,0,47,0,453.0,2021-12-07
32,6624,堡林,Gwangju,57.0,6157,0,57,0,457.0,2021-12-08
32,6660,堡林,Gwangju,36.0,6215,0,36,0,459.0,2021-12-09
32,6695,堡林,Gwangju,35.0,6255,0,35,0,462.0,2021-12-10
32,6720,堡林,Gwangju,25.0,6292,0,25,0,463.0,2021-12-11
32,6791,堡林,Gwangju,71.0,6319,0,68,3,468.0,2021-12-12
32,6828,堡林,Gwangju,37.0,6358,0,37,0,471.0,2021-12-13
32,6899,堡林,Gwangju,71.0,6399,0,69,2,476.0,2021-12-14
32,6958,堡林,Gwangju,59.0,6449,0,59,0,480.0,2021-12-15
32,7002,堡林,Gwangju,44.0,6508,0,44,0,483.0,2021-12-16
32,7044,堡林,Gwangju,42.0,6552,0,42,0,486.0,2021-12-17
33,7101,堡林,Gwangju,57.0,6600,0,55,2,490.0,2021-12-18
34,7130,堡林,Gwangju,29.0,6650,0,27,2,492.0,2021-12-19
35,7182,堡林,Gwangju,52.0,6650,0,52,0,495.0,2021-12-20
35,7258,堡林,Gwangju,76.0,6738,0,75,1,501.0,2021-12-21
36,7364,堡林,Gwangju,106.0,6791,0,103,3,508.0,2021-12-22
37,7430,堡林,Gwangju,66.0,6837,0,66,0,512.0,2021-12-23
37,7484,堡林,Gwangju,54.0,6883,0,54,0,516.0,2021-12-24
37,7562,堡林,Gwangju,78.0,6941,0,76,2,521.0,2021-12-25
38,7629,堡林,Gwangju,67.0,6984,0,65,2,526.0,2021-12-26
38,7689,堡林,Gwangju,60.0,7026,0,59,1,530.0,2021-12-27
39,7759,堡林,Gwangju,70.0,7074,0,70,0,535.0,2021-12-28
39,7839,堡林,Gwangju,80.0,7133,0,80,0,541.0,2021-12-29
41,7941,堡林,Gwangju,102.0,7186,0,101,1,548.0,2021-12-30
44,8026,堡林,Gwangju,85.0,7257,0,85,0,553.0,2021-12-31
45,8118,堡林,Gwangju,92.0,7349,0,91,1,560.0,2022-01-01
45,8211,堡林,Gwangju,93.0,7410,0,93,0,566.0,2022-01-02
45,8286,堡林,Gwangju,75.0,7458,0,73,2,571.0,2022-01-03
47,8347,堡林,Gwangju,61.0,7529,0,59,2,579.0,2022-01-04
47,8422,堡林,Gwangju,75.0,7593,0,73,2,584.0,2022-01-05
49,8513,堡林,Gwangju,91.0,7593,0,91,0,591.0,2022-01-06
49,8600,堡林,Gwangju,87.0,7763,0,87,0,597.0,2022-01-07
49,8689,堡林,Gwangju,89.0,7866,0,87,2,603.0,2022-01-08
50,8781,堡林,Gwangju,92.0,7971,0,88,4,609.0,2022-01-09
50,8914,堡林,Gwangju,133.0,8040,0,131,2,618.0,2022-01-10
51,9090,堡林,Gwangju,176.0,8094,0,175,1,631.0,2022-01-11
52,9248,堡林,Gwangju,158.0,8164,0,158,0,642.0,2022-01-12
54,9436,堡林,Gwangju,188.0,8221,0,182,6,655.0,2022-01-13
55,9660,堡林,Gwangju,224.0,8221,0,224,0,670.0,2022-01-14
55,9866,堡林,Gwangju,206.0,8382,0,205,2,684.0,2022-01-15
55,10049,堡林,Gwangju,183.0,8382,0,173,10,697.0,2022-01-16
57,10291,堡林,Gwangju,242.0,8523,0,237,5,714.0,2022-01-17
60,10475,堡林,Gwangju,184.0,8523,0,174,10,727.0,2022-01-18
62,10701,堡林,Gwangju,226.0,8523,0,218,8,742.0,2022-01-19
65,11055,堡林,Gwangju,354.0,8523,0,350,4,767.0,2022-01-20
67,11297,堡林,Gwangju,242.0,8787,0,237,5,784.0,2022-01-21
70,11549,堡林,Gwangju,252.0,9136,0,246,6,796.0,2022-01-22
71,11865,堡林,Gwangju,316.0,9172,0,306,10,818.0,2022-01-23
74,12151,堡林,Gwangju,286.0,9321,0,278,8,843.0,2022-01-24
75,12466,堡林,Gwangju,315.0,9321,0,315,0,865.0,2022-01-25
77,12862,堡林,Gwangju,396.0,9504,0,392,4,892.0,2022-01-26
79,13205,堡林,Gwangju,343.0,9689,0,337,6,916.0,2022-01-27
84,13627,堡林,Gwangju,422.0,9924,0,420,2,945.0,2022-01-28
87,14049,堡林,Gwangju,422.0,10168,0,417,5,975.0,2022-01-29
88,14526,堡林,Gwangju,477.0,10364,0,469,8,1008.0,2022-01-30
89,15008,堡林,Gwangju,482.0,10364,0,476,6,1041.0,2022-01-31
91,15508,堡林,Gwangju,500.0,10521,0,493,7,1076.0,2022-02-01
94,16126,堡林,Gwangju,618.0,10521,0,614,4,1119.0,2022-02-02
96,16820,堡林,Gwangju,694.0,10768,0,691,3,1167.0,2022-02-03
96,17649,堡林,Gwangju,829.0,10768,0,826,3,1224.0,2022-02-04
97,18893,堡林,Gwangju,1244.0,11065,0,1232,12,1303.0,2022-02-05
99,20079,堡林,Gwangju,1186.0,11368,0,1180,6,1393.0,2022-02-06
99,21288,堡林,Gwangju,1209.0,21288,0,1205,4,1477.0,2022-02-07
100,22529,堡林,Gwangju,1241.0,11796,0,1237,4,1563.0,2022-02-08
100,24032,堡林,Gwangju,1503.0,12079,0,1495,8,1667.0,2022-02-09
101,25459,堡林,Gwangju,1427.0,12414,0,1422,5,1766.0,2022-02-10
105,26867,堡林,Gwangju,1408.0,12848,0,1405,3,1864.0,2022-02-11
105,28443,堡林,Gwangju,1576.0,13011,0,1573,3,1973.0,2022-02-12
105,29983,堡林,Gwangju,1540.0,13011,0,1537,3,2080.0,2022-02-13
106,31522,堡林,Gwangju,1539.0,13239,0,1536,3,2187.0,2022-02-14
107,33130,堡林,Gwangju,1608.0,13339,0,1599,9,2298.0,2022-02-15
108,35428,堡林,Gwangju,2298.0,13335,0,2294,4,2458.0,2022-02-16
109,38040,堡林,Gwangju,2612.0,13335,0,2608,4,2639.0,2022-02-17
109,40709,堡林,Gwangju,2669.0,13440,0,2665,4,2824.0,2022-02-18
110,43450,堡林,Gwangju,2741.0,13489,0,2740,1,2996.0,2022-02-19
110,46111,堡林,Gwangju,2661.0,13533,0,2656,5,3180.0,2022-02-20
110,48700,堡林,Gwangju,2589.0,13565,0,2584,5,3378.0,2022-02-21
110,51947,堡林,Gwangju,3247.0,13667,0,3239,8,3603.0,2022-02-22
112,56172,堡林,Gwangju,4225.0,13751,0,4221,4,3896.0,2022-02-23
114,60307,堡林,Gwangju,4135.0,13883,0,4128,8,4183.0,2022-02-24
115,64911,堡林,Gwangju,4604.0,13958,0,4598,6,4503.0,2022-02-25
119,69794,堡林,Gwangju,4883.0,14056,0,4866,17,4841.0,2022-02-26
120,74067,堡林,Gwangju,4273.0,14056,0,4273,0,5138.0,2022-02-27
120,78234,堡林,Gwangju,4167.0,14056,0,4153,14,5427.0,2022-02-28
121,83040,堡林,Gwangju,4806.0,14258,0,4802,4,5727.0,2022-03-01
121,88299,堡林,Gwangju,5259.0,14258,0,5256,3,6125.0,2022-03-02
125,95297,堡林,Gwangju,6998.0,14414,0,6994,4,6610.0,2022-03-03
127,102071,堡林,Gwangju,6774.0,14414,0,6768,6,7080.0,2022-03-04
135,109478,堡林,Gwangju,7407.0,14494,0,7398,9,7594.0,2022-03-05
140,116135,堡林,Gwangju,6657.0,14494,0,6656,1,8056.0,2022-03-06
141,122609,堡林,Gwangju,6474.0,14494,0,6465,9,8505.0,2022-03-07
141,129082,堡林,Gwangju,6473.0,14671,0,6461,12,8954.0,2022-03-08
147,136500,堡林,Gwangju,7418.0,14727,0,7413,5,9469.0,2022-03-09
150,142798,堡林,Gwangju,6298.0,14727,0,6300,0,9905.0,2022-03-10
150,151646,堡林,Gwangju,8848.0,14727,0,8836,12,10519.0,2022-03-11
166,160600,堡林,Gwangju,8954.0,14836,0,8948,6,11075.0,2022-03-12
179,167793,堡林,Gwangju,7193.0,14836,0,7191,2,11571.0,2022-03-13
185,176132,堡林,Gwangju,8339.0,14836,0,8334,5,12218.0,2022-03-14
200,187305,堡林,Gwangju,11173.0,14961,0,11167,6,12993.0,2022-03-15
202,197731,堡林,Gwangju,10426.0,14979,0,10422,4,13716.0,2022-03-16
214,214679,堡林,Gwangju,16948.0,14999,0,16948,0,14892.0,2022-03-17
228,230126,堡林,Gwangju,15447.0,14999,0,15444,3,15963.0,2022-03-18
238,241692,堡林,Gwangju,11566.0,15057,0,11565,1,16668.0,2022-03-19
248,251723,堡林,Gwangju,10031.0,15057,0,10028,3,17359.0,2022-03-20
261,260184,堡林,Gwangju,8461.0,15057,0,8460,1,18048.0,2022-03-21
271,267168,堡林,Gwangju,6984.0,15090,0,6985,1,18533.0,2022-03-22
272,279355,堡林,Gwangju,12187.0,15090,0,12185,2,19378.0,2022-03-23
285,291820,堡林,Gwangju,12465.0,15090,0,12463,2,20243.0,2022-03-24
297,302079,堡林,Gwangju,10259.0,15090,0,4,10263,20954.0,2022-03-25
303,311988,堡林,Gwangju,9909.0,15135,0,9907,2,21642.0,2022-03-26
307,320921,堡林,Gwangju,8933.0,15135,0,8932,1,22261.0,2022-03-27
315,328402,堡林,Gwangju,7481.0,15135,0,7481,0,22780.0,2022-03-28
323,336322,堡林,Gwangju,7920.0,0,0,7918,2,23330.0,2022-03-29
332,348623,堡林,Gwangju,12301.0,0,0,12299,2,24183.0,2022-03-30
341,359985,堡林,Gwangju,11362.0,0,0,11361,1,24971.0,2022-03-31
358,369269,堡林,Gwangju,9284.0,0,0,9286,0,25615.0,2022-04-01
370,377293,堡林,Gwangju,8024.0,0,0,8032,1,26172.0,2022-04-02
377,384294,堡林,Gwangju,7001.0,0,0,6998,3,26657.0,2022-04-03
386,390095,堡林,Gwangju,5801.0,0,0,5801,0,27060.0,2022-04-04
393,397566,堡林,Gwangju,7471.0,0,0,7470,1,27578.0,2022-04-05
401,406716,堡林,Gwangju,9150.0,0,0,9152,2,28213.0,2022-04-06
407,414852,堡林,Gwangju,8136.0,0,0,8132,4,28777.0,2022-04-07
420,422170,堡林,Gwangju,7318.0,0,0,7315,3,29285.0,2022-04-08
426,428655,堡林,Gwangju,6485.0,0,0,6484,3,29734.0,2022-04-09
426,433990,堡林,Gwangju,5335.0,0,0,5332,3,30105.0,2022-04-10
454,437969,堡林,Gwangju,3979.0,0,0,3978,1,30381.0,2022-04-11
456,444628,堡林,Gwangju,6659.0,0,0,6659,0,30842.0,2022-04-12
463,452033,堡林,Gwangju,7405.0,0,0,7403,5,31356.0,2022-04-13
471,457694,堡林,Gwangju,5661.0,0,0,5660,1,31749.0,2022-04-14
483,462419,堡林,Gwangju,4725.0,0,0,4725,0,32077.0,2022-04-15
493,466514,堡林,Gwangju,4095.0,0,0,4092,3,32361.0,2022-04-16
498,470075,堡林,Gwangju,3561.0,0,0,3559,2,32608.0,2022-04-17
501,472025,堡林,Gwangju,1950.0,0,0,1949,1,32743.0,2022-04-18
504,475042,堡林,Gwangju,3017.0,0,0,3019,1,32952.0,2022-04-19
507,479113,堡林,Gwangju,4071.0,0,0,4070,1,33235.0,2022-04-20
510,482289,堡林,Gwangju,3176.0,0,0,3176,0,33455.0,2022-04-21
510,485096,堡林,Gwangju,2807.0,0,0,2806,1,33650.0,2022-04-22
516,487920,堡林,Gwangju,2824.0,0,0,2823,3,33845.0,2022-04-23
518,490293,堡林,Gwangju,2373.0,0,0,2371,2,34010.0,2022-04-24
520,491970,堡林,Gwangju,1677.0,0,0,1676,1,34126.0,2022-04-25
523,494167,堡林,Gwangju,2197.0,0,0,2197,0,34279.0,2022-04-26
526,497219,堡林,Gwangju,3052.0,0,0,3053,1,34491.0,2022-04-27
526,499290,堡林,Gwangju,2071.0,0,0,2070,1,34634.0,2022-04-28
530,501190,堡林,Gwangju,1900.0,0,0,1898,2,34766.0,2022-04-29
530,502843,堡林,Gwangju,1653.0,0,0,1655,0,34881.0,2022-04-30
531,504143,堡林,Gwangju,1300.0,0,0,1293,7,34971.0,2022-05-01
533,505029,堡林,Gwangju,886.0,0,0,886,0,35032.0,2022-05-02
534,506466,堡林,Gwangju,1437.0,0,0,1435,2,35132.0,2022-05-03
538,508308,堡林,Gwangju,1842.0,0,0,1839,4,35260.0,2022-05-04
539,509758,堡林,Gwangju,1450.0,0,0,1449,1,35154.0,2022-05-05
539,510979,堡林,Gwangju,1221.0,0,0,1220,1,35445.0,2022-05-06
539,511967,堡林,Gwangju,988.0,0,0,988,0,35307.0,2022-05-07
540,513564,堡林,Gwangju,1597.0,0,0,1596,1,35417.0,2022-05-08
540,514476,堡林,Gwangju,912.0,0,0,911,1,35688.0,2022-05-09
541,515999,堡林,Gwangju,1523.0,0,0,1523,0,35793.0,2022-05-10
542,517677,堡林,Gwangju,1678.0,0,0,1675,3,35910.0,2022-05-11
544,518968,堡林,Gwangju,1291.0,0,0,1291,0,35999.0,2022-05-12
545,520067,堡林,Gwangju,1099.0,0,0,1097,2,36075.0,2022-05-13
547,521053,堡林,Gwangju,986.0,0,0,986,0,36144.0,2022-05-14
548,521749,堡林,Gwangju,696.0,0,0,693,3,36192.0,2022-05-15
548,522391,堡林,Gwangju,642.0,0,0,642,0,36237.0,2022-05-16
549,523272,堡林,Gwangju,881.0,0,0,881,0,36298.0,2022-05-17
549,524173,堡林,Gwangju,901.0,0,0,900,1,36360.0,2022-05-18
549,524990,堡林,Gwangju,817.0,0,0,817,1,36417.0,2022-05-19
549,525811,堡林,Gwangju,821.0,0,0,821,0,36474.0,2022-05-20
549,526562,堡林,Gwangju,751.0,0,0,749,2,36526.0,2022-05-21
552,527180,堡林,Gwangju,618.0,0,0,617,1,36569.0,2022-05-22
552,527522,堡林,Gwangju,342.0,0,0,342,0,36593.0,2022-05-23
552,528116,堡林,Gwangju,594.0,0,0,590,4,36634.0,2022-05-24
552,528930,堡林,Gwangju,814.0,0,0,809,5,36690.0,2022-05-25
552,529522,堡林,Gwangju,592.0,0,0,591,3,36731.0,2022-05-26
553,529987,堡林,Gwangju,465.0,0,0,463,2,36764.0,2022-05-27
553,530483,堡林,Gwangju,496.0,0,0,495,1,36798.0,2022-05-28
553,530903,堡林,Gwangju,420.0,0,0,414,6,36827.0,2022-05-29
553,531105,堡林,Gwangju,202.0,0,0,196,6,36841.0,2022-05-30
555,531536,堡林,Gwangju,431.0,0,0,428,3,36871.0,2022-05-31
557,531998,堡林,Gwangju,462.0,0,0,458,4,36903.0,2022-06-01
557,532262,堡林,Gwangju,264.0,0,0,264,0,36921.0,2022-06-02
557,532592,堡林,Gwangju,330.0,0,0,329,1,36944.0,2022-06-03
557,532913,堡林,Gwangju,321.0,0,0,319,2,36966.0,2022-06-04
557,533175,堡林,Gwangju,262.0,0,0,260,2,36985.0,2022-06-05
557,533330,堡林,Gwangju,155.0,0,0,154,1,36995.0,2022-06-06
557,533472,堡林,Gwangju,142.0,0,0,139,3,37005.0,2022-06-07
557,533825,堡林,Gwangju,353.0,0,0,350,3,37030.0,2022-06-08
558,534177,堡林,Gwangju,352.0,0,0,347,5,37054.0,2022-06-09
558,534455,堡林,Gwangju,278.0,0,0,276,2,37073.0,2022-06-10
559,534681,堡林,Gwangju,226.0,0,0,225,1,37089.0,2022-06-11
561,534873,堡林,Gwangju,192.0,0,0,188,4,37102.0,2022-06-12
561,534981,堡林,Gwangju,108.0,0,0,100,8,37110.0,2022-06-13
561,535179,堡林,Gwangju,198.0,0,0,194,4,37124.0,2022-06-14
563,535392,堡林,Gwangju,213.0,0,0,210,4,37138.0,2022-06-15
563,535579,堡林,Gwangju,187.0,0,0,184,3,37151.0,2022-06-16
563,535741,堡林,Gwangju,162.0,0,0,159,3,37163.0,2022-06-17
563,535876,堡林,Gwangju,135.0,0,0,130,5,36955.0,2022-06-18
564,536010,堡林,Gwangju,134.0,0,0,130,4,36965.0,2022-06-19
564,536126,堡林,Gwangju,116.0,0,0,107,9,37189.0,2022-06-20
564,536306,堡林,Gwangju,180.0,0,0,178,2,37202.0,2022-06-21
564,536489,堡林,Gwangju,183.0,0,0,180,3,37215.0,2022-06-22
565,536634,堡林,Gwangju,145.0,0,0,141,4,37225.0,2022-06-23
566,536777,堡林,Gwangju,143.0,0,0,140,3,37235.0,2022-06-24
566,536901,堡林,Gwangju,124.0,0,0,123,2,37243.0,2022-06-25
566,537024,堡林,Gwangju,123.0,0,0,110,13,37252.0,2022-06-26
566,537107,堡林,Gwangju,83.0,0,0,80,3,37257.0,2022-06-27
566,537236,堡林,Gwangju,129.0,0,0,128,1,37266.0,2022-06-28
566,537446,堡林,Gwangju,210.0,0,0,206,4,37281.0,2022-06-29
567,537640,堡林,Gwangju,194.0,0,0,180,14,37294.0,2022-06-30
567,537811,堡林,Gwangju,171.0,0,0,167,4,37306.0,2022-07-01
567,537975,堡林,Gwangju,164.0,0,0,157,7,37318.0,2022-07-02
567,538163,堡林,Gwangju,188.0,0,0,181,7,37331.0,2022-07-03
568,538307,堡林,Gwangju,144.0,0,0,130,14,37341.0,2022-07-04
568,538587,堡林,Gwangju,280.0,0,0,272,8,37360.0,2022-07-05
568,538924,堡林,Gwangju,337.0,0,0,326,11,37383.0,2022-07-06
568,539237,堡林,Gwangju,313.0,0,0,303,10,37405.0,2022-07-07
568,539599,堡林,Gwangju,362.0,0,0,355,7,37430.0,2022-07-08
568,539949,堡林,Gwangju,350.0,0,0,343,7,37455.0,2022-07-09
568,540319,堡林,Gwangju,370.0,0,0,351,19,37480.0,2022-07-10
568,540586,堡林,Gwangju,267.0,0,0,256,11,37499.0,2022-07-11
568,541248,堡林,Gwangju,662.0,0,0,656,6,37545.0,2022-07-12
568,542062,堡林,Gwangju,814.0,0,0,794,20,37601.0,2022-07-13
569,542862,堡林,Gwangju,800.0,0,0,785,15,37657.0,2022-07-14
569,543678,堡林,Gwangju,816.0,0,0,810,6,37713.0,2022-07-15
569,544490,堡林,Gwangju,812.0,0,0,797,15,37549.0,2022-07-16
569,545427,堡林,Gwangju,937.0,0,0,912,25,37614.0,2022-07-17
570,546007,堡林,Gwangju,580.0,0,0,557,23,37875.0,2022-07-18
570,547375,堡林,Gwangju,1368.0,0,0,1348,20,37970.0,2022-07-19
570,549098,堡林,Gwangju,1723.0,0,0,1694,29,38089.0,2022-07-20
570,550747,堡林,Gwangju,1649.0,0,0,1628,22,38204.0,2022-07-21
570,552344,堡林,Gwangju,1597.0,0,0,1573,24,38314.0,2022-07-22
572,553978,堡林,Gwangju,1634.0,0,0,1612,22,38428.0,2022-07-23
572,555648,堡林,Gwangju,1670.0,0,0,1636,34,38544.0,2022-07-24
573,556754,堡林,Gwangju,1106.0,0,0,1080,26,38620.0,2022-07-25
573,559069,堡林,Gwangju,2315.0,0,0,2290,25,38781.0,2022-07-26
573,561959,堡林,Gwangju,2890.0,0,0,2844,46,38981.0,2022-07-27
573,564428,堡林,Gwangju,2469.0,0,0,2443,26,39153.0,2022-07-28
573,566809,堡林,Gwangju,2381.0,0,0,2369,12,39318.0,2022-07-29
574,568978,堡林,Gwangju,2169.0,0,0,2144,28,39468.0,2022-07-30
575,571262,堡林,Gwangju,2284.0,0,0,2258,26,39627.0,2022-07-31
576,572757,堡林,Gwangju,1495.0,0,0,1473,22,39730.0,2022-08-01
576,575406,堡林,Gwangju,2649.0,0,0,2595,54,39914.0,2022-08-02
577,578959,堡林,Gwangju,3553.0,0,0,3489,64,40161.0,2022-08-03
577,582374,堡林,Gwangju,3415.0,0,0,3375,41,40397.0,2022-08-04
578,585768,堡林,Gwangju,3394.0,0,0,3367,27,40633.0,2022-08-05
580,588611,堡林,Gwangju,2843.0,0,0,2810,35,40830.0,2022-08-06
581,592026,堡林,Gwangju,3415.0,0,0,3391,24,41067.0,2022-08-07
581,594023,堡林,Gwangju,1997.0,0,0,1970,27,41205.0,2022-08-08
584,597484,堡林,Gwangju,3461.0,0,0,3419,42,41446.0,2022-08-09
589,602643,堡林,Gwangju,5159.0,0,0,5119,40,41803.0,2022-08-10
590,607445,堡林,Gwangju,4802.0,0,0,4779,25,42137.0,2022-08-11
590,611485,堡林,Gwangju,4040.0,0,0,4013,27,42417.0,2022-08-12
591,615881,堡林,Gwangju,4396.0,0,0,4380,16,42722.0,2022-08-13
591,620367,堡林,Gwangju,4486.0,0,0,4463,23,43033.0,2022-08-14
592,623081,堡林,Gwangju,2714.0,0,0,2693,21,43221.0,2022-08-15
592,625741,堡林,Gwangju,2660.0,0,0,2648,12,43406.0,2022-08-16
592,631262,堡林,Gwangju,5521.0,0,0,5493,28,43789.0,2022-08-17
593,637996,堡林,Gwangju,6734.0,0,0,6712,25,44256.0,2022-08-18
596,643408,堡林,Gwangju,5412.0,0,0,5388,24,44631.0,2022-08-19
598,648120,堡林,Gwangju,4712.0,0,0,4690,22,44958.0,2022-08-20
599,652152,堡林,Gwangju,4032.0,0,0,4008,24,45238.0,2022-08-21
600,654813,堡林,Gwangju,2661.0,0,0,2646,15,45422.0,2022-08-22
600,658984,堡林,Gwangju,4171.0,0,0,4147,24,45712.0,2022-08-23
604,664730,堡林,Gwangju,5746.0,0,0,5722,24,46110.0,2022-08-24
607,668865,堡林,Gwangju,4135.0,0,0,4124,16,46397.0,2022-08-25
607,672553,堡林,Gwangju,3688.0,0,0,3672,18,46653.0,2022-08-26
610,675910,堡林,Gwangju,3357.0,0,0,3336,21,46612.0,2022-08-27
611,679145,堡林,Gwangju,3235.0,0,0,3220,15,47110.0,2022-08-28
614,680639,堡林,Gwangju,1494.0,0,0,1481,13,47214.0,2022-08-29
616,683592,堡林,Gwangju,2953.0,0,0,2943,10,47419.0,2022-08-30
619,687241,堡林,Gwangju,3649.0,0,0,3623,26,47672.0,2022-08-31
621,690055,堡林,Gwangju,2814.0,0,0,2798,20,47867.0,2022-09-01
623,692562,堡林,Gwangju,2507.0,0,0,2493,14,48041.0,2022-09-02
625,694797,堡林,Gwangju,2235.0,0,0,2223,12,48196.0,2022-09-03
628,697162,堡林,Gwangju,2365.0,0,0,2359,6,48360.0,2022-09-04
628,698388,堡林,Gwangju,1226.0,0,0,1221,5,48445.0,2022-09-05
628,700817,堡林,Gwangju,2429.0,0,0,2416,13,48613.0,2022-09-06
632,703730,堡林,Gwangju,2913.0,0,0,2905,8,48816.0,2022-09-07
632,705959,堡林,Gwangju,2229.0,0,0,2226,4,48970.0,2022-09-08
632,707908,堡林,Gwangju,1949.0,0,0,1941,8,49105.0,2022-09-09
633,709470,堡林,Gwangju,1562.0,0,0,1558,4,49214.0,2022-09-10
634,710339,堡林,Gwangju,869.0,0,0,862,7,48987.0,2022-09-11
635,711222,堡林,Gwangju,883.0,0,0,882,1,49335.0,2022-09-12
635,712558,堡林,Gwangju,1336.0,0,0,1329,7,49428.0,2022-09-13
637,715090,堡林,Gwangju,2532.0,0,0,2519,13,49604.0,2022-09-14
638,717263,堡林,Gwangju,2173.0,0,0,2167,7,49754.0,2022-09-15
639,718735,堡林,Gwangju,1472.0,0,0,1463,9,49856.0,2022-09-16
641,719967,堡林,Gwangju,1232.0,0,0,1222,10,49942.0,2022-09-17
643,721075,堡林,Gwangju,1108.0,0,0,1101,7,50019.0,2022-09-18
643,721625,堡林,Gwangju,550.0,0,0,547,3,50057.0,2022-09-19
643,722686,堡林,Gwangju,1061.0,0,0,1056,5,50130.0,2022-09-20
645,723985,堡林,Gwangju,1299.0,0,0,1290,9,50221.0,2022-09-21
646,724883,堡林,Gwangju,898.0,0,0,889,9,50283.0,2022-09-22
647,725659,堡林,Gwangju,776.0,0,0,768,8,50337.0,2022-09-23
655,726405,堡林,Gwangju,746.0,0,0,742,4,50388.0,2022-09-24
658,727045,堡林,Gwangju,640.0,0,0,636,4,50433.0,2022-09-25
659,727511,堡林,Gwangju,466.0,0,0,463,3,50465.0,2022-09-26
660,728341,堡林,Gwangju,830.0,0,0,822,8,50523.0,2022-09-27
661,729361,堡林,Gwangju,1020.0,0,0,1004,16,50593.0,2022-09-28
661,730107,堡林,Gwangju,746.0,0,0,744,3,50645.0,2022-09-29
661,730758,堡林,Gwangju,651.0,0,0,642,9,50690.0,2022-09-30
661,731376,堡林,Gwangju,618.0,0,0,615,3,50733.0,2022-10-01
662,731961,堡林,Gwangju,585.0,0,0,577,8,50774.0,2022-10-02
662,732211,堡林,Gwangju,250.0,0,0,236,14,50791.0,2022-10-03
662,732534,堡林,Gwangju,323.0,0,0,317,6,50814.0,2022-10-04
663,733269,堡林,Gwangju,735.0,0,0,735,0,50865.0,2022-10-05
663,733948,堡林,Gwangju,679.0,0,0,680,1,50912.0,2022-10-06
663,734469,堡林,Gwangju,521.0,0,0,519,2,50948.0,2022-10-07
664,734943,堡林,Gwangju,474.0,0,0,470,4,50981.0,2022-10-08
664,735365,堡林,Gwangju,422.0,0,0,422,0,51010.0,2022-10-09
664,735598,堡林,Gwangju,233.0,0,0,233,0,51026.0,2022-10-10
664,735936,堡林,Gwangju,338.0,0,0,338,0,51050.0,2022-10-11
664,736483,堡林,Gwangju,547.0,0,0,545,2,51087.0,2022-10-12
665,737173,堡林,Gwangju,690.0,0,0,691,0,51135.0,2022-10-13
666,737689,堡林,Gwangju,516.0,0,0,514,2,51171.0,2022-10-14
667,738235,堡林,Gwangju,546.0,0,0,546,0,51209.0,2022-10-15
672,738801,堡林,Gwangju,566.0,0,0,565,1,51248.0,2022-10-16
672,739059,堡林,Gwangju,258.0,0,0,258,0,51266.0,2022-10-17
673,739733,堡林,Gwangju,674.0,0,0,672,2,51313.0,2022-10-18
678,740411,堡林,Gwangju,678.0,0,0,678,0,51360.0,2022-10-19
682,741079,堡林,Gwangju,668.0,0,0,669,1,51406.0,2022-10-20
691,741647,堡林,Gwangju,568.0,0,0,566,2,51446.0,2022-10-21
693,742282,堡林,Gwangju,635.0,0,0,635,0,51490.0,2022-10-22
694,742893,堡林,Gwangju,611.0,0,0,610,1,51532.0,2022-10-23
695,743237,堡林,Gwangju,344.0,0,0,344,0,51556.0,2022-10-24
695,744080,堡林,Gwangju,843.0,0,0,841,2,51614.0,2022-10-25
695,745052,堡林,Gwangju,972.0,0,0,972,0,51682.0,2022-10-26
695,745947,堡林,Gwangju,895.0,0,0,892,3,51744.0,2022-10-27
695,746752,堡林,Gwangju,805.0,0,0,804,1,51800.0,2022-10-28
697,747626,堡林,Gwangju,874.0,0,0,872,2,51860.0,2022-10-29
698,748512,堡林,Gwangju,886.0,0,0,885,1,51922.0,2022-10-30
699,748968,堡林,Gwangju,456.0,0,0,456,0,51954.0,2022-10-31
699,750063,堡林,Gwangju,1095.0,0,0,1094,1,52030.0,2022-11-01
700,751389,堡林,Gwangju,1326.0,0,0,1325,1,52121.0,2022-11-02
702,752591,堡林,Gwangju,1202.0,0,0,1200,2,52205.0,2022-11-03
703,753637,堡林,Gwangju,1046.0,0,0,1046,0,52277.0,2022-11-04
703,754612,堡林,Gwangju,975.0,0,0,975,0,52345.0,2022-11-05
704,755557,堡林,Gwangju,945.0,0,0,945,0,52411.0,2022-11-06
704,756076,堡林,Gwangju,519.0,0,0,515,4,52447.0,2022-11-07
704,757290,堡林,Gwangju,1214.0,0,0,1213,1,52531.0,2022-11-08
704,758867,堡林,Gwangju,1577.0,0,0,1577,0,52640.0,2022-11-09
705,760325,堡林,Gwangju,1458.0,0,0,1457,1,52741.0,2022-11-10
707,761611,堡林,Gwangju,1286.0,0,0,1286,0,52831.0,2022-11-11
710,762941,堡林,Gwangju,1330.0,0,0,1332,0,52923.0,2022-11-12
710,764461,堡林,Gwangju,1520.0,0,0,1520,0,53028.0,2022-11-13
713,765153,堡林,Gwangju,692.0,0,0,692,0,53076.0,2022-11-14
714,766728,堡林,Gwangju,1575.0,0,0,1575,0,53185.0,2022-11-15
715,768665,堡林,Gwangju,1937.0,0,0,1937,0,53320.0,2022-11-16
723,770204,堡林,Gwangju,1539.0,0,0,1537,2,53427.0,2022-11-17
725,771591,堡林,Gwangju,1387.0,0,0,1387,0,53523.0,2022-11-18
725,772951,堡林,Gwangju,1360.0,0,0,1360,0,53617.0,2022-11-19
725,774426,堡林,Gwangju,1475.0,0,0,1475,0,53719.0,2022-11-20
725,774975,堡林,Gwangju,549.0,0,0,548,1,53758.0,2022-11-21
727,776491,堡林,Gwangju,1516.0,0,0,1516,0,53863.0,2022-11-22
728,778668,堡林,Gwangju,2177.0,0,0,2176,1,54014.0,2022-11-23
730,780352,堡林,Gwangju,1684.0,0,0,1684,0,54131.0,2022-11-24
730,782014,堡林,Gwangju,1662.0,0,0,1662,0,54246.0,2022-11-25
730,783616,堡林,Gwangju,1602.0,0,0,1602,2,54357.0,2022-11-26
731,785070,堡林,Gwangju,1454.0,0,0,1454,0,54458.0,2022-11-27
732,785828,堡林,Gwangju,758.0,0,0,758,0,54510.0,2022-11-28
734,787594,堡林,Gwangju,1766.0,0,0,1763,3,54633.0,2022-11-29
734,789813,堡林,Gwangju,2219.0,0,0,2216,3,54787.0,2022-11-30
734,791655,堡林,Gwangju,1842.0,0,0,1842,0,54915.0,2022-12-01
735,793272,堡林,Gwangju,1617.0,0,0,1616,1,55027.0,2022-12-02
737,795047,堡林,Gwangju,1775.0,0,0,1775,1,55150.0,2022-12-03
742,796751,堡林,Gwangju,1704.0,0,0,1704,0,55268.0,2022-12-04
743,797569,堡林,Gwangju,818.0,0,0,817,1,55325.0,2022-12-05
745,799589,堡林,Gwangju,2020.0,0,0,2019,1,55465.0,2022-12-06
748,802140,堡林,Gwangju,2551.0,0,0,2549,2,55642.0,2022-12-07
748,804404,堡林,Gwangju,2264.0,0,0,2264,0,55799.0,2022-12-08
749,806480,堡林,Gwangju,2076.0,0,0,2076,0,55943.0,2022-12-09
751,808524,堡林,Gwangju,2044.0,0,0,2044,0,56085.0,2022-12-10
752,810418,堡林,Gwangju,1894.0,0,0,1892,2,56216.0,2022-12-11
752,811371,堡林,Gwangju,953.0,0,0,953,0,56282.0,2022-12-12
752,813711,堡林,Gwangju,2340.0,0,0,2338,2,56445.0,2022-12-13
754,816581,堡林,Gwangju,2870.0,0,0,2868,2,56644.0,2022-12-14
755,818906,堡林,Gwangju,2325.0,0,0,2324,1,56805.0,2022-12-15
756,821172,堡林,Gwangju,2266.0,0,0,2264,2,56962.0,2022-12-16
759,823273,堡林,Gwangju,2101.0,0,0,2104,1,57108.0,2022-12-17
761,825349,堡林,Gwangju,2076.0,0,0,2075,1,57252.0,2022-12-18
762,826195,堡林,Gwangju,846.0,0,0,846,0,57311.0,2022-12-19
763,828169,堡林,Gwangju,1974.0,0,0,1974,0,57447.0,2022-12-20
763,830994,堡林,Gwangju,2825.0,0,0,2823,2,57643.0,2022-12-21
764,833366,堡林,Gwangju,2372.0,0,0,2368,4,57808.0,2022-12-22
764,835356,堡林,Gwangju,1990.0,0,0,1990,0,57946.0,2022-12-23
766,837256,堡林,Gwangju,1900.0,0,0,1900,1,58078.0,2022-12-24
766,838965,堡林,Gwangju,1709.0,0,0,1709,0,58196.0,2022-12-25
766,839695,堡林,Gwangju,730.0,0,0,730,0,58247.0,2022-12-26
767,841430,堡林,Gwangju,1735.0,0,0,1735,0,58367.0,2022-12-27
769,843929,堡林,Gwangju,2499.0,0,0,2496,3,58541.0,2022-12-28
772,845796,堡林,Gwangju,1867.0,0,0,1867,0,58670.0,2022-12-29
773,847447,堡林,Gwangju,1651.0,0,0,1651,0,58785.0,2022-12-30
773,849060,堡林,Gwangju,1613.0,0,0,1612,3,58897.0,2022-12-31
775,850624,堡林,Gwangju,1564.0,0,0,1563,1,59005.0,2023-01-01
776,851322,堡林,Gwangju,698.0,0,0,698,0,59054.0,2023-01-02
777,852801,堡林,Gwangju,1479.0,0,0,1479,0,59156.0,2023-01-03
778,855084,堡林,Gwangju,2283.0,0,0,2283,0,59314.0,2023-01-04
781,856695,堡林,Gwangju,1611.0,0,0,1609,2,59426.0,2023-01-05
782,858108,堡林,Gwangju,1413.0,0,0,1412,1,59524.0,2023-01-06
783,859531,堡林,Gwangju,1423.0,0,0,1423,2,59623.0,2023-01-07
785,860904,堡林,Gwangju,1373.0,0,0,1369,4,59718.0,2023-01-08
785,861487,堡林,Gwangju,583.0,0,0,581,2,59759.0,2023-01-09
787,862607,堡林,Gwangju,1120.0,0,0,1120,0,59836.0,2023-01-10
792,864194,堡林,Gwangju,1587.0,0,0,1586,1,59946.0,2023-01-11
793,865334,堡林,Gwangju,1140.0,0,0,1138,2,60025.0,2023-01-12
794,866327,堡林,Gwangju,993.0,0,0,992,1,60094.0,2023-01-13
794,867292,堡林,Gwangju,965.0,0,0,966,3,60161.0,2023-01-14
794,868163,堡林,Gwangju,871.0,0,0,867,4,60222.0,2023-01-15
794,868581,堡林,Gwangju,418.0,0,0,415,3,60251.0,2023-01-16
794,869425,堡林,Gwangju,844.0,0,0,842,2,60754.0,2023-01-17
795,870441,堡林,Gwangju,1016.0,0,0,1016,0,60825.0,2023-01-18
796,871244,堡林,Gwangju,803.0,0,0,802,1,60881.0,2023-01-19
796,871944,堡林,Gwangju,700.0,0,0,700,0,60930.0,2023-01-20
798,872675,堡林,Gwangju,731.0,0,0,733,0,60981.0,2023-01-21
799,873322,堡林,Gwangju,647.0,0,0,646,1,60580.0,2023-01-22
799,873614,堡林,Gwangju,292.0,0,0,292,0,61047.0,2023-01-23
799,873914,堡林,Gwangju,300.0,0,0,300,0,61068.0,2023-01-24
799,874374,堡林,Gwangju,460.0,0,0,460,0,61100.0,2023-01-25
802,875270,堡林,Gwangju,896.0,0,0,896,0,61163.0,2023-01-26
804,876352,堡林,Gwangju,1082.0,0,0,1082,0,61238.0,2023-01-27
804,877111,堡林,Gwangju,759.0,0,0,761,0,61291.0,2023-01-28
804,877780,堡林,Gwangju,669.0,0,0,668,1,61338.0,2023-01-29
804,878038,堡林,Gwangju,258.0,0,0,258,0,61356.0,2023-01-30
804,878555,堡林,Gwangju,517.0,0,0,516,1,61392.0,2023-01-31
805,879181,堡林,Gwangju,626.0,0,0,626,0,61436.0,2023-02-01
805,879682,堡林,Gwangju,501.0,0,0,500,1,61471.0,2023-02-02
805,880121,堡林,Gwangju,439.0,0,0,438,1,61502.0,2023-02-03
806,880526,堡林,Gwangju,405.0,0,0,405,0,61530.0,2023-02-04
807,880994,堡林,Gwangju,468.0,0,0,468,0,61563.0,2023-02-05
807,881208,堡林,Gwangju,214.0,0,0,214,0,61578.0,2023-02-06
807,881661,堡林,Gwangju,453.0,0,0,453,0,61609.0,2023-02-07
808,882230,堡林,Gwangju,569.0,0,0,569,0,61649.0,2023-02-08
808,882694,堡林,Gwangju,464.0,0,0,464,0,61682.0,2023-02-09
808,883133,堡林,Gwangju,439.0,0,0,439,0,61712.0,2023-02-10
808,883591,堡林,Gwangju,458.0,0,0,458,0,61744.0,2023-02-11
809,884035,堡林,Gwangju,444.0,0,0,443,1,61775.0,2023-02-12
809,884234,堡林,Gwangju,199.0,0,0,199,0,61789.0,2023-02-13
809,884628,堡林,Gwangju,394.0,0,0,392,2,61817.0,2023-02-14
809,885121,堡林,Gwangju,493.0,0,0,493,0,61851.0,2023-02-15
809,885475,堡林,Gwangju,354.0,0,0,352,2,61876.0,2023-02-16
810,885814,堡林,Gwangju,339.0,0,0,339,0,61900.0,2023-02-17
811,886134,堡林,Gwangju,320.0,0,0,320,0,61922.0,2023-02-18
811,886406,堡林,Gwangju,272.0,0,0,272,0,61941.0,2023-02-19
811,886542,堡林,Gwangju,136.0,0,0,136,0,61950.0,2023-02-20
812,886821,堡林,Gwangju,279.0,0,0,279,0,61970.0,2023-02-21
812,887228,堡林,Gwangju,407.0,0,0,405,2,61998.0,2023-02-22
812,887561,堡林,Gwangju,333.0,0,0,332,1,62022.0,2023-02-23
812,887863,堡林,Gwangju,302.0,0,0,302,0,62043.0,2023-02-24
813,888125,堡林,Gwangju,262.0,0,0,261,1,62061.0,2023-02-25
813,888435,堡林,Gwangju,310.0,0,0,310,0,62083.0,2023-02-26
813,888543,堡林,Gwangju,108.0,0,0,107,1,62090.0,2023-02-27
814,888808,堡林,Gwangju,265.0,0,0,265,0,62109.0,2023-02-28
815,889152,堡林,Gwangju,344.0,0,0,344,0,62133.0,2023-03-01
815,889389,堡林,Gwangju,237.0,0,0,235,2,62149.0,2023-03-02
815,889638,堡林,Gwangju,249.0,0,0,249,0,62167.0,2023-03-03
815,889951,堡林,Gwangju,313.0,0,0,312,1,62189.0,2023-03-04
815,890219,堡林,Gwangju,268.0,0,0,267,1,62207.0,2023-03-05
815,890313,堡林,Gwangju,94.0,0,0,94,0,62214.0,2023-03-06
815,890609,堡林,Gwangju,296.0,0,0,295,1,62235.0,2023-03-07
816,890962,堡林,Gwangju,353.0,0,0,353,0,62259.0,2023-03-08
817,891280,堡林,Gwangju,318.0,0,0,318,0,62282.0,2023-03-09
817,891620,堡林,Gwangju,340.0,0,0,340,0,62305.0,2023-03-10
817,891904,堡林,Gwangju,284.0,0,0,284,0,62325.0,2023-03-11
817,892186,堡林,Gwangju,282.0,0,0,282,0,62345.0,2023-03-12
817,892294,堡林,Gwangju,108.0,0,0,108,0,62352.0,2023-03-13
818,892561,堡林,Gwangju,267.0,0,0,267,0,62371.0,2023-03-14
818,892914,堡林,Gwangju,353.0,0,0,353,0,62396.0,2023-03-15
818,893182,堡林,Gwangju,268.0,0,0,268,0,62414.0,2023-03-16
818,893415,堡林,Gwangju,233.0,0,0,233,0,62431.0,2023-03-17
818,893700,堡林,Gwangju,285.0,0,0,285,0,62451.0,2023-03-18
818,893946,堡林,Gwangju,246.0,0,0,246,0,62468.0,2023-03-19
818,894081,堡林,Gwangju,135.0,0,0,135,0,62477.0,2023-03-20
818,894363,堡林,Gwangju,282.0,0,0,282,0,62497.0,2023-03-21
821,894772,堡林,Gwangju,409.0,0,0,408,1,62526.0,2023-03-22
821,895125,堡林,Gwangju,353.0,0,0,353,0,62550.0,2023-03-23
821,895395,堡林,Gwangju,270.0,0,0,270,0,62569.0,2023-03-24
822,895682,堡林,Gwangju,287.0,0,0,287,0,62589.0,2023-03-25
822,895910,堡林,Gwangju,228.0,0,0,228,0,62605.0,2023-03-26
822,896053,堡林,Gwangju,143.0,0,0,143,0,62615.0,2023-03-27
822,896347,堡林,Gwangju,294.0,0,0,294,0,62636.0,2023-03-28
822,896742,堡林,Gwangju,395.0,0,0,395,0,62663.0,2023-03-29
823,897068,堡林,Gwangju,326.0,0,0,326,0,62686.0,2023-03-30
823,897404,堡林,Gwangju,336.0,0,0,336,0,62709.0,2023-03-31
823,897741,堡林,Gwangju,337.0,0,0,338,1,62733.0,2023-04-01
823,898076,堡林,Gwangju,335.0,0,0,334,1,62756.0,2023-04-02
823,898232,堡林,Gwangju,156.0,0,0,156,0,62767.0,2023-04-03
823,898635,堡林,Gwangju,403.0,0,0,402,1,62795.0,2023-04-04
823,899193,堡林,Gwangju,558.0,0,0,557,1,62834.0,2023-04-05
823,899620,堡林,Gwangju,427.0,0,0,427,0,62864.0,2023-04-06
824,899962,堡林,Gwangju,342.0,0,0,342,0,62888.0,2023-04-07
824,900297,堡林,Gwangju,335.0,0,0,336,1,62912.0,2023-04-08
824,900616,堡林,Gwangju,319.0,0,0,319,0,62934.0,2023-04-09
824,900760,堡林,Gwangju,144.0,0,0,144,0,62944.0,2023-04-10
824,901081,堡林,Gwangju,321.0,0,0,319,2,62966.0,2023-04-11
824,901536,堡林,Gwangju,455.0,0,0,455,0,62998.0,2023-04-12
825,901874,堡林,Gwangju,338.0,0,0,337,1,63022.0,2023-04-13
825,902245,堡林,Gwangju,371.0,0,0,371,0,63048.0,2023-04-14
825,902641,堡林,Gwangju,396.0,0,0,429,0,63075.0,2023-04-15
825,902929,堡林,Gwangju,288.0,0,0,288,0,63096.0,2023-04-16
825,903125,堡林,Gwangju,196.0,0,0,196,0,63109.0,2023-04-17
825,903512,堡林,Gwangju,387.0,0,0,387,0,63136.0,2023-04-18
825,904074,堡林,Gwangju,562.0,0,0,560,2,63176.0,2023-04-19
825,904507,堡林,Gwangju,433.0,0,0,433,0,63206.0,2023-04-20
825,904933,堡林,Gwangju,426.0,0,0,426,0,63236.0,2023-04-21
825,905361,堡林,Gwangju,428.0,0,0,427,1,63266.0,2023-04-22
825,905715,堡林,Gwangju,354.0,0,0,354,0,63290.0,2023-04-23
826,905907,堡林,Gwangju,192.0,0,0,191,1,63304.0,2023-04-24
826,906314,堡林,Gwangju,407.0,0,0,407,0,63332.0,2023-04-25
826,906865,堡林,Gwangju,551.0,0,0,551,0,63371.0,2023-04-26
827,907275,堡林,Gwangju,410.0,0,0,410,0,63399.0,2023-04-27
828,907682,堡林,Gwangju,407.0,0,0,406,1,63428.0,2023-04-28
828,908162,堡林,Gwangju,480.0,0,0,482,0,63461.0,2023-04-29
828,908558,堡林,Gwangju,396.0,0,0,396,0,63489.0,2023-04-30
828,908828,堡林,Gwangju,270.0,0,0,270,0,63508.0,2023-05-01
828,909210,堡林,Gwangju,382.0,0,0,380,2,63534.0,2023-05-02
828,909784,堡林,Gwangju,574.0,0,0,574,0,63575.0,2023-05-03
828,910395,堡林,Gwangju,611.0,0,0,611,0,63617.0,2023-05-04
828,911656,堡林,Gwangju,1261.0,0,0,421,2,63705.0,2023-05-07
828,911996,堡林,Gwangju,340.0,0,0,334,6,63729.0,2023-05-08
829,912487,堡林,Gwangju,491.0,0,0,491,0,63763.0,2023-05-09
829,913243,堡林,Gwangju,756.0,0,0,755,1,63816.0,2023-05-10
829,913845,堡林,Gwangju,602.0,0,0,602,0,63858.0,2023-05-11
829,914406,堡林,Gwangju,561.0,0,0,561,0,63898.0,2023-05-12
829,914956,堡林,Gwangju,550.0,0,0,551,1,63936.0,2023-05-13
829,915505,堡林,Gwangju,549.0,0,0,549,0,63974.0,2023-05-14
830,915720,堡林,Gwangju,215.0,0,0,215,0,63989.0,2023-05-15
831,916290,堡林,Gwangju,570.0,0,0,568,2,64029.0,2023-05-16
832,917132,堡林,Gwangju,842.0,0,0,840,2,64088.0,2023-05-17
832,917751,堡林,Gwangju,619.0,0,0,616,3,64131.0,2023-05-18
832,918263,堡林,Gwangju,512.0,0,0,512,0,64167.0,2023-05-19
832,918747,堡林,Gwangju,484.0,0,0,487,1,64201.0,2023-05-20
832,919233,堡林,Gwangju,486.0,0,0,485,1,64235.0,2023-05-21
832,919439,堡林,Gwangju,206.0,0,0,206,0,64249.0,2023-05-22
832,919931,堡林,Gwangju,492.0,0,0,491,1,64284.0,2023-05-23
832,920606,堡林,Gwangju,675.0,0,0,673,2,64331.0,2023-05-24
