Date,City,Susceptible,Infected,Dead,Recovered,alpha,beta,gamma
2020-01-20,전북,1786855,0,0,0,0.0,0.0,0.0
2020-01-21,전북,1786855,0,0,0,0.0,0.0,0.0
2020-01-22,전북,1786855,0,0,0,0.0,0.0,0.0
2020-01-23,전북,1786855,0,0,0,0.0,0.0,0.0
2020-01-24,전북,1786855,0,0,0,0.0,0.0,0.0
2020-01-25,전북,1786855,0,0,0,0.0,0.0,0.0
2020-01-26,전북,1786855,0,0,0,0.0,0.0,0.0
2020-01-27,전북,1786855,0,0,0,0.0,0.0,0.0
2020-01-28,전북,1786855,0,0,0,0.0,0.0,0.0
2020-01-29,전북,1786855,0,0,0,0.0,0.0,0.0
2020-01-30,전북,1786855,0,0,0,0.0,0.0,0.0
2020-01-31,전북,1786854,1,0,0,0.0,0.0,0.0
2020-02-01,전북,1786854,1,0,0,0.0,0.0,0.0
2020-02-02,전북,1786854,1,0,0,0.0,0.0,0.0
2020-02-03,전북,1786854,1,0,0,0.0,0.0,0.0
2020-02-04,전북,1786854,1,0,0,0.0,0.0,0.0
2020-02-05,전북,1786854,1,0,0,0.0,0.0,0.0
2020-02-06,전북,1786854,1,0,0,0.0,0.0,0.0
2020-02-07,전북,1786854,1,0,0,0.0,0.0,0.0
2020-02-08,전북,1786854,1,0,0,0.0,0.0,0.0
2020-02-09,전북,1786854,1,0,0,0.0,0.0,0.0
2020-02-10,전북,1786854,1,0,0,0.0,0.0,0.0
2020-02-11,전북,1786854,1,0,0,0.0,0.0,0.0
2020-02-12,전북,1786854,1,0,0,0.0,0.0,0.0
2020-02-13,전북,1786854,1,0,0,0.0,1.0,0.0
2020-02-14,전북,1786854,0,0,1,0.0,0.0,0.0
2020-02-15,전북,1786854,0,0,1,0.0,0.0,0.0
2020-02-16,전북,1786854,0,0,1,0.0,0.0,0.0
2020-02-17,전북,1786854,0,0,1,0.0,0.0,0.0
2020-02-18,전북,1786854,0,0,1,0.0,0.0,0.0
2020-02-19,전북,1786854,0,0,1,0.0,0.0,0.0
2020-02-20,전북,1786854,0,0,1,0.0,0.0,0.0
2020-02-21,전북,1786853,1,0,1,1.0000011192862535,0.0,0.0
2020-02-22,전북,1786852,2,0,1,0.0,0.0,0.0
2020-02-23,전북,1786852,2,0,1,0.0,0.0,0.0
2020-02-24,전북,1786852,2,0,1,0.0,0.0,0.0
2020-02-25,전북,1786852,2,0,1,0.0,0.0,0.0
2020-02-26,전북,1786852,2,0,1,0.0,0.0,0.0
2020-02-27,전북,1786852,2,0,1,1.0000016789303199,0.0,0.0
2020-02-28,전북,1786850,4,0,1,0.0,0.0,0.0
2020-02-29,전북,1786850,4,0,1,0.0,0.0,0.0
2020-03-01,전북,1786850,4,0,1,0.250000699555083,0.0,0.0
2020-03-02,전북,1786849,5,0,1,0.2000006715732555,0.0,0.0
2020-03-03,전북,1786848,6,0,1,0.0,0.0,0.0
2020-03-04,전북,1786848,6,0,1,0.0,0.0,0.0
2020-03-05,전북,1786848,6,0,1,0.0,0.16666666666666666,0.0
2020-03-06,전북,1786848,5,0,2,0.0,0.2,0.0
2020-03-07,전북,1786848,4,0,3,0.0,0.0,0.0
2020-03-08,전북,1786848,4,0,3,0.0,0.0,0.0
2020-03-09,전북,1786848,4,0,3,0.0,0.0,0.0
2020-03-10,전북,1786848,4,0,3,0.0,0.0,0.0
2020-03-11,전북,1786848,4,0,3,0.0,0.0,0.0
2020-03-12,전북,1786848,4,0,3,0.0,0.5,0.0
2020-03-13,전북,1786848,2,0,5,0.0,0.0,0.0
2020-03-14,전북,1786848,2,0,5,0.0,0.0,0.0
2020-03-15,전북,1786848,2,0,5,0.0,0.5,0.0
2020-03-16,전북,1786848,1,0,6,0.0,1.0,0.0
2020-03-17,전북,1786848,0,0,7,0.0,0.0,0.0
2020-03-18,전북,1786846,2,0,7,0.5000025184039363,0.0,0.0
2020-03-19,전북,1786845,3,0,7,0.0,0.0,0.0
2020-03-20,전북,1786845,3,0,7,0.0,0.0,0.0
2020-03-21,전북,1786845,3,0,7,0.0,0.0,0.0
2020-03-22,전북,1786845,3,0,7,0.0,0.0,0.0
2020-03-23,전북,1786845,3,0,7,0.0,0.0,0.0
2020-03-24,전북,1786845,3,0,7,0.0,0.0,0.0
2020-03-25,전북,1786845,3,0,7,0.0,0.0,0.0
2020-03-26,전북,1786845,3,0,7,0.0,0.0,0.0
2020-03-27,전북,1786845,3,0,7,0.0,0.0,0.0
2020-03-28,전북,1786845,3,0,7,0.6666703976375492,0.0,0.0
2020-03-29,전북,1786843,5,0,7,0.2000013431510211,0.0,0.0
2020-03-30,전북,1786842,6,0,7,0.0,0.0,0.0
2020-03-31,전북,1786842,6,0,7,0.1666678792342393,0.3333333333333333,0.0
2020-04-01,전북,1786841,5,0,9,0.0,0.2,0.0
2020-04-02,전북,1786841,4,0,10,0.2500019587640982,0.0,0.0
2020-04-03,전북,1786840,5,0,10,0.0,0.0,0.0
2020-04-04,전북,1786840,5,0,10,0.2000016789415952,0.0,0.0
2020-04-05,전북,1786839,6,0,10,0.0,0.0,0.0
2020-04-06,전북,1786839,6,0,10,0.0,0.0,0.0
2020-04-07,전북,1786839,6,0,10,0.16666815906003096,0.0,0.0
2020-04-08,전북,1786838,7,0,10,0.0,0.0,0.0
2020-04-09,전북,1786838,7,0,10,0.0,0.0,0.0
2020-04-10,전북,1786838,7,0,10,0.0,0.0,0.0
2020-04-11,전북,1786838,7,0,10,0.0,0.2857142857142857,0.0
2020-04-12,전북,1786838,5,0,12,0.0,0.2,0.0
2020-04-13,전북,1786838,4,0,13,0.0,0.0,0.0
2020-04-14,전북,1786838,4,0,13,0.0,0.25,0.0
2020-04-15,전북,1786838,3,0,14,0.0,0.0,0.0
2020-04-16,전북,1786838,3,0,14,0.0,0.3333333333333333,0.0
2020-04-17,전북,1786838,2,0,15,0.0,0.0,0.0
2020-04-18,전북,1786838,2,0,15,0.0,0.5,0.0
2020-04-19,전북,1786838,1,0,16,0.0,0.0,0.0
2020-04-20,전북,1786838,1,0,16,0.0,0.0,0.0
2020-04-21,전북,1786838,1,0,16,0.0,1.0,0.0
2020-04-22,전북,1786838,0,0,17,0.0,0.0,0.0
2020-04-23,전북,1786838,0,0,17,0.0,0.0,0.0
2020-04-24,전북,1786838,0,0,17,0.0,0.0,0.0
2020-04-25,전북,1786838,0,0,17,0.0,0.0,0.0
2020-04-26,전북,1786837,1,0,17,0.0,0.0,0.0
2020-04-27,전북,1786837,1,0,17,0.0,0.0,0.0
2020-04-28,전북,1786837,1,0,17,0.0,0.0,0.0
2020-04-29,전북,1786837,1,0,17,0.0,0.0,0.0
2020-04-30,전북,1786837,1,0,17,0.0,0.0,0.0
2020-05-01,전북,1786837,1,0,17,0.0,0.0,0.0
2020-05-02,전북,1786837,1,0,17,0.0,0.0,0.0
2020-05-03,전북,1786837,1,0,17,0.0,0.0,0.0
2020-05-04,전북,1786837,1,0,17,0.0,0.0,0.0
2020-05-05,전북,1786837,1,0,17,0.0,0.0,0.0
2020-05-06,전북,1786837,1,0,17,0.0,0.0,0.0
2020-05-07,전북,1786837,1,0,17,1.0000100736664843,0.0,0.0
2020-05-08,전북,1786836,2,0,17,0.0,0.0,0.0
2020-05-09,전북,1786836,2,0,17,0.0,0.5,0.0
2020-05-10,전북,1786836,1,0,18,0.0,0.0,0.0
2020-05-11,전북,1786836,1,0,18,0.0,0.0,0.0
2020-05-12,전북,1786836,1,0,18,1.0000106333205734,0.0,0.0
2020-05-13,전북,1786835,2,0,18,0.0,0.0,0.0
2020-05-14,전북,1786835,2,0,18,0.0,0.0,0.0
2020-05-15,전북,1786835,2,0,18,0.0,0.0,0.0
2020-05-16,전북,1786835,2,0,18,0.0,0.0,0.0
2020-05-17,전북,1786835,2,0,18,0.0,0.0,0.0
2020-05-18,전북,1786835,2,0,18,0.0,0.0,0.0
2020-05-19,전북,1786835,2,0,18,0.5000055964876443,0.0,0.0
2020-05-20,전북,1786834,3,0,18,0.0,0.0,0.0
2020-05-21,전북,1786834,3,0,18,0.0,0.3333333333333333,0.0
2020-05-22,전북,1786834,2,0,19,0.0,0.0,0.0
2020-05-23,전북,1786834,2,0,19,0.0,0.0,0.0
2020-05-24,전북,1786834,2,0,19,0.0,0.0,0.0
2020-05-25,전북,1786834,2,0,19,0.0,0.0,0.0
2020-05-26,전북,1786834,2,0,19,0.0,0.5,0.0
2020-05-27,전북,1786834,1,0,20,0.0,0.0,0.0
2020-05-28,전북,1786834,1,0,20,0.0,0.0,0.0
2020-05-29,전북,1786834,1,0,20,0.0,0.0,0.0
2020-05-30,전북,1786834,1,0,20,0.0,0.0,0.0
2020-05-31,전북,1786834,1,0,20,0.0,0.0,0.0
2020-06-01,전북,1786834,1,0,20,0.0,0.0,0.0
2020-06-02,전북,1786834,1,0,20,0.0,1.0,0.0
2020-06-03,전북,1786834,0,0,21,0.0,0.0,0.0
2020-06-04,전북,1786834,0,0,21,0.0,0.0,0.0
2020-06-05,전북,1786834,0,0,21,0.0,0.0,0.0
2020-06-06,전북,1786834,0,0,21,0.0,0.0,0.0
2020-06-07,전북,1786834,0,0,21,0.0,0.0,0.0
2020-06-08,전북,1786834,0,0,21,0.0,0.0,0.0
2020-06-09,전북,1786834,0,0,21,0.0,0.0,0.0
2020-06-10,전북,1786834,0,0,21,0.0,0.0,0.0
2020-06-11,전북,1786834,0,0,21,0.0,0.0,0.0
2020-06-12,전북,1786834,0,0,21,0.0,0.0,0.0
2020-06-13,전북,1786834,0,0,21,0.0,0.0,0.0
2020-06-14,전북,1786834,0,0,21,0.0,0.0,0.0
2020-06-15,전북,1786834,0,0,21,0.0,0.0,0.0
2020-06-16,전북,1786834,0,0,21,0.0,0.0,0.0
2020-06-17,전북,1786834,0,0,21,0.0,0.0,0.0
2020-06-18,전북,1786833,1,0,21,0.0,0.0,0.0
2020-06-19,전북,1786833,1,0,21,1.0000123122865987,0.0,0.0
2020-06-20,전북,1786832,2,0,21,0.0,0.0,0.0
2020-06-21,전북,1786832,2,0,21,0.5000064359715967,0.0,0.0
2020-06-22,전북,1786831,3,0,21,0.0,0.0,0.0
2020-06-23,전북,1786831,3,0,21,0.33333781053347145,0.0,0.0
2020-06-24,전북,1786830,4,0,21,0.0,0.0,0.0
2020-06-25,전북,1786830,4,0,21,0.0,0.0,0.0
2020-06-26,전북,1786830,4,0,21,0.25000349781456543,0.0,0.0
2020-06-27,전북,1786829,5,0,21,0.0,0.0,0.0
2020-06-28,전북,1786829,5,0,21,0.20000291018334715,0.0,0.0
2020-06-29,전북,1786828,6,0,21,0.0,0.0,0.0
2020-06-30,전북,1786828,6,0,21,0.0,0.0,0.0
2020-07-01,전북,1786828,6,0,21,0.0,0.16666666666666666,0.0
2020-07-02,전북,1786828,5,0,22,0.2000030221151672,0.0,0.0
2020-07-03,전북,1786827,6,0,22,0.0,0.16666666666666666,0.0
2020-07-04,전북,1786827,5,0,23,0.20000313404711256,0.0,0.0
2020-07-05,전북,1786826,6,0,23,0.0,0.16666666666666666,0.0
2020-07-06,전북,1786826,5,0,24,0.2000032459791832,0.0,0.0
2020-07-07,전북,1786825,6,0,24,0.3333389298522985,0.16666666666666666,0.0
2020-07-08,전북,1786823,7,0,25,0.1428597012686763,0.0,0.0
2020-07-09,전북,1786822,8,0,25,0.0,0.0,0.0
2020-07-10,전북,1786822,8,0,25,0.2500046171358983,0.125,0.0
2020-07-11,전북,1786820,9,0,26,0.11111328754124335,0.0,0.0
2020-07-12,전북,1786819,10,0,26,0.0,0.1,0.0
2020-07-13,전북,1786819,9,0,27,0.22222669945242854,0.0,0.0
2020-07-14,전북,1786817,11,0,27,0.0,0.0,0.0
2020-07-15,전북,1786817,11,0,27,0.0,0.0,0.0
2020-07-16,전북,1786817,11,0,27,0.0,0.09090909090909091,0.0
2020-07-17,전북,1786817,10,0,28,0.0,0.0,0.0
2020-07-18,전북,1786817,10,0,28,0.0,0.1,0.0
2020-07-19,전북,1786817,9,0,29,0.1111134740963649,0.0,0.0
2020-07-20,전북,1786816,10,0,29,0.0,0.1,0.0
2020-07-21,전북,1786816,9,0,30,0.0,0.2222222222222222,0.0
2020-07-22,전북,1786816,7,0,32,0.0,0.14285714285714285,0.0
2020-07-23,전북,1786816,6,0,33,0.0,0.0,0.0
2020-07-24,전북,1786816,6,0,33,0.0,0.3333333333333333,0.0
2020-07-25,전북,1786816,4,0,35,0.0,0.25,0.0
2020-07-26,전북,1786816,3,0,36,0.0,0.0,0.0
2020-07-27,전북,1786816,3,0,36,0.0,0.6666666666666666,0.0
2020-07-28,전북,1786816,1,0,38,0.0,0.0,0.0
2020-07-29,전북,1786816,1,0,38,0.0,0.0,0.0
2020-07-30,전북,1786816,1,0,38,0.0,0.0,0.0
2020-07-31,전북,1786816,1,0,38,0.0,0.0,0.0
2020-08-01,전북,1786816,1,0,38,0.0,0.0,0.0
2020-08-02,전북,1786816,1,0,38,0.0,1.0,0.0
2020-08-03,전북,1786816,0,0,39,0.0,0.0,0.0
2020-08-04,전북,1786816,0,0,39,0.0,0.0,0.0
2020-08-05,전북,1786816,0,0,39,0.0,0.0,0.0
2020-08-06,전북,1786816,0,0,39,0.0,0.0,0.0
2020-08-07,전북,1786816,0,0,39,0.0,0.0,0.0
2020-08-08,전북,1786816,0,0,39,0.0,0.0,0.0
2020-08-09,전북,1786816,0,0,39,0.0,0.0,0.0
2020-08-10,전북,1786816,0,0,39,0.0,0.0,0.0
2020-08-11,전북,1786815,1,0,39,0.0,0.0,0.0
2020-08-12,전북,1786815,1,0,39,2.0000447724022914,0.0,0.0
2020-08-13,전북,1786813,3,0,39,0.0,0.0,0.0
2020-08-14,전북,1786813,3,0,39,0.3333411685125043,0.0,0.0
2020-08-15,전북,1786812,4,0,39,0.0,0.0,0.0
2020-08-16,전북,1786812,4,0,39,0.25000601630165903,0.0,0.0
2020-08-17,전북,1786811,5,0,39,1.4000344748269402,0.0,0.0
2020-08-18,전북,1786804,12,0,39,0.0833357118818479,0.0,0.0
2020-08-19,전북,1786803,13,0,39,0.4615518933493551,0.0,0.0
2020-08-20,전북,1786797,19,0,39,0.26316643692596303,0.0,0.0
2020-08-21,전북,1786792,24,0,39,0.16667254312010948,0.0,0.0
2020-08-22,전북,1786788,28,0,39,0.0,0.0,0.0
2020-08-23,전북,1786788,28,0,39,0.14286249963621875,0.0,0.0
2020-08-24,전북,1786784,32,0,39,0.1250049670245536,0.03125,0.0
2020-08-25,전북,1786780,35,0,40,0.20000839498987005,0.0,0.0
2020-08-26,전북,1786773,42,0,40,0.047621232990051526,0.047619047619047616,0.0
2020-08-27,전북,1786771,42,0,42,0.04762128629428916,0.0,0.0
2020-08-28,전북,1786769,44,0,42,0.0,0.022727272727272728,0.0
2020-08-29,전북,1786769,43,0,43,0.0,0.0,0.0
2020-08-30,전북,1786769,43,0,43,0.02325693329236206,0.023255813953488372,0.0
2020-08-31,전북,1786768,43,0,44,0.0,0.16279069767441862,0.0
2020-09-01,전북,1786768,36,0,51,0.0,0.027777777777777776,0.0
2020-09-02,전북,1786768,35,0,52,0.0,0.17142857142857143,0.0
2020-09-03,전북,1786768,29,0,58,0.0,0.1724137931034483,0.0
2020-09-04,전북,1786768,24,0,63,0.08333739093902137,0.16666666666666666,0.0
2020-09-05,전북,1786766,22,0,67,0.04545680957561416,0.0,0.0
2020-09-06,전북,1786765,23,0,67,0.04348045088530778,0.17391304347826086,0.0
2020-09-07,전북,1786764,20,0,71,0.1500076395091909,0.2,0.0
2020-09-08,전북,1786761,19,0,75,0.05263434785066386,0.3684210526315789,0.0
2020-09-09,전북,1786760,13,0,82,0.07692716683571639,0.15384615384615385,0.0
2020-09-10,전북,1786759,12,0,84,0.0,0.16666666666666666,0.0
2020-09-11,전북,1786759,10,0,86,0.10000537285666394,0.0,0.0
2020-09-12,전북,1786758,11,0,86,0.18182805241265312,0.0,0.0
2020-09-13,전북,1786756,13,0,86,0.07692733905210594,0.07692307692307693,0.0
2020-09-14,전북,1786755,13,0,87,0.07692738210632381,0.0,0.0
2020-09-15,전북,1786754,14,0,87,0.357163045388453,0.0,0.0
2020-09-16,전북,1786749,19,0,87,0.0,0.0,0.0
2020-09-17,전북,1786749,19,0,87,0.4210776107892043,0.0,0.0
2020-09-18,전북,1786741,27,0,87,0.03703940012280169,0.07407407407407407,0.0
2020-09-19,전북,1786740,26,0,89,0.0,0.038461538461538464,0.0
2020-09-20,전북,1786740,25,0,90,0.0,0.04,0.0
2020-09-21,전북,1786740,24,0,91,0.0,0.125,0.0
2020-09-22,전북,1786740,21,0,94,0.04762211252523217,0.047619047619047616,0.0
2020-09-23,전북,1786739,21,0,95,0.04762213917832058,0.047619047619047616,0.0
2020-09-24,전북,1786738,21,0,96,0.14286649749431646,0.0,0.0
2020-09-25,전북,1786735,24,0,96,0.12500839520130294,0.041666666666666664,0.0
2020-09-26,전북,1786732,26,0,97,0.07692837236663619,0.07692307692307693,0.0
2020-09-27,전북,1786730,26,0,99,0.0,0.038461538461538464,0.0
2020-09-28,전북,1786730,25,0,100,0.0,0.04,0.0
2020-09-29,전북,1786730,24,0,101,0.12500874502582932,0.20833333333333334,0.0
2020-09-30,전북,1786727,22,0,106,0.0,0.0,0.0
2020-10-01,전북,1786727,22,0,106,0.0,0.36363636363636365,0.0
2020-10-02,전북,1786727,14,0,114,0.07143368852656282,0.07142857142857142,0.0
2020-10-03,전북,1786726,14,0,115,0.0,0.0,0.0
2020-10-04,전북,1786726,14,0,115,0.2143011855203316,0.0,0.0
2020-10-05,전북,1786723,17,0,115,0.5294508767299293,0.0,0.0
2020-10-06,전북,1786714,26,0,115,0.3077165894830054,0.038461538461538464,0.0
2020-10-07,전북,1786706,33,0,116,0.0,0.030303030303030304,0.0
2020-10-08,전북,1786706,32,0,117,0.0,0.09375,0.0
2020-10-09,전북,1786706,29,0,120,0.0,0.10344827586206896,0.0
2020-10-10,전북,1786706,26,0,123,0.0,0.07692307692307693,0.0
2020-10-11,전북,1786706,24,0,125,0.08334028280720686,0.0,0.0
2020-10-12,전북,1786704,26,0,125,0.03846478896767025,0.0,0.0
2020-10-13,전북,1786703,27,0,125,0.0,0.1111111111111111,0.0
2020-10-14,전북,1786703,24,0,128,0.0416702113707016,0.0,0.0
2020-10-15,전북,1786702,25,0,128,0.08000685061079016,0.0,0.0
2020-10-16,전북,1786700,27,0,128,0.0,0.037037037037037035,0.0
2020-10-17,전북,1786700,26,0,129,0.0,0.0,0.0
2020-10-18,전북,1786700,26,0,129,0.03846487508126283,0.11538461538461539,0.0
2020-10-19,전북,1786699,24,0,132,0.0,0.375,0.0
2020-10-20,전북,1786699,15,0,141,0.0,0.5333333333333333,0.0
2020-10-21,전북,1786699,7,0,149,0.2857392319579291,0.0,0.0
2020-10-22,전북,1786697,9,0,149,0.2222418736298818,0.0,0.0
2020-10-23,전북,1786695,11,0,149,0.0,0.0,0.0
2020-10-24,전북,1786695,11,0,149,0.0,0.0,0.0
2020-10-25,전북,1786695,11,0,149,0.0,0.18181818181818182,0.0
2020-10-26,전북,1786695,9,0,151,0.0,0.1111111111111111,0.0
2020-10-27,전북,1786695,8,0,152,0.3750335815570089,0.0,0.0
2020-10-28,전북,1786692,11,0,152,0.09091738454997483,0.09090909090909091,0.0
2020-10-29,전북,1786691,11,0,153,0.18183487087175526,0.18181818181818182,0.0
2020-10-30,전북,1786689,11,0,155,0.0,0.0,0.0
2020-10-31,전북,1786689,11,0,155,0.0,0.0,0.0
2020-11-01,전북,1786689,11,0,155,0.0,0.09090909090909091,0.0
2020-11-02,전북,1786689,10,0,156,0.0,0.0,0.1
2020-11-03,전북,1786689,9,1,156,0.0,0.0,0.0
2020-11-04,전북,1786689,9,1,156,0.0,0.2222222222222222,0.0
2020-11-05,전북,1786689,7,1,158,0.14287041561234215,0.2857142857142857,0.0
2020-11-06,전북,1786688,6,1,160,0.0,0.0,0.0
2020-11-07,전북,1786688,6,1,160,0.0,0.0,0.0
2020-11-08,전북,1786688,6,1,160,0.6667289793554704,0.0,0.0
2020-11-09,전북,1786684,10,1,160,0.0,0.0,0.0
2020-11-10,전북,1786684,10,1,160,0.10000957080267132,0.3,0.0
2020-11-11,전북,1786683,8,1,163,0.0,0.125,0.0
2020-11-12,전북,1786683,7,1,164,0.0,0.2857142857142857,0.0
2020-11-13,전북,1786683,5,1,166,0.8000770142213253,0.0,0.0
2020-11-14,전북,1786679,9,1,166,0.22224411261837682,0.0,0.0
2020-11-15,전북,1786677,11,1,166,0.09091814784449771,0.0,0.0
2020-11-16,전북,1786676,12,1,166,0.0,0.0,0.0
2020-11-17,전북,1786676,12,1,166,0.0,0.0,0.0
2020-11-18,전북,1786676,12,1,166,0.16668336434063405,0.0,0.0
2020-11-19,전북,1786674,14,1,166,0.928665498014747,0.07142857142857142,0.0
2020-11-20,전북,1786661,26,1,167,0.5385200059259659,0.0,0.0
2020-11-21,전북,1786647,40,1,167,0.3000349257575783,0.0,0.0
2020-11-22,전북,1786635,52,1,167,0.17309823516533338,0.07692307692307693,0.0
2020-11-23,전북,1786626,57,1,171,0.2631916248839992,0.0,0.0
2020-11-24,전북,1786611,72,1,171,0.11112628571325513,0.013888888888888888,0.013888888888888888
2020-11-25,전북,1786603,78,2,172,0.20515713842099167,0.0,0.0
2020-11-26,전북,1786587,94,2,172,0.2553574485162718,0.0,0.0
2020-11-27,전북,1786563,118,2,172,0.07628365238027297,0.03389830508474576,0.0
2020-11-28,전북,1786554,123,2,176,0.13823466807440013,0.016260162601626018,0.0
2020-11-29,전북,1786537,138,2,178,0.11596266643394375,0.007246376811594203,0.0
2020-11-30,전북,1786521,153,2,179,0.05883452679652734,0.0,0.0
2020-12-01,전북,1786512,162,2,179,0.16052464104963426,0.0,0.0
2020-12-02,전북,1786486,188,2,179,0.04788222849273033,0.010638297872340425,0.0
2020-12-03,전북,1786477,195,2,181,0.07181006284493203,0.06666666666666667,0.0
2020-12-04,전북,1786463,196,2,194,0.08675372589780557,0.07142857142857142,0.0
2020-12-05,전북,1786446,199,2,208,0.060315313337910174,0.06030150753768844,0.0
2020-12-06,전북,1786434,199,2,220,0.11057881723812346,0.04522613065326633,0.0
2020-12-07,전북,1786412,212,2,229,0.06133596122832321,0.07075471698113207,0.0
2020-12-08,전북,1786399,210,2,244,0.05715744354984525,0.0380952380952381,0.0
2020-12-09,전북,1786387,214,2,252,0.037392971263790736,0.07476635514018691,0.0
2020-12-10,전북,1786379,206,2,268,0.033989637017904806,0.11650485436893204,0.0
2020-12-11,전북,1786372,189,2,292,0.03175461525122178,0.047619047619047616,0.0
2020-12-12,전북,1786366,186,2,301,0.04840034226270071,0.0913978494623656,0.0
2020-12-13,전북,1786357,178,2,318,0.044956349647713445,0.0898876404494382,0.0
2020-12-14,전북,1786349,170,2,334,0.08826028758690951,0.052941176470588235,0.0
2020-12-15,전북,1786334,176,2,343,0.4262606500494614,0.14772727272727273,0.005681818181818182
2020-12-16,전북,1786259,224,3,369,0.0848497299383796,0.04017857142857143,0.004464285714285714
2020-12-17,전북,1786240,233,4,378,0.06869317072195577,0.060085836909871244,0.0
2020-12-18,전북,1786224,235,4,392,0.0638523356914279,0.07234042553191489,0.00425531914893617
2020-12-19,전북,1786209,232,5,409,0.12504520747572093,0.05172413793103448,0.004310344827586207
2020-12-20,전북,1786180,248,6,421,0.05243916418856027,0.08870967741935484,0.004032258064516129
2020-12-21,전북,1786167,238,7,443,0.01681319634199279,0.0546218487394958,0.0
2020-12-22,전북,1786163,229,7,456,0.09173858460968198,0.05240174672489083,0.0
2020-12-23,전북,1786142,238,7,468,0.05044029501112717,0.03361344537815126,0.0
2020-12-24,전북,1786130,242,7,476,0.057874721806085855,0.028925619834710745,0.004132231404958678
2020-12-25,전북,1786116,248,8,483,0.1492552767587468,0.024193548387096774,0.0
2020-12-26,전북,1786079,279,8,489,0.028686293082826927,0.03225806451612903,0.0
2020-12-27,전북,1786071,278,8,498,0.0035987012673197325,0.02877697841726619,0.0
2020-12-28,전북,1786070,271,8,506,0.029533269740195427,0.055350553505535055,0.01107011070110701
2020-12-29,전북,1786062,261,11,521,0.12265979997493662,0.28735632183908044,0.0
2020-12-30,전북,1786030,218,11,596,0.05507129825685351,0.0871559633027523,0.0
2020-12-31,전북,1786018,211,11,615,0.03793246029549417,0.07582938388625593,0.0
2021-01-01,전북,1786010,203,11,631,0.05421282925202759,0.07389162561576355,0.0
2021-01-02,전북,1785999,199,11,646,0.02513767044178456,0.1457286432160804,0.010050251256281407
2021-01-03,전북,1785994,173,13,675,0.07518073467237987,0.07514450867052024,0.017341040462427744
2021-01-04,전북,1785981,170,16,688,0.02942615785023996,0.023529411764705882,0.011764705882352941
2021-01-05,전북,1785976,169,18,692,0.13024158398280059,0.1242603550295858,0.01775147928994083
2021-01-06,전북,1785954,167,21,713,0.011982089727867745,0.0718562874251497,0.0
2021-01-07,전북,1785952,157,21,725,0.050981177716832526,0.08917197452229299,0.006369426751592357
2021-01-08,전북,1785944,150,22,739,0.09338094214226948,0.24666666666666667,0.013333333333333334
2021-01-09,전북,1785930,125,24,776,0.04802486099679159,0.064,0.016
2021-01-10,전북,1785924,121,26,784,0.057881397450005784,0.008264462809917356,0.0
2021-01-11,전북,1785917,127,26,785,0.09453781609861255,0.06299212598425197,0.0
2021-01-12,전북,1785905,131,26,793,0.06110118737028809,0.24427480916030533,0.030534351145038167
2021-01-13,전북,1785897,103,30,825,0.029141837624649974,0.11650485436893204,0.0
2021-01-14,전북,1785894,94,30,837,0.06386413441564007,0.0851063829787234,0.0
2021-01-15,전북,1785888,92,30,845,0.18488266244068471,0.11956521739130435,0.03260869565217391
2021-01-16,전북,1785871,95,33,856,0.052660578507630174,0.05263157894736842,0.010526315789473684
2021-01-17,전북,1785866,94,34,861,0.03193256786009844,0.13829787234042554,0.0
2021-01-18,전북,1785863,84,34,874,0.035734124062148105,0.05952380952380952,0.0
2021-01-19,전북,1785860,82,34,879,0.024403833037468046,0.2682926829268293,0.07317073170731707
2021-01-20,전북,1785858,56,40,901,0.08933556027410915,0.03571428571428571,0.017857142857142856
2021-01-21,전북,1785853,58,41,903,0.0,0.13793103448275862,0.0
2021-01-22,전북,1785853,50,41,911,0.14007855069818176,0.28,0.02
2021-01-23,전북,1785846,42,42,925,0.09529190460244985,0.14285714285714285,0.0
2021-01-24,전북,1785842,40,42,931,0.0,0.175,0.0
2021-01-25,전북,1785842,33,42,938,0.030320219376698057,0.36363636363636365,0.0
2021-01-26,전북,1785841,22,42,950,0.5912446089189147,0.36363636363636365,0.09090909090909091
2021-01-27,전북,1785828,25,44,958,0.04002300333514762,0.12,0.0
2021-01-28,전북,1785827,23,44,961,0.261019733130097,0.2608695652173913,0.0
2021-01-29,전북,1785821,23,44,967,0.13051030505199618,0.7391304347826086,0.043478260869565216
2021-01-30,전북,1785818,8,45,984,0.2501451715684353,0.625,0.125
2021-01-31,전북,1785816,4,46,989,0.7504363551452109,0.75,0.25
2021-02-01,전북,1785813,3,47,992,0.6670556584965317,1.0,1.0
2021-02-02,전북,1785811,-1,50,995,-10.005846083376124,-2.0,-0.0
2021-02-03,전북,1785801,7,50,997,0.14294145876276249,0.7142857142857143,0.0
2021-02-04,전북,1785800,3,50,1002,0.0,0.0,0.0
2021-02-05,전북,1785800,3,50,1002,1.3341210288572816,2.3333333333333335,0.0
2021-02-06,전북,1785796,0,50,1009,0.0,0.0,0.0
2021-02-07,전북,1785796,-4,50,1013,0.0,-0.0,-0.25
2021-02-08,전북,1785796,-5,51,1013,-0.6003558077182388,-0.2,-0.0
2021-02-09,전북,1785793,-3,51,1014,-0.6670631291905986,-4.333333333333333,-0.0
2021-02-10,전북,1785791,-14,51,1027,-0.5002979072019066,-0.07142857142857142,-0.07142857142857142
2021-02-11,전북,1785784,-9,52,1028,-0.22235549701917415,-0.6666666666666666,-0.1111111111111111
2021-02-12,전북,1785782,-14,53,1034,-0.35735744900553373,-0.21428571428571427,-0.0
2021-02-13,전북,1785777,-12,53,1037,-0.5003018293997514,-0.16666666666666666,-0.0
2021-02-14,전북,1785771,-8,53,1039,-0.5003035103605109,-0.375,-0.0
2021-02-15,전북,1785767,-7,53,1042,-0.7147209014389895,-0.2857142857142857,-0.0
2021-02-16,전북,1785762,-4,53,1044,-1.500918095468489,-2.5,-0.25
2021-02-17,전북,1785756,-9,54,1054,-0.6670769504157716,-0.1111111111111111,-0.0
2021-02-18,전북,1785750,-4,54,1055,-0.7504640907181857,-0.0,-0.0
2021-02-19,전북,1785747,-1,54,1055,-8.004963749064117,-4.0,-0.0
2021-02-20,전북,1785739,3,54,1059,2.6683332036017955,0.0,0.0
2021-02-21,전북,1785731,11,54,1059,0.3638652487667261,0.0,0.0
2021-02-22,전북,1785727,15,54,1059,0.4669614485678195,0.2,0.0
2021-02-23,전북,1785720,19,54,1062,0.42132025177519433,0.10526315789473684,0.0
2021-02-24,전북,1785712,25,54,1064,0.2001280161638607,0.28,0.04
2021-02-25,전북,1785707,22,55,1071,0.7277402782712444,0.09090909090909091,0.0
2021-02-26,전북,1785691,36,55,1073,0.5559176936111692,0.1388888888888889,0.0
2021-02-27,전북,1785671,51,55,1078,0.13734590965700694,0.11764705882352941,0.0
2021-02-28,전북,1785664,52,55,1084,0.1924359574581005,0.07692307692307693,0.0
2021-03-01,전북,1785654,58,55,1088,0.15527678007512982,0.08620689655172414,0.0
2021-03-02,전북,1785645,62,55,1093,0.08069980857192743,0.0967741935483871,0.0
2021-03-03,전북,1785640,61,55,1099,0.09842758311204762,0.09836065573770492,0.0
2021-03-04,전북,1785634,61,55,1105,0.04921395692179829,0.04918032786885246,0.0
2021-03-05,전북,1785631,61,55,1108,0.06561871947346969,0.13114754098360656,0.0
2021-03-06,전북,1785627,57,55,1116,0.08777962400135451,0.14035087719298245,0.0
2021-03-07,전북,1785622,54,55,1124,0.07412522338413709,0.07407407407407407,0.018518518518518517
2021-03-08,전북,1785618,53,56,1128,0.15104796337410967,0.1320754716981132,0.0
2021-03-09,전북,1785610,54,56,1135,0.09265715191841277,0.14814814814814814,0.0
2021-03-10,전북,1785605,51,56,1143,0.15697255574001914,0.09803921568627451,0.0
2021-03-11,전북,1785597,54,56,1148,0.07412626120542856,0.2962962962962963,0.0
2021-03-12,전북,1785593,42,56,1164,0.04765270323827061,0.47619047619047616,0.0
2021-03-13,전북,1785591,24,56,1184,0.29187313425452227,0.2916666666666667,0.0
2021-03-14,전북,1785584,24,56,1191,0.20848162748620805,0.4166666666666667,0.0
2021-03-15,전북,1785579,19,56,1201,0.36868433152495633,0.47368421052631576,0.0
2021-03-16,전북,1785572,17,56,1210,1.2361817224890597,0.29411764705882354,0.0
2021-03-17,전북,1785551,33,56,1215,0.45487741217238725,0.18181818181818182,0.0
2021-03-18,전북,1785536,42,56,1221,0.357406683483279,0.07142857142857142,0.0
2021-03-19,전북,1785521,54,56,1224,0.2965176654424779,0.07407407407407407,0.0
2021-03-20,전북,1785505,66,56,1228,0.16679268143559758,0.07575757575757576,0.0
2021-03-21,전북,1785494,72,56,1233,0.0972963302530778,0.05555555555555555,0.0
2021-03-22,전북,1785487,75,56,1237,0.09340484323511364,0.10666666666666667,0.0
2021-03-23,전북,1785480,74,56,1245,0.06761960142143622,0.06756756756756757,0.0
2021-03-24,전북,1785475,74,56,1250,0.06761979078169447,0.10810810810810811,0.0
2021-03-25,전북,1785470,71,56,1258,0.04228629744154634,0.056338028169014086,0.0
2021-03-26,전북,1785467,70,56,1262,0.07148409911804586,0.02857142857142857,0.0
2021-03-27,전북,1785462,73,56,1264,0.06854658837159418,0.0958904109589041,0.0
2021-03-28,전북,1785457,71,56,1271,0.11276428088040615,0.07042253521126761,0.0
2021-03-29,전북,1785449,74,56,1276,0.3381038773606693,0.0945945945945946,0.013513513513513514
2021-03-30,전북,1785424,91,57,1283,0.2199563714923652,0.23076923076923078,0.0
2021-03-31,전북,1785404,90,57,1304,0.24464310474143544,0.16666666666666666,0.0
2021-04-01,전북,1785382,97,57,1319,0.1547667577611708,0.15463917525773196,0.0
2021-04-02,전북,1785367,97,57,1334,0.20635741073975614,0.16494845360824742,0.0
2021-04-03,전북,1785347,101,57,1350,0.23782447217308011,0.10891089108910891,0.0
2021-04-04,전북,1785323,114,57,1361,0.1404713134075272,0.06140350877192982,0.0
2021-04-05,전북,1785307,123,57,1368,0.2359767906921121,0.056910569105691054,0.0
2021-04-06,전북,1785278,145,57,1375,0.06902643695286943,0.034482758620689655,0.0
2021-04-07,전북,1785268,150,57,1380,0.16014223074630812,0.03333333333333333,0.0
2021-04-08,전북,1785244,169,57,1385,0.13029498667704037,0.01775147928994083,0.0
2021-04-09,전북,1785222,188,57,1388,0.12245233425525216,0.026595744680851064,0.0
2021-04-10,전북,1785199,206,57,1393,0.1943548791604354,0.024271844660194174,0.0
2021-04-11,전북,1785159,241,57,1398,0.09967967356971648,0.03319502074688797,0.0
2021-04-12,전북,1785135,257,57,1406,0.09736999149450151,0.09727626459143969,0.0
2021-04-13,전북,1785110,257,57,1431,0.04284339625976901,0.07782101167315175,0.0
2021-04-14,전북,1785099,248,57,1451,0.06457959348021342,0.08870967741935484,0.0
2021-04-15,전북,1785083,242,57,1473,0.062045000264195876,0.06198347107438017,0.0
2021-04-16,전북,1785068,242,57,1488,0.06618188973961721,0.08264462809917356,0.0
2021-04-17,전북,1785052,238,57,1508,0.08832441658315177,0.10084033613445378,0.0
2021-04-18,전북,1785031,235,57,1532,0.06815467785487056,0.06808510638297872,0.0
2021-04-19,전북,1785015,235,57,1548,0.012779116642502735,0.12340425531914893,0.0
2021-04-20,전북,1785012,209,57,1577,0.038317032959085784,0.04784688995215311,0.004784688995215311
2021-04-21,전북,1785004,206,58,1587,0.029156416673771886,0.11650485436893204,0.0
2021-04-22,전북,1784998,188,58,1611,0.04792214380691957,0.11702127659574468,0.0
2021-04-23,전북,1784989,175,58,1633,0.05148233406480376,0.13142857142857142,0.0
2021-04-24,전북,1784980,161,58,1656,0.04352393182337447,0.2484472049689441,0.0
2021-04-25,전북,1784973,128,58,1696,0.0469244230164826,0.1875,0.0
2021-04-26,전북,1784967,110,58,1720,0.0455026237561713,0.22727272727272727,0.0
2021-04-27,전북,1784962,90,58,1745,0.1445976316458153,0.12222222222222222,0.0
2021-04-28,전북,1784949,92,58,1756,0.09793054737625313,0.17391304347826086,0.0
2021-04-29,전북,1784940,85,58,1772,0.2473238843421331,0.17647058823529413,0.0
2021-04-30,전북,1784919,91,58,1787,0.11000930143479469,0.17582417582417584,0.0
2021-05-01,전북,1784909,85,58,1803,0.14133038846963134,0.24705882352941178,0.0
2021-05-02,전북,1784897,76,58,1824,0.15806794453685563,0.21052631578947367,0.0
2021-05-03,전북,1784885,72,58,1840,0.1668506187606858,0.041666666666666664,0.0
2021-05-04,전북,1784873,81,58,1843,0.07415632912236872,0.09876543209876543,0.0
2021-05-05,전북,1784867,79,58,1851,0.06336163344809162,0.0759493670886076,0.0
2021-05-06,전북,1784862,78,58,1857,0.07700897022592482,0.11538461538461539,0.0
2021-05-07,전북,1784856,75,58,1866,0.06674133188709154,0.12,0.0
2021-05-08,전북,1784851,71,58,1875,0.11280256707584405,0.09859154929577464,0.0
2021-05-09,전북,1784843,72,58,1882,0.12514090875219838,0.08333333333333333,0.0
2021-05-10,전북,1784834,75,58,1888,0.1601811709100118,0.06666666666666667,0.0
2021-05-11,전북,1784822,82,58,1893,0.26859828148197384,0.15853658536585366,0.0
2021-05-12,전북,1784800,91,58,1906,0.11001663621004723,0.0989010989010989,0.0
2021-05-13,전북,1784790,92,58,1915,0.15234997808778866,0.22826086956521738,0.0
2021-05-14,전북,1784776,85,58,1936,0.12956251026657092,0.11764705882352941,0.0
2021-05-15,전북,1784765,86,58,1946,0.16298132924672057,0.13953488372093023,0.0
2021-05-16,전북,1784751,88,58,1958,0.1023932941294943,0.13636363636363635,0.0
2021-05-17,전북,1784742,85,58,1970,0.08245044085132885,0.1411764705882353,0.0
2021-05-18,전북,1784735,80,58,1982,0.11263363328449322,0.075,0.0
2021-05-19,전북,1784726,83,58,1988,0.08443795543844339,0.060240963855421686,0.0
2021-05-20,전북,1784719,85,58,1993,0.188460579211959,0.07058823529411765,0.0
2021-05-21,전북,1784703,95,58,1999,0.12646810141519346,0.05263157894736842,0.0
2021-05-22,전북,1784691,102,58,2004,0.1374213283101317,0.0784313725490196,0.0
2021-05-23,전북,1784677,108,58,2012,0.03708223662590755,0.08333333333333333,0.0
2021-05-24,전북,1784673,103,58,2021,0.048603040434064125,0.11650485436893204,0.0
2021-05-25,전북,1784668,96,58,2033,0.06257658987553988,0.22916666666666666,0.0
2021-05-26,전북,1784662,80,58,2055,0.07509216030822644,0.125,0.0
2021-05-27,전북,1784656,76,58,2065,0.052696430012282476,0.18421052631578946,0.0
2021-05-28,전북,1784652,66,58,2079,0.09102131039349051,0.16666666666666666,0.0
2021-05-29,전북,1784646,61,58,2090,0.11489613874473117,0.22950819672131148,0.0
2021-05-30,전북,1784639,54,58,2104,0.16687361795111877,0.16666666666666666,0.0
2021-05-31,전북,1784630,54,58,2113,0.11124963967009657,0.12962962962962962,0.0
2021-06-01,전북,1784624,53,58,2120,0.18891511759910698,0.16981132075471697,0.0
2021-06-02,전북,1784614,54,58,2129,0.22250127416286597,0.12962962962962962,0.0
2021-06-03,전북,1784602,59,58,2136,0.05091165083212116,0.2711864406779661,0.0
2021-06-04,전북,1784599,46,58,2152,0.3047325672504628,0.2608695652173913,0.0
2021-06-05,전북,1784585,48,58,2164,0.0,0.2916666666666667,0.0
2021-06-06,전북,1784585,34,58,2178,0.08834752980137581,0.11764705882352941,0.0
2021-06-07,전북,1784582,33,58,2182,0.12136650759028436,0.15151515151515152,0.0
2021-06-08,전북,1784578,32,58,2187,0.1877392372314351,0.1875,0.0
2021-06-09,전북,1784572,32,58,2193,0.06257995614634769,0.1875,0.0
2021-06-10,전북,1784570,28,58,2199,0.14304006007049316,0.14285714285714285,0.0
2021-06-11,전북,1784566,28,58,2203,0.07152019034319829,0.21428571428571427,0.0
2021-06-12,전북,1784564,24,58,2209,0.041720157790175454,0.2916666666666667,0.0
2021-06-13,전북,1784563,18,58,2216,0.11125381644943017,0.5,0.0
2021-06-14,전북,1784561,11,58,2225,0.3641038073483924,0.5454545454545454,0.0
2021-06-15,전북,1784557,9,58,2231,0.2225083810093423,1.1111111111111112,0.0
2021-06-16,전북,1784555,1,58,2241,7.009021856989557,12.0,0.0
2021-06-17,전북,1784548,-4,58,2253,-1.0012927643302394,-0.75,-0.0
2021-06-18,전북,1784544,-3,58,2256,-1.6688250144948327,-4.666666666666667,-0.0
2021-06-19,전북,1784539,-12,58,2270,-0.25032445354234345,-0.0,-0.0
2021-06-20,전북,1784536,-9,58,2270,-0.33376649915346807,-0.3333333333333333,-0.0
2021-06-21,전북,1784533,-9,58,2273,-0.22251137350157654,-0.4444444444444444,-0.0
2021-06-22,전북,1784531,-11,58,2277,-0.18205496417418765,-0.5454545454545454,-0.0
2021-06-23,전북,1784529,-15,58,2283,-0.4005213700645941,-0.13333333333333333,-0.0
2021-06-24,전북,1784523,-11,58,2285,-0.1820557803248976,-0.36363636363636365,-0.0
2021-06-25,전북,1784521,-13,58,2289,-0.3851184284617122,-0.15384615384615385,-0.0
2021-06-26,전북,1784516,-10,58,2291,-0.6007864317271462,-0.1,-0.1
2021-06-27,전북,1784510,-6,59,2292,-0.33377136207324887,-0.3333333333333333,-0.0
2021-06-28,전북,1784508,-6,59,2294,-1.1682010765245472,-0.6666666666666666,-0.0
2021-06-29,전북,1784501,-3,59,2298,-3.3377304542465,-0.6666666666666666,-0.0
2021-06-30,전북,1784491,5,59,2300,1.4018546465070432,1.4,0.0
2021-07-01,전북,1784484,5,59,2307,1.401860145565889,0.8,0.0
2021-07-02,전북,1784477,8,59,2311,0.5006663016670991,0.625,0.0
2021-07-03,전북,1784473,7,59,2316,0.4291435062340534,0.42857142857142855,0.0
2021-07-04,전북,1784470,7,59,2319,0.8582884553957197,0.42857142857142855,0.0
2021-07-05,전북,1784464,10,59,2322,0.6008039388858503,0.2,0.0
2021-07-06,전북,1784458,14,59,2324,0.5721961514364585,0.14285714285714285,0.0
2021-07-07,전북,1784450,20,59,2326,0.1502021631314971,0.3,0.0
2021-07-08,전북,1784447,17,59,2332,0.4712232647853764,0.11764705882352941,0.058823529411764705
2021-07-09,전북,1784439,22,60,2334,0.6372252262221042,0.22727272727272727,0.0
2021-07-10,전북,1784425,31,60,2339,0.06460398601338553,0.1935483870967742,0.0
2021-07-11,전북,1784423,27,60,2345,0.1483500600806307,0.07407407407407407,0.0
2021-07-12,전북,1784419,29,60,2347,0.6215369897950557,0.2413793103448276,0.0
2021-07-13,전북,1784401,40,60,2354,0.22530943156835262,0.25,0.0
2021-07-14,전북,1784392,39,60,2364,0.6162340320529777,0.1794871794871795,0.0
2021-07-15,전북,1784368,56,60,2371,0.2324664110766389,0.125,0.0
2021-07-16,전북,1784355,62,60,2378,0.12921304083765336,0.06451612903225806,0.0
2021-07-17,전북,1784347,66,60,2382,0.07586405728835424,0.045454545454545456,0.0
2021-07-18,전북,1784342,68,60,2385,0.14726593563209692,0.08823529411764706,0.0
2021-07-19,전북,1784332,72,60,2391,0.20862791136029243,0.08333333333333333,0.0
2021-07-20,전북,1784317,81,60,2397,0.23490154897391766,0.09876543209876543,0.0
2021-07-21,전북,1784298,92,60,2405,0.04354056767764519,0.03260869565217391,0.0
2021-07-22,전북,1784294,93,60,2408,0.10768121522381353,0.08602150537634409,0.0
2021-07-23,전북,1784284,95,60,2416,0.4427422988717043,0.14736842105263157,0.0
2021-07-24,전북,1784242,123,60,2430,0.05699391391938403,0.016260162601626018,0.0
2021-07-25,전북,1784235,128,60,2432,0.18777532808178296,0.03125,0.0
2021-07-26,전북,1784211,148,60,2436,0.21653662432695855,0.12162162162162163,0.0
2021-07-27,전북,1784179,162,60,2454,0.14218825023916143,0.05555555555555555,0.0
2021-07-28,전북,1784156,176,60,2463,0.1764028156985457,0.13636363636363635,0.0
2021-07-29,전북,1784125,183,60,2487,0.12587537553231118,0.07103825136612021,0.0
2021-07-30,전북,1784102,193,60,2500,0.07265079287533242,0.04145077720207254,0.0
2021-07-31,전북,1784088,199,60,2508,0.07046086962066837,0.02512562814070352,0.0
2021-08-01,전북,1784074,208,60,2513,0.06259742449023975,0.04807692307692308,0.0
2021-08-02,전북,1784061,211,60,2523,0.07594813952217767,0.07109004739336493,0.0
2021-08-03,전북,1784045,212,60,2538,0.15590555371916384,0.08962264150943396,0.0
2021-08-04,전북,1784012,226,60,2557,0.08420477160963578,0.017699115044247787,0.0
2021-08-05,전북,1783993,241,60,2561,0.14130516621191458,0.04149377593360996,0.0
2021-08-06,전북,1783959,265,60,2571,0.07559421552405379,0.15849056603773584,0.0
2021-08-07,전북,1783939,243,60,2613,0.08243906049704218,0.02880658436213992,0.0
2021-08-08,전북,1783919,256,60,2620,0.082166258231876,0.09375,0.0
2021-08-09,전북,1783898,253,60,2644,0.12273275014035635,0.12648221343873517,0.0
2021-08-10,전북,1783867,252,60,2676,0.12322192617374376,0.09126984126984126,0.0
2021-08-11,전북,1783836,260,60,2699,0.09246391570663533,0.11923076923076924,0.0
2021-08-12,전북,1783812,253,60,2730,0.10690141986550294,0.09090909090909091,0.0
2021-08-13,전북,1783785,257,60,2753,0.08185269357231452,0.054474708171206226,0.0
2021-08-14,전북,1783764,264,60,2767,0.04553331147964743,0.05303030303030303,0.0
2021-08-15,전북,1783752,262,60,2781,0.05352806978028199,0.04961832061068702,0.0
2021-08-16,전북,1783738,263,60,2794,0.09522314200971739,0.060836501901140684,0.0
2021-08-17,전북,1783713,272,60,2810,0.07365893339277313,0.1213235294117647,0.0
2021-08-18,전북,1783693,259,60,2843,0.15084608624248014,0.07335907335907337,0.0
2021-08-19,전북,1783654,279,60,2862,0.14362647033304227,0.12186379928315412,0.0
2021-08-20,전북,1783614,285,60,2896,0.0843635450271191,0.07017543859649122,0.0
2021-08-21,전북,1783590,289,60,2916,0.07279737761508218,0.06920415224913495,0.0
2021-08-22,전북,1783569,290,60,2936,0.12436663945079819,0.07241379310344828,0.0
2021-08-23,전북,1783533,305,60,2957,0.11168304339904166,0.10163934426229508,0.0
2021-08-24,전북,1783499,308,60,2988,0.130114505760357,0.10064935064935066,0.0
2021-08-25,전북,1783459,317,60,3019,0.14222614328007474,0.07570977917981073,0.0
2021-08-26,전북,1783414,338,60,3043,0.12153582030417652,0.07988165680473373,0.0
2021-08-27,전북,1783373,352,60,3070,0.07400785363159891,0.05965909090909091,0.0
2021-08-28,전북,1783347,357,60,3091,0.07858565393951847,0.03361344537815126,0.0
2021-08-29,전북,1783319,373,60,3103,0.06984330646528145,0.03753351206434316,0.0
2021-08-30,전북,1783293,385,60,3117,0.06766735879786848,0.06493506493506493,0.0
2021-08-31,전북,1783267,386,60,3142,0.06749303879244677,0.05181347150259067,0.0
2021-09-01,전북,1783241,392,60,3162,0.04601142766777698,0.09948979591836735,0.0
2021-09-02,전북,1783223,371,60,3201,0.07562541596428235,0.1078167115902965,0.0
2021-09-03,전북,1783195,359,60,3241,0.07257204703950651,0.06685236768802229,0.0
2021-09-04,전북,1783169,361,60,3265,0.038861328224903915,0.05817174515235457,0.0
2021-09-05,전북,1783155,354,60,3286,0.0198150418558409,0.1016949152542373,0.0
2021-09-06,전북,1783148,325,60,3322,0.0924995914744382,0.10461538461538461,0.0
2021-09-07,전북,1783118,321,60,3356,0.0998973973410761,0.12461059190031153,0.0
2021-09-08,전북,1783086,313,60,3396,0.08324267581050807,0.14376996805111822,0.0
2021-09-09,전북,1783060,294,60,3441,0.08521499690473253,0.13945578231292516,0.0
2021-09-10,전북,1783035,278,60,3482,0.06128209009402023,0.09352517985611511,0.0
2021-09-11,전북,1783018,269,60,3508,0.05215660806773542,0.10408921933085502,0.0
2021-09-12,전북,1783004,255,60,3536,0.03930038580846662,0.10196078431372549,0.0
2021-09-13,전북,1782994,239,60,3562,0.07128373556127911,0.1087866108786611,0.0
2021-09-14,전북,1782977,230,60,3588,0.06971652271551407,0.11304347826086956,0.0
2021-09-15,전북,1782961,220,60,3614,0.09110763703545037,0.08181818181818182,0.0
2021-09-16,전북,1782941,222,60,3632,0.16251814853675486,0.12612612612612611,0.0
2021-09-17,전북,1782905,230,60,3660,0.3180944801492142,0.11304347826086956,0.0
2021-09-18,전북,1782832,277,60,3686,0.0723650918561274,0.05054151624548736,0.0
2021-09-19,전북,1782812,283,60,3700,0.138121706234695,0.024734982332155476,0.0
2021-09-20,전북,1782773,315,60,3707,0.09545616108538028,0.09523809523809523,0.0
2021-09-21,전북,1782743,315,60,3737,0.08591199067953148,0.10158730158730159,0.0
2021-09-22,전북,1782716,310,60,3769,0.12933183719889818,0.08387096774193549,0.0
2021-09-23,전북,1782676,324,60,3795,0.19180661163883764,0.07716049382716049,0.0
2021-09-24,전북,1782614,361,60,3820,0.18048376975432825,0.04709141274238227,0.0
2021-09-25,전북,1782549,409,60,3837,0.11764291151532362,0.034229828850855744,0.0024449877750611247
2021-09-26,전북,1782501,442,61,3851,0.09752269982162766,0.02262443438914027,0.0
2021-09-27,전북,1782458,475,61,3861,0.08863917130165198,0.035789473684210524,0.0
2021-09-28,전북,1782416,500,61,3878,0.08220421607525964,0.032,0.0
2021-09-29,전북,1782375,525,61,3894,0.06683423334969726,0.0380952380952381,0.0
2021-09-30,전북,1782340,540,61,3914,0.05940937402723594,0.06666666666666667,0.0
2021-10-01,전북,1782308,536,61,3950,0.043019920313620515,0.13619402985074627,0.0
2021-10-02,전북,1782285,486,61,4023,0.05982378518554769,0.0411522633744856,0.0
2021-10-03,전북,1782256,495,61,4043,0.042533715525137634,0.07878787878787878,0.0
2021-10-04,전북,1782235,477,61,4082,0.0483430225724338,0.06289308176100629,0.0
2021-10-05,전북,1782212,470,61,4112,0.042664050617279764,0.0574468085106383,0.0
2021-10-06,전북,1782192,463,61,4139,0.05197147857679318,0.08639308855291576,0.0021598272138228943
2021-10-07,전북,1782168,446,62,4179,0.04945708238303715,0.13901345291479822,0.0
2021-10-08,전북,1782146,406,62,4241,0.0469216849256168,0.16009852216748768,0.0
2021-10-09,전북,1782127,360,62,4306,0.027851472488274468,0.13333333333333333,0.005555555555555556
2021-10-10,전북,1782117,320,64,4354,0.06266616473553645,0.134375,0.0
2021-10-11,전북,1782097,297,64,4397,0.07764783647072883,0.1414141414141414,0.0
2021-10-12,전북,1782074,278,64,4439,0.046888045965487,0.1474820143884892,0.0
2021-10-13,전북,1782061,250,64,4480,0.06417216919061693,0.14,0.0
2021-10-14,전북,1782045,231,64,4515,0.04774757839074397,0.13852813852813853,0.004329004329004329
2021-10-15,전북,1782034,209,65,4547,0.07676213095413852,0.11004784688995216,0.0
2021-10-16,전북,1782018,202,65,4570,0.07445898552946577,0.14356435643564355,0.0
2021-10-17,전북,1782003,188,65,4599,0.09600537243883858,0.11170212765957446,0.0
2021-10-18,전북,1781985,185,65,4620,0.07588249029001898,0.12432432432432433,0.0
2021-10-19,전북,1781971,176,65,4643,0.05127651743235695,0.11363636363636363,0.0
2021-10-20,전북,1781962,165,65,4663,0.06077247574541007,0.14545454545454545,0.0
2021-10-21,전북,1781952,151,65,4687,0.10625181213583354,0.1456953642384106,0.0
2021-10-22,전북,1781936,145,65,4709,0.13139620092396986,0.1310344827586207,0.0
2021-10-23,전북,1781917,145,65,4728,0.06915663260990541,0.06896551724137931,0.0
2021-10-24,전북,1781907,145,65,4738,0.16597684971484347,0.13793103448275862,0.0
2021-10-25,전북,1781883,149,65,4758,0.27593558773831167,0.15436241610738255,0.0
2021-10-26,전북,1781842,167,65,4781,0.18014611630417549,0.07784431137724551,0.0
2021-10-27,전북,1781812,184,65,4794,0.22345674381399142,0.08695652173913043,0.005434782608695652
2021-10-28,전북,1781771,208,66,4810,0.269998976385768,0.052884615384615384,0.0
2021-10-29,전북,1781715,253,66,4821,0.1030632663410999,0.06324110671936758,0.0
2021-10-30,전북,1781689,263,66,4837,0.08007942743149259,0.057034220532319393,0.0
2021-10-31,전북,1781668,269,66,4852,0.09693566630886877,0.06691449814126393,0.0
2021-11-01,전북,1781642,277,66,4870,0.04706872701621771,0.05054151624548736,0.0
2021-11-02,전북,1781629,276,66,4884,0.15625409650951175,0.03260869565217391,0.0
2021-11-03,전북,1781586,310,66,4893,0.12294317462624729,0.03225806451612903,0.0
2021-11-04,전북,1781548,338,66,4903,0.04747828970704461,0.047337278106508875,0.0029585798816568047
2021-11-05,전북,1781532,337,67,4919,0.1041678804887636,0.05637982195845697,0.005934718100890208
2021-11-06,전북,1781497,351,69,4938,0.0628665721506181,0.02849002849002849,0.0
2021-11-07,전북,1781475,363,69,4948,0.05802594864340175,0.06611570247933884,0.0
2021-11-08,전북,1781454,360,69,4972,0.03343439310435932,0.11388888888888889,0.0
2021-11-09,전북,1781442,331,69,5013,0.1090918060063301,0.09063444108761329,0.0
2021-11-10,전북,1781406,337,69,5043,0.11608099101902675,0.12166172106824925,0.0
2021-11-11,전북,1781367,335,69,5084,0.19462761404877482,0.16716417910447762,0.0
2021-11-12,전북,1781302,344,69,5140,0.16913025638184226,0.0755813953488372,0.0
2021-11-13,전북,1781244,376,69,5166,0.11472194671550846,0.05585106382978723,0.0
2021-11-14,전북,1781201,398,69,5187,0.09578045724831492,0.06532663316582915,0.0
2021-11-15,전북,1781163,410,69,5213,0.1370218469070147,0.03170731707317073,0.0
2021-11-16,전북,1781107,453,69,5226,0.11073147974070857,0.09492273730684327,0.002207505518763797
2021-11-17,전북,1781057,459,70,5269,0.11803004356071571,0.08278867102396514,0.0
2021-11-18,전북,1781003,475,70,5307,0.05069233460022246,0.03368421052631579,0.0
2021-11-19,전북,1780979,483,70,5323,0.06647117574993418,0.07246376811594203,0.0
2021-11-20,전북,1780947,480,70,5358,0.08151953356837682,0.04583333333333333,0.0
2021-11-21,전북,1780908,497,70,5380,0.06863890636955347,0.04225352112676056,0.0
2021-11-22,전북,1780874,510,70,5401,0.08262952050840337,0.023529411764705882,0.00196078431372549
2021-11-23,전북,1780832,539,71,5413,0.06329312118403958,0.06679035250463822,0.0018552875695732839
2021-11-24,전북,1780798,536,72,5449,0.06552060624070714,0.07276119402985075,0.0
2021-11-25,전북,1780763,532,72,5488,0.08676196664014245,0.12218045112781954,0.0
2021-11-26,전북,1780717,513,72,5553,0.09780184465437652,0.11306042884990253,0.001949317738791423
2021-11-27,전북,1780667,504,73,5611,0.08959599127742582,0.08531746031746032,0.0
2021-11-28,전북,1780622,506,73,5654,0.09717692222866404,0.07509881422924901,0.001976284584980237
2021-11-29,전북,1780573,516,74,5692,0.09724109280612774,0.10852713178294573,0.001937984496124031
2021-11-30,전북,1780523,509,75,5748,0.098581164879187,0.09823182711198428,0.0019646365422396855
2021-12-01,전북,1780473,508,76,5798,0.14026475451619683,0.1062992125984252,0.0
2021-12-02,전북,1780402,525,76,5852,0.12616993240852348,0.045714285714285714,0.0
2021-12-03,전북,1780336,567,76,5876,0.11505821594947094,0.0564373897707231,0.003527336860670194
2021-12-04,전북,1780271,598,78,5908,0.09567024056983366,0.06521739130434782,0.0
2021-12-05,전북,1780214,616,78,5947,0.11731914355138305,0.05519480519480519,0.0016233766233766235
2021-12-06,전북,1780142,653,79,5981,0.11375047092402661,0.06431852986217458,0.0015313935681470138
2021-12-07,전북,1780068,684,80,6023,0.15115894136878166,0.049707602339181284,0.0043859649122807015
2021-12-08,전북,1779965,750,83,6057,0.16731181043822022,0.04666666666666667,0.0013333333333333333
2021-12-09,전북,1779840,839,84,6092,0.1160695023302171,0.054827175208581644,0.0011918951132300357
2021-12-10,전북,1779743,889,85,6138,0.11971156890160745,0.0562429696287964,0.0
2021-12-11,전북,1779637,945,85,6188,0.0934993838423021,0.047619047619047616,0.0
2021-12-12,전북,1779549,988,85,6233,0.08232039301919929,0.04959514170040486,0.0010121457489878543
2021-12-13,전북,1779468,1019,86,6282,0.11430966037499121,0.04906771344455348,0.0009813542688910696
2021-12-14,전북,1779352,1084,87,6332,0.11116790076851893,0.046125461254612546,0.0
2021-12-15,전북,1779232,1154,87,6382,0.13053957099228014,0.06152512998266898,0.0017331022530329288
2021-12-16,전북,1779082,1231,89,6453,0.0995394241105393,0.05361494719740049,0.0016246953696181965
2021-12-17,전북,1778960,1285,91,6519,0.0859830182772814,0.05058365758754864,0.0007782101167315176
2021-12-18,전북,1778850,1329,92,6584,0.06953650041444036,0.04288939051918736,0.0007524454477050414
2021-12-19,전북,1778758,1363,93,6641,0.07296452913322606,0.05282465150403522,0.0007336757153338225
2021-12-20,전북,1778659,1389,94,6713,0.10414942194960605,0.05327573794096472,0.0007199424046076314
2021-12-21,전북,1778515,1458,95,6787,0.09302678753737642,0.07064471879286695,0.0013717421124828531
2021-12-22,전북,1778380,1488,97,6890,0.09791062372883283,0.08400537634408602,0.0
2021-12-23,전북,1778235,1508,97,7015,0.07862865078737695,0.0643236074270557,0.0
2021-12-24,전북,1778117,1529,97,7112,0.07623940204587933,0.06932635709614127,0.0
2021-12-25,전북,1778001,1539,97,7218,0.06399481187365634,0.057179987004548405,0.000649772579597141
2021-12-26,전북,1777903,1548,98,7306,0.05778302838177557,0.05232558139534884,0.0
2021-12-27,전북,1777814,1556,98,7387,0.058134763045976715,0.07455012853470437,0.0006426735218508997
2021-12-28,전북,1777724,1529,99,7503,0.07099720407484118,0.07848266841072596,0.0
2021-12-29,전북,1777616,1517,99,7623,0.1524030352055379,0.09887936717205009,0.0
2021-12-30,전북,1777386,1597,99,7773,0.06232149102563549,0.07639323731997495,0.003757044458359424
2021-12-31,전북,1777287,1568,105,7895,0.05450101806453158,0.07015306122448979,0.0
2022-01-01,전북,1777202,1543,105,8005,0.051477053895250285,0.059624108878807515,0.0
2022-01-02,전북,1777123,1530,105,8097,0.056516966640569925,0.06470588235294118,0.0
2022-01-03,전북,1777037,1517,105,8196,0.06098107666411617,0.09492419248516809,0.0013183915622940012
2022-01-04,전북,1776945,1463,107,8340,0.06667188502023007,0.09227614490772386,0.000683526999316473
2022-01-05,전북,1776848,1424,108,8475,0.05014035371573771,0.10182584269662921,0.002106741573033708
2022-01-06,전북,1776777,1347,111,8620,0.0627145164912119,0.08760207869339272,0.0007423904974016332
2022-01-07,전북,1776693,1312,112,8738,0.05135915717036528,0.08841463414634146,0.0007621951219512195
2022-01-08,전북,1776626,1262,113,8854,0.060568600033886415,0.07765451664025357,0.000792393026941363
2022-01-09,전북,1776550,1239,114,8952,0.07793127891662044,0.07183212267958031,0.0016142050040355124
2022-01-10,전북,1776454,1244,116,9041,0.04689677290100051,0.07234726688102894,0.0
2022-01-11,전북,1776396,1212,116,9131,0.04813654315044091,0.0891089108910891,0.0008250825082508251
2022-01-12,전북,1776338,1161,117,9239,0.09184115795857689,0.19810508182601205,0.002583979328165375
2022-01-13,전북,1776232,1034,120,9469,0.09826309903685626,0.09574468085106383,0.0
2022-01-14,전북,1776131,1036,120,9568,0.11944271687288953,0.08204633204633205,0.0
2022-01-15,전북,1776008,1074,120,9653,0.11522460396335725,0.07355679702048418,0.0
2022-01-16,전북,1775885,1118,120,9732,0.11159747139704987,0.07692307692307693,0.0008944543828264759
2022-01-17,전북,1775761,1155,121,9818,0.13155269854172466,0.07965367965367966,0.0
2022-01-18,전북,1775610,1214,121,9910,0.11853840525761446,0.07990115321252059,0.0016474464579901153
2022-01-19,전북,1775467,1258,123,10007,0.11040154532691823,0.05643879173290938,0.0
2022-01-20,전북,1775329,1325,123,10078,0.1253367791929972,0.06339622641509433,0.0
2022-01-21,전북,1775164,1406,123,10162,0.12242260585653084,0.0476529160739687,0.0
2022-01-22,전북,1774993,1510,123,10229,0.09333483314958918,0.05033112582781457,0.0
2022-01-23,전북,1774853,1574,123,10305,0.12792404703550833,0.060991105463786534,0.0
2022-01-24,전북,1774653,1678,123,10401,0.14281073841676542,0.03456495828367104,0.0
2022-01-25,전북,1774415,1858,123,10459,0.16313791127515648,0.031216361679224973,0.0
2022-01-26,전북,1774114,2101,123,10517,0.14908780657492673,0.05045216563541171,0.0009519276534983341
2022-01-27,전북,1773803,2304,125,10623,0.1665813692682239,0.04383680555555555,0.0
2022-01-28,전북,1773422,2584,125,10724,0.21757996852479358,0.04760061919504644,0.0
2022-01-29,전북,1772864,3019,125,10847,0.1405506548113228,0.04074196753892017,0.0
2022-01-30,전북,1772443,3317,125,10970,0.16108215542058085,0.037383177570093455,0.0
2022-01-31,전북,1771913,3723,125,11094,0.15818552061650706,0.040558689229116304,0.00026860059092130003
2022-02-01,전북,1771329,4155,126,11245,0.15926593299398817,0.034416365824308064,0.00024067388688327315
2022-02-02,전북,1770673,4667,127,11388,0.20476848863059136,0.029569316477394473,0.00042854081851296334
2022-02-03,전북,1769726,5474,129,11526,0.19625472214284978,0.030142491779320425,0.00018268176835951772
2022-02-04,전북,1768662,6372,130,11691,0.2034207990670478,0.026836158192090395,0.0
2022-02-05,전북,1767379,7484,130,11862,0.13644172966210838,0.01870657402458578,0.0
2022-02-06,전북,1766369,8354,130,12002,0.153786115637398,0.023940627244433806,0.0
2022-02-07,전북,1765099,9424,130,12202,0.13169686461340585,0.02525466893039049,0.0005305602716468591
2022-02-08,전북,1763873,10407,135,12440,0.15214420763832914,0.028922840395887384,0.00019217834150091285
2022-02-09,전북,1762310,11667,137,12741,0.15390983389756502,0.026656381246250107,8.571183680466272e-05
2022-02-10,전북,1760539,13126,138,13052,0.11652644951687416,0.029026359896388847,7.618467164406521e-05
2022-02-11,전북,1759032,14251,139,13433,0.1103420854652164,0.03915514700722756,0.0
2022-02-12,전북,1757484,15241,139,13991,0.1094027696506586,0.02762285939242832,6.561249261859458e-05
2022-02-13,전북,1755844,16459,140,14412,0.09837168677080106,0.032201227292059056,0.0
2022-02-14,전북,1754253,17520,140,14942,0.09180051381950402,0.03333333333333333,0.00011415525114155251
2022-02-15,전북,1752674,18513,142,15526,0.14108813471793255,0.035434559498730624,0.00010803219359369092
2022-02-16,전북,1750112,20417,144,16182,0.12871823702915672,0.04638291619728657,9.795758436596954e-05
2022-02-17,전북,1747538,22042,146,17129,0.1163891098771671,0.048271481716722624,0.00018147173577715272
2022-02-18,전북,1745029,23483,150,18193,0.10866285785554948,0.0546352680662607,0.0002129199846697611
2022-02-19,전북,1742537,24687,155,19476,0.11593079732092668,0.04091222100700774,8.10142990237777e-05
2022-02-20,전북,1739746,26466,157,20486,0.1058667358670111,0.0479860953676415,3.778432706113504e-05
2022-02-21,전북,1737018,27923,158,21756,0.09073760842579613,0.043906457042581386,0.00017906385417039718
2022-02-22,전북,1734555,29155,163,22982,0.1421825054554627,0.05361001543474533,0.0
2022-02-23,전북,1730531,31616,163,24545,0.12789268010579055,0.05601594129554656,9.488866396761134e-05
2022-02-24,전북,1726615,33758,166,26316,0.12927683004652266,0.044641270217429946,8.88678239232182e-05
2022-02-25,전북,1722398,36465,169,27823,0.1183512670937556,0.042451665981077746,8.227067050596462e-05
2022-02-26,전북,1718238,39074,172,29371,0.11204699557883976,0.041971643548139426,7.67773967344014e-05
2022-02-27,전북,1714028,41641,175,31011,0.10186803736911364,0.03820753584207872,0.00014408875867534402
2022-02-28,전북,1709959,44113,181,32602,0.0932851968381231,0.03579443701403214,0.0001813524357899032
2022-03-01,전북,1706021,46464,189,34181,0.14456048087674966,0.055139462809917356,4.304407713498623e-05
2022-03-02,전북,1699608,50313,191,36743,0.11043464084068051,0.0511597400274283,7.950231550493908e-05
2022-03-03,전북,1694323,53020,195,39317,0.130046389188235,0.047321765371557904,0.00016974726518294983
2022-03-04,전북,1687785,57040,204,41826,0.12970167012383563,0.04368863955119215,0.0001753155680224404
2022-03-05,전북,1680797,61526,214,44318,0.11837754632341524,0.045362935994538896,4.8759873874459576e-05
2022-03-06,전북,1673946,65583,217,47109,0.09871596470714003,0.04159614534254304,0.0001219828309165485
2022-03-07,전북,1667881,68912,225,49837,0.09738255055636721,0.03574123519851405,4.353378221499884e-05
2022-03-08,전북,1661617,72710,228,52300,0.14315111337064562,0.055343143996699214,0.00012377939760693164
2022-03-09,전북,1651938,78356,237,56324,0.13908117961660876,0.04997702792383481,8.933585175353515e-05
2022-03-10,전북,1641863,84508,244,60240,0.11398479247161042,0.04990060112652057,0.00013016519146116345
2022-03-11,전북,1633012,89131,255,64457,0.1330025561857136,0.046672874757379586,0.00016829161571170525
2022-03-12,전북,1622178,95790,270,68617,0.13156325714489026,0.04395030796534085,3.1318509238960225e-05
2022-03-13,전북,1610737,103018,273,72827,0.12031543937854144,0.039497951814246056,3.8828165951581275e-05
2022-03-14,전북,1599564,110118,277,76896,0.11421659123014961,0.03576163751611907,0.00012713634464846802
2022-03-15,전북,1588305,117425,291,80834,0.14751322219319266,0.0546135831381733,5.109644453906749e-05
2022-03-16,전북,1572908,126403,297,87247,0.16726239770453982,0.041810716517804165,0.00013449047886521682
2022-03-17,전북,1554297,139712,314,92532,0.08960032626727747,0.04679626660558864,4.2945487860742096e-05
2022-03-18,전북,1543408,144057,320,99070,0.07974752065721846,0.04850857646625988,6.941696689504848e-05
2022-03-19,전북,1533485,146982,330,106058,0.07677949511903118,0.04661114966458478,0.00012246397518063436
2022-03-20,전북,1523800,149798,348,112909,0.06183401419480977,0.04048785698073405,0.00012016181791479192
2022-03-21,전북,1515901,151614,366,118974,0.09762590227873351,0.04131544580315802,9.233975754217948e-05
2022-03-22,전북,1503344,157893,380,125238,0.11975224087341786,0.06130100764441742,6.966743300842975e-05
2022-03-23,전북,1487436,164111,391,134917,0.0945456099215232,0.061391375349610935,0.00017670966601873123
2022-03-24,전북,1474520,166923,420,144992,0.09307016587318426,0.053024448398363316,0.0001797235851260761
2022-03-25,전북,1461700,170862,450,153843,0.08730047361385597,0.06340789643103792,0.0001053481757207571
2022-03-26,전북,1449498,172212,468,164677,0.07765294969402549,0.06643555617494716,7.548835156667363e-05
2022-03-27,전북,1438650,171606,481,176118,0.05024424245633813,0.0651084460916285,8.158222905958999e-05
2022-03-28,전북,1431708,167361,495,187291,0.11258259451541945,0.06727373760912041,8.365150781842842e-05
2022-03-29,전북,1416611,171185,509,198550,0.09762388684608725,0.08994362823845548,0.00015772409965826445
2022-03-30,전북,1403362,169010,536,213947,0.08506278640037246,0.11011774451215904,0.0001301698124371339
2022-03-31,전북,1392071,161668,558,232558,0.08445454355656626,0.0673540836776604,8.659722394042111e-05
2022-04-01,전북,1381434,161402,572,243447,0.07582862880663488,0.06148003122637886,4.336997063233417e-05
2022-04-02,전북,1371972,160934,579,253370,0.06890169466419992,0.06017994954453378,6.213727366498067e-05
2022-04-03,전북,1363458,159753,589,263055,0.041739344791708106,0.04944508084355223,3.755798013182851e-05
2022-04-04,전북,1358370,156936,595,270954,0.08589893273700587,0.0800135086914411,3.1860121323342e-05
2022-04-05,전북,1348122,154622,600,283511,0.08983593906864733,0.10288316022299543,0.00016168462443895437
2022-04-06,전북,1337642,149169,625,299419,0.0741303855650458,0.08658635507377538,7.37418632557703e-05
2022-04-07,전북,1329364,144520,636,312335,0.07679619979335832,0.08870744533628563,0.00017298643786327152
2022-04-08,전북,1321107,139932,661,325155,0.06941921165917839,0.08719949689849356,5.717062573249864e-05
2022-04-09,전북,1313925,134904,669,337357,0.06782345219955423,0.08041273794698452,6.671410780999822e-05
2022-04-10,전북,1307197,130775,678,348205,0.03932260961710246,0.053083540432039764,9.940737908621678e-05
2022-04-11,전북,1303435,127582,691,355147,0.08740065660208857,0.11833173958708909,3.135238513269897e-05
2022-04-12,전북,1295301,120615,695,370244,0.09154283746736407,0.10984537578244828,4.1454213820834885e-05
2022-04-13,전북,1287297,115365,700,383493,0.07858074971026202,0.09787197156849999,0.00011268582325662029
2022-04-14,전북,1280766,110592,713,394784,0.06739065744913682,0.09618236400462964,0.00010850694444444444
2022-04-15,전북,1275424,105285,725,405421,0.06083793254788133,0.08987035190198034,0.00014247043738424277
2022-04-16,전북,1270852,100380,740,414883,0.05824137622324783,0.08481769276748356,0.00021916716477385934
2022-04-17,전북,1266694,96002,762,423397,0.030357614013205424,0.052998895856336325,2.0832899314597614e-05
2022-04-18,전북,1264628,92978,764,428485,0.07552708220085708,0.1102196218460281,6.453139452343565e-05
2022-04-19,전북,1259658,87694,770,438733,0.07817782390971671,0.11950646566469769,6.841973225078113e-05
2022-04-20,전북,1254825,82041,776,449213,0.06760559910907814,0.10090076912763131,3.6567082312502284e-05
2022-04-21,전북,1250930,77655,779,457491,0.06154784003408308,0.10632927693001094,7.726482518833301e-05
2022-04-22,전북,1247584,72738,785,465748,0.06491979009410813,0.09873793615441723,0.00012373174956693887
2022-04-23,전북,1244287,68844,794,472930,0.06205683500551649,0.0977281970832607,1.452559409679856e-05
2022-04-24,전북,1241312,65090,795,479658,0.03155862402802775,0.057796896604701185,0.00012290674450760486
2022-04-25,전북,1239885,62747,803,483420,0.08068505306612583,0.12963169553922896,3.187403381834988e-05
2022-04-26,전북,1236372,58124,805,491554,0.09784291730888886,0.13770559493496662,6.881838827334664e-05
2022-04-27,전북,1232437,54051,809,499558,0.07119045503171503,0.1208303269134706,0.00011100627185435977
2022-04-28,전북,1229783,50168,815,506089,0.06982826462971323,0.106482219741668,9.966512517939723e-05
2022-04-29,전북,1227372,47232,820,511431,0.061553794357519565,0.09679878048780488,4.234417344173442e-05
2022-04-30,전북,1225375,44655,822,516003,0.05688507736321101,0.09311387302653679,0.00011196954428395476
2022-05-01,전북,1223633,42234,827,520161,0.03201746193929202,0.048917933418572715,9.471042288203816e-05
2022-05-02,전북,1222707,41090,831,522227,0.06899736443563478,0.12095400340715502,2.433682161109759e-05
2022-05-03,전북,1220767,38059,832,527197,0.07968726272179241,0.12698704642791456,5.254998817625266e-05
2022-05-04,전북,1218695,35296,834,532030,0.07282000555641692,0.11035244786944697,0.00011332728921124207
2022-05-05,전북,1216942,33150,838,535925,0.0527530604844986,0.10093514328808446,0.00015082956259426848
2022-05-06,전북,1215751,30990,843,539271,0.07507649946393145,0.1063891577928364,3.2268473701193935e-05
2022-05-07,전북,1214168,29275,844,542568,0.10084272064545352,0.10162254483347566,3.4158838599487615e-05
2022-05-08,전북,1212162,28305,845,545543,0.04098644204363912,0.050415121003356295,3.532944709415297e-05
2022-05-09,전북,1211375,27664,846,546970,0.12130456093282427,0.12698814343551185,7.229612492770387e-05
2022-05-10,전북,1209100,26424,848,550483,0.1095627604614447,0.1489176506206479,0.00015137753557372085
2022-05-11,전북,1207141,24444,852,554418,0.08865436278877344,0.10857470135820652,4.090983472426771e-05
2022-05-12,전북,1205677,23253,853,557072,0.08935674854090919,0.10368554595106008,4.3005203629639184e-05
2022-05-13,전북,1204275,22243,854,559483,0.08031501892806268,0.08978105471384255,4.495796430337634e-05
2022-05-14,전북,1203071,21449,855,561480,0.07831656109054307,0.08121590750151522,4.662222015012355e-05
2022-05-15,전북,1201940,20837,856,563222,0.04180891984698964,0.04444017852857897,0.0
2022-05-16,전북,1201354,20497,856,564148,0.09941423593996036,0.09464799726789286,0.0
2022-05-17,전북,1199984,19927,856,566088,0.09333281696896589,0.10397952526722537,0.0
2022-05-18,전북,1198735,19104,856,568160,0.09230528363061734,0.09176088777219431,0.000157035175879397
2022-05-19,전북,1197552,18531,859,569913,0.07673420110015997,0.06427068156062814,0.00010792725702876261
2022-05-20,전북,1196599,18291,861,571104,0.08335448421799872,0.08654529550051938,0.00010934339292548247
2022-05-21,전북,1195578,17727,863,572687,0.07259041905972276,0.1131607152930558,5.6411124273706776e-05
2022-05-22,전북,1194717,16581,864,574693,0.043206497539418055,0.04746396477896388,6.030999336590073e-05
2022-05-23,전북,1194238,16272,865,575480,0.0975602431370962,0.13981071779744347,0.00012291052114060964
2022-05-24,전북,1193177,15056,867,577755,0.10135589582390303,0.13011424017003187,0.0
2022-05-25,전북,1192158,14116,867,579714,0.073476750093361,0.10371209974497024,7.084159818645509e-05
2022-05-26,전북,1191466,13343,868,581178,0.06384141550403069,0.10507382147942741,7.494566439331484e-05
2022-05-27,전북,1190898,12508,869,582580,0.06993513668406502,0.09625839462743845,7.99488327470419e-05
2022-05-28,전북,1190315,11886,870,583784,0.06567423504760919,0.09515396264512872,8.413259296651523e-05
2022-05-29,전북,1189795,11274,871,584915,0.030372041788112116,0.051978002483590566,0.0
2022-05-30,전북,1189567,10916,871,585501,0.08476519961184961,0.12550384756320998,0.0
2022-05-31,전북,1188951,10162,871,586871,0.07838302757630716,0.12290887620547136,9.8405825624877e-05
2022-06-01,전북,1188421,9442,872,588120,0.04665762396246088,0.12529125185342088,0.0
2022-06-02,전북,1188128,8552,872,589303,0.078607848878418,0.11143592142188961,0.0
2022-06-03,전북,1187681,8046,872,590256,0.077412272328332,0.1268953517275665,0.0
2022-06-04,전북,1187267,7439,872,591277,0.07647476587458908,0.11574136308643634,0.00013442667025137788
2022-06-05,전북,1186889,6955,873,592138,0.041777205032856105,0.06887131560028756,0.0
2022-06-06,전북,1186696,6669,873,592617,0.04876888955035338,0.15909431698905382,0.000299895036737142
2022-06-07,전북,1186480,5822,875,593678,0.12080184556028842,0.17502576434215047,0.0
2022-06-08,전북,1186013,5270,875,594697,0.11835581170636233,0.13130929791271348,0.0003795066413662239
2022-06-09,전북,1185599,4990,877,595389,0.09121324044074482,0.11382765531062124,0.0
2022-06-10,전북,1185297,4724,877,595957,0.08775763916280645,0.12341236240474174,0.0
2022-06-11,전북,1185022,4416,877,596540,0.09287583641509597,0.11775362318840579,0.0
2022-06-12,전북,1184750,4168,877,597060,0.03944222280184964,0.05470249520153551,0.0004798464491362764
2022-06-13,전북,1184641,4047,879,597288,0.11069443739840551,0.15221151470224858,0.0
2022-06-14,전북,1184344,3728,879,597904,0.10926958860969492,0.14216738197424894,0.0002682403433476395
2022-06-15,전북,1184074,3467,880,598434,0.08835938065028646,0.08451110470147101,0.0
2022-06-16,전북,1183871,3377,880,598727,0.08179089463821337,0.1323660053301747,0.0
2022-06-17,전북,1183688,3113,880,599174,0.10037909865826569,0.13299068422743335,0.0
2022-06-18,전북,1183481,2906,880,599588,0.09559831439035149,0.13007570543702685,0.0
2022-06-19,전북,1183297,2712,880,599966,0.04009021261659927,0.07116519174041298,0.0
2022-06-20,전북,1183225,2591,880,600159,0.1474602896943857,0.08336549594751061,0.0
2022-06-21,전북,1182972,2628,880,600375,0.1517376704817309,0.17770167427701675,0.0
2022-06-22,전북,1182708,2425,880,600842,0.11338912980028465,0.17072164948453608,0.0
2022-06-23,전북,1182526,2193,880,601256,0.14056271893171216,0.1377108983128135,0.0
2022-06-24,전북,1182322,2095,880,601558,0.12912863037739267,0.13126491646778043,0.0
2022-06-25,전북,1182143,1999,880,601833,0.13535039691655837,0.1360680340170085,0.0
2022-06-26,전북,1181964,1906,880,602105,0.07297094888464634,0.057187827911857295,0.0
2022-06-27,전북,1181872,1889,880,602214,0.22890376876907728,0.15722604552673372,0.0
2022-06-28,전북,1181586,1878,880,602511,0.23352123839068042,0.14376996805111822,0.0010649627263045794
2022-06-29,전북,1181296,1896,882,602781,0.21620291056502228,0.1070675105485232,0.0005274261603375527
2022-06-30,전북,1181025,1963,883,602984,0.19499812814237888,0.09322465613856343,0.0
2022-07-01,전북,1180772,2033,883,603167,0.20395598305065804,0.10181997048696508,0.0
2022-07-02,전북,1180498,2100,883,603374,0.19316994466177267,0.08761904761904762,0.0004761904761904762
2022-07-03,전북,1180230,2183,884,603558,0.0873855193073639,0.03298213467704993,0.0
2022-07-04,전북,1180104,2237,884,603630,0.27142348214153594,0.11309789897183728,0.0
2022-07-05,전북,1179703,2385,884,603883,0.30229794664357573,0.11069182389937107,0.0004192872117400419
2022-07-06,전북,1179227,2596,885,604147,0.2673330708952594,0.07010785824345146,0.0
2022-07-07,전북,1178769,2872,885,604329,0.2865998770645183,0.07103064066852367,0.0
2022-07-08,전북,1178226,3211,885,604533,0.24418048226690658,0.05574587355963874,0.0
2022-07-09,전북,1177709,3549,885,604712,0.2453901978977293,0.050436742744435055,0.0005635390250774866
2022-07-10,전북,1177135,3942,887,604891,0.11937355093576453,0.023338406900050734,0.0
2022-07-11,전북,1176825,4160,887,604983,0.36170769643385314,0.06875,0.0
2022-07-12,전북,1175834,4865,887,605269,0.32704471461450235,0.05960945529290853,0.0
2022-07-13,전북,1174787,5622,887,605559,0.3103149909333746,0.04820348630380648,0.0
2022-07-14,전북,1173640,6498,887,605830,0.25046809187231966,0.03893505694059711,0.0001538935056940597
2022-07-15,전북,1172571,7313,888,606083,0.23859430646751548,0.03746752358813073,0.0
2022-07-16,전북,1171426,8184,888,606357,0.23204818903754534,0.03274682306940371,0.0
2022-07-17,전북,1170181,9161,888,606625,0.1138450337021368,0.013753956991594804,0.00010915838882218098
2022-07-18,전북,1169498,9717,889,606751,0.328941982663326,0.041267881033240715,0.0
2022-07-19,전북,1167406,11408,889,607152,0.29504150011132557,0.04172510518934081,0.0
2022-07-20,전북,1165207,13131,889,607628,0.25517602428289665,0.03487929327545503,0.0
2022-07-21,전북,1163022,14858,889,608086,0.2328677858684238,0.036545968501817204,0.00013460761879122358
2022-07-22,전북,1160770,16565,891,608629,0.20221370536535174,0.031210383338364022,0.0
2022-07-23,전북,1158594,18224,891,609146,0.199214427835235,0.03149692712906058,0.0
2022-07-24,전북,1156240,20004,891,609720,0.09394162127928667,0.015496900619876025,0.0
2022-07-25,전북,1155024,20910,891,610030,0.2155925840498703,0.04739359158297465,4.7824007651841225e-05
2022-07-26,전북,1152110,22832,892,611021,0.2288507925210949,0.045856692361597756,4.379817799579537e-05
2022-07-27,전북,1148741,25153,893,612068,0.17296963359332918,0.04560092235518626,0.0
2022-07-28,전북,1145944,26803,893,613215,0.16993156899120412,0.03988359511994926,0.0
2022-07-29,전북,1143023,28655,893,614284,0.15962769823374873,0.039958122491711746,0.0
2022-07-30,전북,1140097,30436,893,615429,0.15499811944453903,0.040905506636877385,0.0
2022-07-31,전북,1137087,32201,893,616674,0.07705634200273015,0.0212105214123785,0.0
2022-08-01,전북,1135508,33097,893,617357,0.17358904601356118,0.06320814575339155,3.0214218811372632e-05
2022-08-02,전북,1131857,34655,894,619449,0.19606682226797856,0.06345404703505987,0.0
2022-08-03,전북,1127553,36760,894,621648,0.18235480510678256,0.05943960826985854,2.720348204570185e-05
2022-08-04,전북,1123323,38804,895,623833,0.16872659052605532,0.05803525409751572,0.00012885269559839192
2022-08-05,전북,1119207,40663,900,626085,0.16027008891599623,0.05351302166588791,0.0
2022-08-06,전북,1115125,42569,900,628261,0.1686736547353602,0.05529845662336442,2.349127299208344e-05
2022-08-07,전북,1110644,44695,901,630615,0.0803433036545353,0.0272066226647276,0.0
2022-08-08,전북,1108412,45711,901,631831,0.19410905521407112,0.06374833191135613,2.1876572378639716e-05
2022-08-09,전북,1102908,48300,902,634745,0.2040760780866897,0.06975155279503105,2.0703933747412007e-05
2022-08-10,전북,1096824,51014,903,638114,0.17567284472380756,0.0548280864076528,0.00011761477241541538
2022-08-11,전북,1091323,53712,909,640911,0.1522955134173994,0.054382633303544835,1.8617813523979743e-05
2022-08-12,전북,1086327,55786,910,643832,0.1414992915212739,0.052450435593159574,0.0
2022-08-13,전북,1081528,57659,910,646758,0.1462210864841392,0.05220347213791429,1.7343346225220693e-05
2022-08-14,전북,1076425,59751,911,649768,0.06814875185659461,0.02642633596090442,0.0
2022-08-15,전북,1073972,60625,911,651347,0.10052672171260892,0.06022268041237113,1.6494845360824743e-05
2022-08-16,전북,1070309,60636,912,654998,0.17307086600978702,0.07098093541790355,3.298370604921169e-05
2022-08-17,전북,1064023,62616,914,659302,0.18722792024829812,0.06755461862782676,0.0
2022-08-18,전북,1057042,65367,914,663532,0.14825879166051376,0.06296755243471476,3.059647834534245e-05
2022-08-19,전북,1051309,66982,916,667648,0.12885269756754117,0.060941745543578875,4.4788152040846796e-05
2022-08-20,전북,1046231,67975,919,671730,0.11876763640960647,0.06592129459360059,2.942258183155572e-05
2022-08-21,전북,1041504,68219,921,676211,0.06357700865298974,0.03271815769800202,1.4658672803764347e-05
2022-08-22,전북,1038976,68514,922,678443,0.13527347803598727,0.08033394634673205,1.459555711241498e-05
2022-08-23,전북,1033587,68398,923,683947,0.13979850561580093,0.08894996929734787,1.4620310535395772e-05
2022-08-24,전북,1028056,67844,924,690031,0.11607940046358178,0.08108307293202052,4.421909085549201e-05
2022-08-25,전북,1023525,66871,927,695532,0.1055757525913346,0.07471101075204498,2.9908330965590467e-05
2022-08-26,전북,1019481,65917,929,700528,0.09925919112693839,0.07280367735182124,6.068237328761928e-05
2022-08-27,전북,1015748,64847,933,705327,0.1018374966220936,0.07869292334263729,4.626274153006307e-05
2022-08-28,전북,1011994,63495,936,710430,0.04335288081173805,0.038632963225450824,1.5749271596188676e-05
2022-08-29,전북,1010435,62600,937,712883,0.11175394945437649,0.05851437699680511,4.792332268370607e-05
2022-08-30,전북,1006479,62890,940,716546,0.12099158494710956,0.09995229766258547,3.180155827635554e-05
2022-08-31,전북,1002193,60888,942,722832,0.10076063839418366,0.11465313362238864,3.2847194849559846e-05
2022-09-01,전북,998752,57346,944,729813,0.0975877407437782,0.09997209918738884,3.4876015763959124e-05
2022-09-02,전북,995624,54739,946,735546,0.09606489577704774,0.09276749666599682,5.480553170500009e-05
2022-09-03,전북,992694,52588,949,740624,0.09313561835305442,0.08988742678938161,3.803149007378109e-05
2022-09-04,전북,989973,50580,951,745351,0.05777420597677315,0.04998022933965995,0.0
2022-09-05,전북,988354,49671,951,747879,0.12182308587728899,0.10849388979485011,0.0
2022-09-06,전북,985007,47629,951,753268,0.11719417545724489,0.11612672951353167,4.199122383421865e-05
2022-09-07,전북,981930,45173,953,758799,0.1099343429215552,0.10030327850707281,4.427423460916919e-05
2022-09-08,전북,979201,43369,955,763330,0.10308705657013911,0.0932463280223201,9.223177845926814e-05
2022-09-09,전북,976751,41771,959,767374,0.0809342863601655,0.08936822197218165,2.3940054104522276e-05
2022-09-10,전북,974903,39885,960,771107,0.05803923227467661,0.09412059671555723,2.5072082236429736e-05
2022-09-11,전북,973640,37393,961,774861,0.07715305657984192,0.041692295349396946,0.0
2022-09-12,전북,972068,37406,961,776420,0.10653950471138464,0.10575843447575255,5.3467358177832434e-05
2022-09-13,전북,969900,35616,963,780376,0.16697472458744045,0.12033917340521114,0.00011230907457322552
2022-09-14,전북,966672,34554,967,784662,0.1469503087767122,0.09958326098280952,5.7880419054233955e-05
2022-09-15,전북,963925,33858,969,788103,0.10418940436749567,0.09238584677181168,0.000118140469017662
2022-09-16,전북,962022,32629,973,791231,0.09523497781662901,0.08979741947347451,9.194275031413773e-05
2022-09-17,전북,960349,31369,976,794161,0.08084541688852352,0.08674168765341579,3.187860626733399e-05
2022-09-18,전북,958986,30010,977,796882,0.03756353224428969,0.05394868377207598,0.00013328890369876707
2022-09-19,전북,958381,28992,981,798501,0.10418086406012635,0.11544564017660044,3.449227373068433e-05
2022-09-20,전북,956761,27264,982,801848,0.10261434750841887,0.11285944835680752,0.0
2022-09-21,전북,955263,25685,982,804925,0.0785793133914307,0.10624878333657777,0.0
2022-09-22,전북,954184,24035,982,807654,0.07767982055581858,0.10193467859371749,0.0003744539213646765
2022-09-23,전북,953187,22573,991,810104,0.07864514157062318,0.08186771807026093,0.0003101049926903823
2022-09-24,전북,952240,21665,998,811952,0.08072352349504754,0.05829679206092776,0.00018462958689129932
2022-09-25,전북,951308,21330,1002,813215,0.03953881492819487,0.07369901547116738,9.376465072667604e-05
2022-09-26,전북,950859,20205,1004,814787,0.1033304675283181,0.10730017322444939,0.00014847809948032666
2022-09-27,전북,949748,19145,1007,816955,0.11586155647145242,0.16860799164272655,0.00020893183598850876
2022-09-28,전북,948569,17092,1011,820183,0.1088891091447622,0.1607184647788439,0.0
2022-09-29,전북,947581,15333,1011,822930,0.10970102522856913,0.12411139372595056,6.521880910454576e-05
2022-09-30,전북,946689,14321,1012,824833,0.10477936563328204,0.11682145101599051,0.00013965505202150687
2022-10-01,전북,945894,13441,1014,826506,0.10850070505815085,0.1014061453760881,7.439922624804702e-05
2022-10-02,전북,945122,12849,1015,827869,0.04208217162339201,0.04708537629387501,7.782706825433887e-05
2022-10-03,전북,944836,12529,1016,828474,0.0787928796846165,0.12930002394444887,0.0
2022-10-04,전북,944314,11431,1016,830094,0.16139618849548681,0.131047152480098,0.0
2022-10-05,전북,943339,10908,1016,831592,0.16062684368851124,0.09891822515584892,0.0003667033370003667
2022-10-06,전북,942414,10750,1020,832671,0.12258121535585433,0.09274418604651163,0.00018604651162790697
2022-10-07,전북,941719,10446,1022,833668,0.1189759708772902,0.0906567107026613,0.0
2022-10-08,전북,941064,10154,1022,834615,0.10808385622911168,0.09178648808351389,0.0
2022-10-09,전북,940486,9800,1022,835547,0.058548779187417084,0.045816326530612246,0.0
2022-10-10,전북,940184,9653,1022,835996,0.09608021615283527,0.11509375323733555,0.0
2022-10-11,전북,939696,9030,1022,837107,0.18551972490130075,0.13056478405315614,0.0
2022-10-12,전북,938815,8732,1022,838286,0.17873492282179324,0.11314704535043518,0.00022904260192395785
2022-10-13,전북,937995,8562,1024,839274,0.1570790499592,0.10418126605933194,0.000233590282644242
2022-10-14,전북,937289,8374,1026,840166,0.1541244371786696,0.0949367088607595,0.00011941724385001195
2022-10-15,전북,936612,8255,1027,840961,0.15553480199105607,0.093519079345851,0.00012113870381586917
2022-10-16,전북,935939,8155,1028,841733,0.07538304454721098,0.03507050889025138,0.0001226241569589209
2022-10-17,전북,935617,8190,1029,842019,0.20893698110764497,0.06373626373626373,0.0
2022-10-18,전북,934721,8564,1029,842541,0.19732536654475843,0.11384866884633349,0.0
2022-10-19,전북,933837,8473,1029,843516,0.15988741670560608,0.1091703056768559,0.00011802195208308746
2022-10-20,전북,933129,8255,1030,844441,0.16377033916690498,0.08419139915202907,0.00024227740763173834
2022-10-21,전북,932423,8264,1032,845136,0.17020882962040007,0.0792594385285576,0.0
2022-10-22,전북,931689,8343,1032,845791,0.19654509720531063,0.0692796356226777,0.0
2022-10-23,전북,930834,8620,1032,846369,0.08061546777348738,0.03503480278422274,0.0
2022-10-24,전북,930472,8680,1032,846671,0.23097595767559106,0.05622119815668203,0.0
2022-10-25,전북,929428,9236,1032,847159,0.25041207267222587,0.09538761368557817,0.00010827197921177999
2022-10-26,전북,928225,9557,1033,848040,0.20182835760357729,0.0858009835722507,0.00010463534581981794
2022-10-27,전북,927223,9738,1034,848860,0.2010615626654725,0.07249948654754569,0.00020538098172109262
2022-10-28,전북,926207,10046,1036,849566,0.19722343682604346,0.06739000597252638,9.954210631096954e-05
2022-10-29,전북,925180,10395,1037,850243,0.20028911290935977,0.06474266474266474,9.62000962000962e-05
2022-10-30,전북,924102,10799,1038,850916,0.10582136062210722,0.02981757570145384,0.00018520233354940273
2022-10-31,전북,923511,11066,1040,851238,0.27223576851915443,0.0809687330562082,9.036688957166094e-05
2022-11-01,전북,921954,11726,1041,852134,0.2656109931752672,0.07538802660753881,0.0
2022-11-02,전북,920347,12449,1041,853018,0.22223789156186086,0.05687203791469194,0.00040163868583821993
2022-11-03,전북,918922,13161,1046,853726,0.19059499141859024,0.05364334017171948,0.00083580275055087
2022-11-04,전북,917632,13734,1057,854432,0.17382578079087826,0.05344400757244794,0.0
2022-11-05,전북,916406,14226,1057,855166,0.1717392865441426,0.060101223112610715,7.029382820188388e-05
2022-11-06,전북,915153,14623,1058,856021,0.06435853686760051,0.024755522122683445,0.0
2022-11-07,전북,914671,14743,1058,856383,0.21704632348916011,0.07081326731330123,6.782880010852608e-05
2022-11-08,전북,913033,15336,1059,857427,0.2381235654326666,0.07844287949921752,0.00013041210224308815
2022-11-09,전북,911167,15997,1061,858630,0.20889227271430189,0.06263674438957305,0.0001250234418953554
2022-11-10,전북,909463,16697,1063,859632,0.19415553393668966,0.060849254357070136,0.00011978199676588608
2022-11-11,전북,907813,17329,1065,860648,0.19320738656241018,0.05926481620405101,0.0
2022-11-12,전북,906112,18003,1065,861675,0.1936621767344155,0.05987890907071044,5.554629783924901e-05
2022-11-13,전북,904344,18692,1066,862753,0.06701764084349474,0.031617804408303016,5.349882302589343e-05
2022-11-14,전북,903710,18734,1067,863344,0.2162577430700756,0.083110921319526,0.0
2022-11-15,전북,901661,19226,1067,864901,0.23150844631189338,0.08358472901279518,0.0
2022-11-16,전북,899415,19865,1067,866508,0.17521638582655705,0.07173420588975585,5.0339793606846214e-05
2022-11-17,전북,897663,20191,1068,867933,0.16345668406070313,0.06388985191421921,0.0001981080679510673
2022-11-18,전북,896005,20555,1072,869223,0.16299364772256572,0.05964485526635855,9.729992702505473e-05
2022-11-19,전북,894325,21007,1074,870449,0.1615932754103071,0.059646784405198265,4.760317989241681e-05
2022-11-20,전북,892626,21452,1075,871702,0.05458934167296025,0.022468767480887563,4.661570016781652e-05
2022-11-21,전북,892041,21554,1076,872184,0.19683511264726605,0.07599517490952955,4.639510067736847e-05
2022-11-22,전북,889923,22033,1077,873822,0.20486112482438604,0.08469114510053102,0.0
2022-11-23,전북,887675,22415,1077,875688,0.17071775719894147,0.07602052197189382,4.461298237787196e-05
2022-11-24,전북,885774,22611,1078,877392,0.15247150114031754,0.07297333156428287,0.0
2022-11-25,전북,884065,22670,1078,879042,0.14915902480998225,0.07503308337009264,4.411116012351125e-05
2022-11-26,전북,882392,22641,1079,880743,0.15580460716434322,0.07808842365619893,0.0
2022-11-27,전북,880650,22615,1079,882511,0.05948437579376749,0.028034490382489497,0.0
2022-11-28,전북,879987,22644,1079,883145,0.18696743432825763,0.09048754636989931,8.832361773538245e-05
2022-11-29,전북,877902,22678,1081,885194,0.20418316119851973,0.09903871593614957,4.4095599259193934e-05
2022-11-30,전북,875627,22706,1082,887440,0.16698414733098063,0.07716022196776183,0.0
2022-12-01,전북,873769,22812,1082,889192,0.14979791417611715,0.0726810450640014,0.0002191828862002455
2022-12-02,전북,872098,22820,1087,890850,0.1562275526332121,0.0736196319018405,0.0
2022-12-03,전북,870358,22880,1087,892530,0.1638461116442447,0.07425699300699301,0.00013111888111888112
2022-12-04,전북,868532,23004,1090,894229,0.05875779615815255,0.02543035993740219,0.0
2022-12-05,전북,867875,23076,1090,894814,0.20654876307875783,0.09178367134685388,8.667013347200555e-05
2022-12-06,전북,865560,23271,1092,896932,0.2232853877479977,0.09660091959950153,8.594387864724336e-05
2022-12-07,전북,863043,23538,1094,899180,0.18040683156123988,0.08076302149715354,0.0001699379726399864
2022-12-08,전북,860992,23684,1098,901081,0.1795465652994205,0.07215841918594831,4.2222597534200305e-05
2022-12-09,전북,858943,24023,1099,902790,0.16687045125335,0.06964159347292179,0.00012488032302376888
2022-12-10,전북,857016,24274,1102,904463,0.17633884158460406,0.07176402735437093,0.00016478536705940512
2022-12-11,전북,854963,24581,1106,906205,0.06121740854139548,0.026972051584557177,0.0
2022-12-12,전북,854243,24638,1106,906868,0.20188975566049364,0.08462537543631789,0.0
2022-12-13,전북,851865,24931,1106,908953,0.23650464978892094,0.09125185512013156,8.022141109462116e-05
2022-12-14,전북,849054,25465,1108,911228,0.18627914272450202,0.07296289024150795,3.92695857058708e-05
2022-12-15,전북,846800,25860,1109,913086,0.17233514571576686,0.06461716937354989,0.0
2022-12-16,전북,844688,26301,1109,914757,0.18016430236349987,0.06615718033534847,0.00015208547203528382
2022-12-17,전북,842448,26797,1113,916497,0.17318383383294939,0.06814195618912565,7.463522036048811e-05
2022-12-18,전북,840260,27157,1115,918323,0.06107850977808881,0.024192657510034247,7.364583716905401e-05
2022-12-19,전북,839480,27278,1117,918980,0.17978311775846015,0.08486692572769265,3.665957914803138e-05
2022-12-20,전북,837176,27266,1118,921295,0.24767808812476586,0.0923127704833859,0.0
2022-12-21,전북,834012,27913,1118,923812,0.1961107502717433,0.07347830759860996,0.00010747680292336904
2022-12-22,전북,831457,28414,1121,925863,0.1726724507951022,0.0721123389878229,7.038783698176955e-05
2022-12-23,전북,829174,28646,1123,927912,0.1420305073600902,0.06726942679606228,6.981777560566921e-05
2022-12-24,전북,827286,28605,1125,929839,0.1401424341742602,0.07177066946338052,3.495892326516343e-05
2022-12-25,전북,825430,28407,1126,931892,0.06805110008659544,0.02534586545569754,0.0
2022-12-26,전북,824537,28580,1126,932612,0.1659068265037209,0.08320503848845347,3.4989503149055284e-05
2022-12-27,전북,822349,28389,1127,934990,0.19326109270943057,0.09901722498150692,3.522491105709958e-05
2022-12-28,전북,819824,28102,1128,937801,0.16178779588088568,0.08020781439043484,0.00010675396768913245
2022-12-29,전북,817738,27931,1131,940055,0.15364913888888065,0.0756149081665533,0.0
2022-12-30,전북,815774,27783,1131,942167,0.14167342406448546,0.08062484252960443,7.198646654428968e-05
2022-12-31,전북,813977,27338,1133,944407,0.15256820617076583,0.08003511595581242,0.00029263296510351894
2023-01-01,전북,812077,27042,1141,946595,0.05622524289381216,0.02884402041269137,7.395902669920864e-05
2023-01-02,전북,811386,26951,1143,947375,0.17976684590270142,0.08548847909168492,0.00011131312381729806
2023-01-03,전북,809186,26844,1146,949679,0.21322038269552873,0.1178661898375801,3.725227238861571e-05
2023-01-04,전북,806594,26271,1147,952843,0.17421599970899598,0.09725552891020517,7.612957253245023e-05
2023-01-05,전북,804528,25780,1149,955398,0.1617072560830139,0.08855702094647014,3.8789759503491075e-05
2023-01-06,전북,802651,25373,1150,957681,0.15345482583634415,0.07440980569897135,0.0
2023-01-07,전북,800902,25234,1150,959569,0.16135658866574518,0.07355155742252517,3.9629071887136404e-05
2023-01-08,전북,799077,25202,1151,961425,0.05155155934121456,0.035433695738433454,0.0
2023-01-09,전북,798496,24890,1151,962318,0.1665969666102043,0.08790678987545199,4.017677782241864e-05
2023-01-10,전북,796643,24554,1152,964506,0.16324048195851437,0.10283456870570987,8.145312372729494e-05
2023-01-11,전북,794856,23814,1154,967031,0.1426372541787018,0.08759553203997648,8.398421096833795e-05
2023-01-12,전북,793345,23237,1156,969117,0.1311429538281885,0.08452037698498086,8.606963033093773e-05
2023-01-13,전북,791992,22624,1158,971081,0.12156339780197299,0.07942892503536068,4.42008486562942e-05
2023-01-14,전북,790773,22045,1159,972878,0.12402600259855753,0.08618734406894987,0.0001360852801088682
2023-01-15,전북,789563,21352,1162,974778,0.05299488655254906,0.03236230798051705,4.683402023229674e-05
2023-01-16,전북,789063,21160,1163,975469,0.12478446445370812,0.10396975425330812,4.725897920604915e-05
2023-01-17,전북,787897,20125,1164,977669,0.1478488023511791,0.12879503105590062,0.0
2023-01-18,전북,786585,18845,1164,980261,0.13235789445808266,0.10963120191032104,0.00015919342000530646
2023-01-19,전북,785487,17874,1167,982327,0.1230708019277796,0.10501286785274701,5.594718585655141e-05
2023-01-20,전북,784520,16963,1168,984204,0.11976984413177151,0.10310676177562932,0.0001768555090491069
2023-01-21,전북,783628,16103,1171,985953,0.09586525724896161,0.11333291933180152,6.210022977085015e-05
2023-01-22,전북,782951,14954,1172,987778,0.05784110248324578,0.0388524809415541,0.00026748696001069946
2023-01-23,전북,782572,14748,1176,988359,0.07555299758812312,0.12564415513967997,0.0
2023-01-24,전북,782084,13383,1176,990212,0.10806526994961832,0.1335276096540387,0.0001494433236195173
2023-01-25,전북,781451,12227,1178,991999,0.20159808812318758,0.12357896458657071,0.0
2023-01-26,전북,780373,11794,1178,993510,0.24151623717264398,0.11471934882143463,0.0
2023-01-27,전북,779129,11685,1178,994863,0.1685948830060568,0.10432178005990586,0.00017115960633290543
2023-01-28,전북,778270,11323,1180,996082,0.16545796294925472,0.10686213900909652,8.831581736288969e-05
2023-01-29,전북,777454,10928,1181,997292,0.05825774793336485,0.04575402635431918,0.00018301610541727673
2023-01-30,전북,777177,10703,1183,997792,0.15745912055122027,0.10894141829393628,0.0002802952443240213
2023-01-31,전북,776444,10267,1186,998958,0.17976700366766168,0.12778805882925878,9.739943508327652e-05
2023-02-01,전북,775642,9756,1187,1000270,0.14899975757785122,0.11254612546125461,0.0002050020500205002
2023-02-02,전북,775011,9287,1189,1001368,0.1429975125552694,0.10412404436308818,0.0
2023-02-03,전북,774435,8896,1189,1002335,0.13279432817417647,0.10026978417266187,0.00011241007194244605
2023-02-04,전북,773923,8515,1190,1003227,0.14669123705438963,0.07950675278919554,0.00011743981209630065
2023-02-05,전북,773382,8378,1191,1003904,0.04439977525949016,0.04523752685605156,0.00011936022917164001
2023-02-06,전북,773221,8159,1192,1004283,0.15776255574768927,0.059811251378845444,0.0
2023-02-07,전북,772664,8228,1192,1004771,0.16357891954925272,0.07693242586290715,0.0
2023-02-08,전북,772082,8177,1192,1005404,0.1471754017544262,0.13183319065672006,0.00024458847988259754
2023-02-09,전북,771562,7617,1194,1006482,0.14563643499468826,0.16331889195221216,0.0
2023-02-10,전북,771083,6852,1194,1007726,0.1481306537644748,0.1253648569760654,0.00014594279042615295
2023-02-11,전북,770645,6430,1195,1008585,0.16443293794405642,0.12690513219284602,0.00031104199066874026
2023-02-12,전북,770189,6068,1197,1009401,0.06767366455548314,0.0456493078444298,0.00016479894528675015
2023-02-13,전북,770012,5967,1198,1009678,0.19094894915355773,0.12284229931288755,0.0
2023-02-14,전북,769521,5725,1198,1010411,0.23443431596751996,0.14008733624454148,0.00017467248908296942
2023-02-15,전북,768943,5500,1199,1011213,0.208717768771843,0.11472727272727273,0.0001818181818181818
2023-02-16,전북,768449,5362,1200,1011844,0.19254419180050805,0.10742260350615442,0.0001864975755315181
2023-02-17,전북,768005,5229,1201,1012420,0.17130394003058064,0.09791547140944731,0.0
2023-02-18,전북,767620,5102,1201,1012932,0.20029361092083703,0.10603684829478636,0.0003920031360250882
2023-02-19,전북,767181,4998,1203,1013473,0.057319228042763876,0.03221288515406162,0.00020008003201280514
2023-02-20,전북,767058,4959,1204,1013634,0.20856910129501213,0.11232103246622303,0.00020165355918531962
2023-02-21,전북,766614,4845,1205,1014191,0.253048943464505,0.12012383900928793,0.0
2023-02-22,전북,766088,4789,1205,1014773,0.22793534158543402,0.10858216746711213,0.00020881186051367718
2023-02-23,전북,765620,4736,1206,1015293,0.20648018048832706,0.1011402027027027,0.00021114864864864866
2023-02-24,전북,765201,4675,1207,1015772,0.2167813403219833,0.09368983957219251,0.0
2023-02-25,전북,764767,4671,1207,1016210,0.201083463892868,0.09762363519588953,0.0
2023-02-26,전북,764365,4617,1207,1016666,0.07493597458542943,0.03833658219623132,0.0
2023-02-27,전북,764217,4588,1207,1016843,0.18601247555750514,0.10701830863121185,0.00021795989537925023
2023-02-28,전북,763852,4461,1208,1017334,0.23439880407793043,0.1295673615781215,0.0
2023-03-01,전북,763405,4330,1208,1017912,0.15514161641762014,0.1140877598152425,0.00023094688221709007
2023-03-02,전북,763118,4122,1209,1018406,0.22210911625764407,0.10771470160116449,0.00024260067928190198
2023-03-03,전북,762727,4068,1210,1018850,0.24244952798416314,0.09464110127826943,0.0002458210422812193
2023-03-04,전북,762306,4103,1211,1019235,0.21823370188098773,0.10699488179380941,0.00024372410431391665
2023-03-05,전북,761924,4045,1212,1019674,0.07247181617749442,0.030407911001236094,0.00024721878862793575
2023-03-06,전북,761799,4046,1213,1019797,0.28812399229212987,0.10973801285219971,0.0
2023-03-07,전북,761302,4099,1213,1020241,0.3000445272154931,0.1283239814588924,0.00024396194193705782
2023-03-08,전북,760778,4096,1214,1020767,0.2477166312396652,0.1142578125,0.0
2023-03-09,전북,760346,4060,1214,1021235,0.24716096809646643,0.10320197044334975,0.0
2023-03-10,전북,759919,4068,1214,1021654,0.20924237211986768,0.10668633235004917,0.0002458210422812193
2023-03-11,전북,759557,3995,1215,1022088,0.2526209998867942,0.10062578222778473,0.0
2023-03-12,전북,759128,4022,1215,1022490,0.07959231624029708,0.03679761312779711,0.0
2023-03-13,전북,758992,4010,1215,1022638,0.2606697953032548,0.09102244389027432,0.0
2023-03-14,전북,758548,4089,1215,1023003,0.2592397818574732,0.10931768158473955,0.0
2023-03-15,전북,758098,4092,1215,1023450,0.2580514773754919,0.0701368523949169,0.0
2023-03-16,전북,757650,4253,1215,1023737,0.19297655333421812,0.09193510463202445,0.00047025628967787447
2023-03-17,전북,757302,4208,1217,1024128,0.21195139370239635,0.10004752851711027,0.0
2023-03-18,전북,756924,4165,1217,1024549,0.20857864841641907,0.09171668667466987,0.00024009603841536616
2023-03-19,전북,756556,4150,1218,1024931,0.11268479667882428,0.030120481927710843,0.00024096385542168674
2023-03-20,전북,756358,4222,1219,1025056,0.2697060671590593,0.1177167219327333,0.0
2023-03-21,전북,755876,4207,1219,1025553,0.2955643077993345,0.12455431423817447,0.0002376990729736154
2023-03-22,전북,755350,4208,1220,1026077,0.27096449320575333,0.10266159695817491,0.0
2023-03-23,전북,754868,4258,1220,1026509,0.2546115596834597,0.10028182245185534,0.0
2023-03-24,전북,754410,4289,1220,1026936,0.2380143266955345,0.08440195849848449,0.0
2023-03-25,전북,753979,4358,1220,1027298,0.22295986491531697,0.0984396512161542,0.0
2023-03-26,전북,753569,4339,1220,1027727,0.0743216847173789,0.031343627563954826,0.0
2023-03-27,전북,753433,4339,1220,1027863,0.2803963710169038,0.10232772528232312,0.0
2023-03-28,전북,752920,4408,1220,1028307,0.3294961272617689,0.10208711433756806,0.0
2023-03-29,전북,752308,4570,1220,1028757,0.26818046112195143,0.09803063457330416,0.0
2023-03-30,전북,751792,4638,1220,1029205,0.21984579316907205,0.07503234152652005,0.00021561017680034498
2023-03-31,전북,751363,4718,1221,1029553,0.22733071199496988,0.08011869436201781,0.0
2023-04-01,전북,750912,4791,1221,1029931,0.22002793479494342,0.07681068670423712,0.0
2023-04-02,전북,750469,4866,1221,1030299,0.0836720790327845,0.040690505548705305,0.0
2023-04-03,전북,750298,4839,1221,1030497,0.2554272682399389,0.09960735689191982,0.0
2023-04-04,전북,749779,4876,1221,1030979,0.2751697803813672,0.10787530762920426,0.0
2023-04-05,전북,749216,4913,1221,1031505,0.0,0.0,0.0
