Date,city,Death,Infected,Recovered,Susceptible,alpha
2020-01-20,울산,0,0,0,1122757,0.0
2020-01-21,울산,0,0,0,1122757,0.0
2020-01-22,울산,0,0,0,1122757,0.0
2020-01-23,울산,0,0,0,1122757,0.0
2020-01-24,울산,0,0,0,1122757,0.0
2020-01-25,울산,0,0,0,1122757,0.0
2020-01-26,울산,0,0,0,1122757,0.0
2020-01-27,울산,0,0,0,1122757,0.0
2020-01-28,울산,0,0,0,1122757,0.0
2020-01-29,울산,0,0,0,1122757,0.0
2020-01-30,울산,0,0,0,1122757,0.0
2020-01-31,울산,0,0,0,1122757,0.0
2020-02-01,울산,0,0,0,1122757,0.0
2020-02-02,울산,0,0,0,1122757,0.0
2020-02-03,울산,0,0,0,1122757,0.0
2020-02-04,울산,0,0,0,1122757,0.0
2020-02-05,울산,0,0,0,1122757,0.0
2020-02-06,울산,0,0,0,1122757,0.0
2020-02-07,울산,0,0,0,1122757,0.0
2020-02-08,울산,0,0,0,1122757,0.0
2020-02-09,울산,0,0,0,1122757,0.0
2020-02-10,울산,0,0,0,1122757,0.0
2020-02-11,울산,0,0,0,1122757,0.0
2020-02-12,울산,0,0,0,1122757,0.0
2020-02-13,울산,0,0,0,1122757,0.0
2020-02-14,울산,0,0,0,1122757,0.0
2020-02-15,울산,0,0,0,1122757,0.0
2020-02-16,울산,0,0,0,1122757,0.0
2020-02-17,울산,0,0,0,1122757,0.0
2020-02-18,울산,0,0,0,1122757,0.0
2020-02-19,울산,0,0,0,1122757,0.0
2020-02-20,울산,0,0,0,1122757,0.0
2020-02-21,울산,0,0,0,1122757,0.0
2020-02-22,울산,0,0,0,1122757,0.0
2020-02-23,울산,0,1,0,1122756,0.0
2020-02-24,울산,0,1,0,1122756,1.0000008906654696
2020-02-25,울산,0,2,0,1122755,0.5000008906662629
2020-02-26,울산,0,3,0,1122754,1.0000026720011685
2020-02-27,울산,0,6,0,1122751,0.8333377866805136
2020-02-28,울산,0,11,0,1122746,0.5454598894949606
2020-02-29,울산,0,17,0,1122740,0.0
2020-03-01,울산,0,17,0,1122740,0.17647326026978116
2020-03-02,울산,0,20,0,1122737,0.0
2020-03-03,울산,0,20,0,1122737,0.15000267204162684
2020-03-04,울산,0,23,0,1122734,0.0
2020-03-05,울산,0,23,0,1122734,0.0
2020-03-06,울산,0,23,0,1122734,0.0
2020-03-07,울산,0,23,0,1122734,0.04347915155248744
2020-03-08,울산,0,23,1,1122733,0.0
2020-03-09,울산,0,23,1,1122733,0.0
2020-03-10,울산,0,22,2,1122733,0.04545551710950786
2020-03-11,울산,0,22,3,1122732,0.0
2020-03-12,울산,0,19,6,1122732,0.1052655018013391
2020-03-13,울산,0,16,11,1122730,0.0
2020-03-14,울산,0,10,17,1122730,0.10000240485245784
2020-03-15,울산,0,11,17,1122729,0.0
2020-03-16,울산,0,8,20,1122729,0.0
2020-03-17,울산,0,8,20,1122729,0.25000623480822176
2020-03-18,울산,0,7,23,1122727,0.8571657605607979
2020-03-19,울산,0,13,23,1122721,0.0
2020-03-20,울산,0,13,23,1122721,0.0
2020-03-21,울산,0,13,23,1122721,0.0
2020-03-22,울산,0,12,24,1122721,0.0
2020-03-23,울산,0,12,24,1122721,0.0
2020-03-24,울산,0,12,24,1122721,0.08333600541303969
2020-03-25,울산,0,12,25,1122720,0.0
2020-03-26,울산,0,12,25,1122720,0.1666721592798442
2020-03-27,울산,0,12,27,1122718,0.0
2020-03-28,울산,0,12,27,1122718,0.0
2020-03-29,울산,0,11,28,1122718,0.0
2020-03-30,울산,0,11,28,1122718,0.0
2020-03-31,울산,0,11,28,1122718,0.0
2020-04-01,울산,1,9,29,1122718,0.11111497079211144
2020-04-02,울산,1,4,35,1122717,0.0
2020-04-03,울산,1,4,35,1122717,0.0
2020-04-04,울산,1,4,35,1122717,0.0
2020-04-05,울산,1,4,35,1122717,0.0
2020-04-06,울산,1,4,35,1122717,0.0
2020-04-07,울산,1,4,35,1122717,0.0
2020-04-08,울산,1,3,36,1122717,0.0
2020-04-09,울산,1,3,36,1122717,0.0
2020-04-10,울산,1,1,38,1122717,1.000035627856352
2020-04-11,울산,1,2,38,1122716,0.0
2020-04-12,울산,1,2,38,1122716,0.0
2020-04-13,울산,1,2,38,1122716,0.5000182592926439
2020-04-14,울산,1,3,38,1122715,0.0
2020-04-15,울산,1,3,38,1122715,0.0
2020-04-16,울산,1,2,39,1122715,0.0
2020-04-17,울산,1,2,39,1122715,0.0
2020-04-18,울산,1,2,39,1122715,0.0
2020-04-19,울산,1,2,39,1122715,0.5000187046579052
2020-04-20,울산,1,3,39,1122714,0.0
2020-04-21,울산,1,3,39,1122714,0.0
2020-04-22,울산,1,3,39,1122714,0.0
2020-04-23,울산,1,3,39,1122714,0.0
2020-04-24,울산,1,3,39,1122714,0.0
2020-04-25,울산,1,2,40,1122714,0.0
2020-04-26,울산,1,2,40,1122714,0.0
2020-04-27,울산,1,2,40,1122714,0.0
2020-04-28,울산,1,1,41,1122714,0.0
2020-04-29,울산,1,1,41,1122714,0.0
2020-04-30,울산,1,1,41,1122714,0.0
2020-05-01,울산,1,1,41,1122714,0.0
2020-05-02,울산,1,1,41,1122714,0.0
2020-05-03,울산,1,1,41,1122714,1.0000383000479196
2020-05-04,울산,1,1,42,1122713,0.0
2020-05-05,울산,1,1,42,1122713,0.0
2020-05-06,울산,1,1,42,1122713,0.0
2020-05-07,울산,1,1,42,1122713,0.0
2020-05-08,울산,1,1,42,1122713,0.0
2020-05-09,울산,1,1,42,1122713,0.0
2020-05-10,울산,1,1,42,1122713,0.0
2020-05-11,울산,1,1,42,1122713,0.0
2020-05-12,울산,1,1,42,1122713,1.0000391907816155
2020-05-13,울산,1,2,42,1122712,0.0
2020-05-14,울산,1,2,42,1122712,0.0
2020-05-15,울산,1,2,42,1122712,0.0
2020-05-16,울산,1,2,42,1122712,0.0
2020-05-17,울산,1,2,42,1122712,0.0
2020-05-18,울산,1,1,43,1122712,4.0001603260675935
2020-05-19,울산,1,5,43,1122708,0.0
2020-05-20,울산,1,5,43,1122708,0.0
2020-05-21,울산,1,5,43,1122708,0.20000872889477941
2020-05-22,울산,1,6,43,1122707,0.0
2020-05-23,울산,1,6,43,1122707,0.0
2020-05-24,울산,1,6,43,1122707,0.0
2020-05-25,울산,1,6,43,1122707,0.0
2020-05-26,울산,1,6,43,1122707,0.0
2020-05-27,울산,1,5,44,1122707,0.0
2020-05-28,울산,1,5,44,1122707,0.0
2020-05-29,울산,1,5,44,1122707,0.0
2020-05-30,울산,1,5,44,1122707,0.40001781408684545
2020-05-31,울산,1,7,44,1122705,0.0
2020-06-01,울산,1,7,44,1122705,0.0
2020-06-02,울산,1,3,48,1122705,0.0
2020-06-03,울산,1,3,48,1122705,0.0
2020-06-04,울산,1,3,48,1122705,0.0
2020-06-05,울산,1,2,49,1122705,0.0
2020-06-06,울산,1,2,48,1122706,0.5000227129809585
2020-06-07,울산,1,3,48,1122704,0.0
2020-06-08,울산,1,3,47,1122705,0.0
2020-06-09,울산,1,3,46,1122705,0.0
2020-06-10,울산,1,3,43,1122707,0.0
2020-06-11,울산,1,3,38,1122709,0.0
2020-06-12,울산,1,3,32,1122710,0.0
2020-06-13,울산,1,3,32,1122704,0.0
2020-06-14,울산,1,1,31,1122707,0.0
2020-06-15,울산,1,1,31,1122704,0.0
2020-06-16,울산,1,1,28,1122707,0.0
2020-06-17,울산,1,1,28,1122704,0.0
2020-06-18,울산,1,1,28,1122704,0.0
2020-06-19,울산,1,1,28,1122704,0.0
2020-06-20,울산,1,1,27,1122705,0.0
2020-06-21,울산,1,0,28,1122704,0.0
2020-06-22,울산,1,0,28,1122704,0.0
2020-06-23,울산,1,0,27,1122705,0.0
2020-06-24,울산,1,2,27,1122702,0.0
2020-06-25,울산,1,2,25,1122704,0.0
2020-06-26,울산,1,2,25,1122702,0.0
2020-06-27,울산,1,2,24,1122703,0.0
2020-06-28,울산,1,2,24,1122702,0.0
2020-06-29,울산,1,2,24,1122702,0.0
2020-06-30,울산,1,2,22,1122703,0.0
2020-07-01,울산,1,2,16,1122708,0.0
2020-07-02,울산,1,2,16,1122702,0.0
2020-07-03,울산,1,2,16,1122702,0.0
2020-07-04,울산,1,2,16,1122702,0.0
2020-07-05,울산,1,2,16,1122702,0.0
2020-07-06,울산,1,2,16,1122702,0.0
2020-07-07,울산,1,2,15,1122703,0.0
2020-07-08,울산,1,0,17,1122702,0.0
2020-07-09,울산,1,0,15,1122704,0.0
2020-07-10,울산,1,0,15,1122702,0.0
2020-07-11,울산,1,0,15,1122702,0.0
2020-07-12,울산,1,0,15,1122702,0.0
2020-07-13,울산,1,0,15,1122702,0.0
2020-07-14,울산,1,0,15,1122702,0.0
2020-07-15,울산,1,0,14,1122703,0.0
2020-07-16,울산,1,1,14,1122701,0.0
2020-07-17,울산,1,1,14,1122701,1.0000498797097357
2020-07-18,울산,1,2,14,1122700,0.0
2020-07-19,울산,1,2,14,1122700,0.0
2020-07-20,울산,1,2,14,1122700,0.0
2020-07-21,울산,1,2,14,1122700,0.0
2020-07-22,울산,1,2,14,1122700,0.0
2020-07-23,울산,1,2,14,1122700,0.0
2020-07-24,울산,1,2,13,1122701,0.5000249398548678
2020-07-25,울산,1,3,13,1122699,0.0
2020-07-26,울산,1,3,13,1122699,0.0
2020-07-27,울산,1,3,12,1122700,0.0
2020-07-28,울산,1,3,12,1122699,0.3333505537399903
2020-07-29,울산,1,4,12,1122698,0.0
2020-07-30,울산,1,3,13,1122698,0.0
2020-07-31,울산,1,3,13,1122698,0.0
2020-08-01,울산,1,2,14,1122698,0.0
2020-08-02,울산,1,2,13,1122699,0.0
2020-08-03,울산,1,2,13,1122698,0.0
2020-08-04,울산,1,2,13,1122698,0.0
2020-08-05,울산,1,2,13,1122698,0.0
2020-08-06,울산,1,2,13,1122698,0.0
2020-08-07,울산,1,2,13,1122698,0.0
2020-08-08,울산,1,1,14,1122698,1.0000525519774686
2020-08-09,울산,1,2,14,1122697,0.0
2020-08-10,울산,1,2,14,1122697,0.0
2020-08-11,울산,1,2,14,1122697,0.0
2020-08-12,울산,1,1,15,1122697,1.000053442736553
2020-08-13,울산,1,2,15,1122696,0.5000271667486123
2020-08-14,울산,1,3,15,1122695,0.0
2020-08-15,울산,1,3,15,1122695,1.0000552242594827
2020-08-16,울산,1,6,14,1122693,0.0
2020-08-17,울산,1,6,14,1122692,0.5000289482778892
2020-08-18,울산,1,9,14,1122689,0.0
2020-08-19,울산,1,9,14,1122689,0.0
2020-08-20,울산,1,9,14,1122689,0.11111784098515064
2020-08-21,울산,1,10,14,1122688,0.30001843789191657
2020-08-22,울산,1,13,14,1122685,0.23078403045446338
2020-08-23,울산,1,15,15,1122682,0.06667112028754951
2020-08-24,울산,1,16,15,1122681,0.0
2020-08-25,울산,1,16,14,1122682,0.12500835053915535
2020-08-26,울산,1,18,14,1122679,0.11111883074126958
2020-08-27,울산,1,19,15,1122677,0.05263532938165699
2020-08-28,울산,1,19,16,1122676,0.0
2020-08-29,울산,1,19,16,1122676,0.15790612879640392
2020-08-30,울산,1,19,19,1122673,0.2631775845870103
2020-08-31,울산,1,24,15,1122672,0.2500189280573489
2020-09-01,울산,1,27,18,1122662,0.1852008556118965
2020-09-02,울산,1,32,18,1122657,0.25002226860029375
2020-09-03,울산,1,40,17,1122650,0.07500714826526522
2020-09-04,울산,1,42,18,1122645,0.023811899152278347
2020-09-05,울산,1,40,21,1122645,0.025002494109892262
2020-09-06,울산,1,38,24,1122643,0.07895538521713118
2020-09-07,울산,1,40,25,1122640,0.07500781639706407
2020-09-08,울산,1,43,25,1122635,0.09303336492083979
2020-09-09,울산,1,45,27,1122629,0.08889902382908532
2020-09-10,울산,1,47,29,1122624,0.10639558217404331
2020-09-11,울산,1,51,30,1122625,0.019610148658060263
2020-09-12,울산,1,52,28,1122623,0.13463145275360952
2020-09-13,울산,1,56,31,1122617,0.01785936979651755
2020-09-14,울산,1,52,36,1122613,0.0
2020-09-15,울산,1,46,42,1122616,0.0
2020-09-16,울산,1,41,47,1122616,0.0
2020-09-17,울산,1,33,55,1122616,0.0
2020-09-18,울산,1,30,58,1122615,0.0
2020-09-19,울산,2,29,57,1122617,0.0344870589174132
2020-09-20,울산,2,29,58,1122615,0.0
2020-09-21,울산,2,26,61,1122614,0.038466437741255265
2020-09-22,울산,2,24,64,1122614,0.0833439484393864
2020-09-23,울산,2,22,68,1122610,0.0
2020-09-24,울산,2,18,72,1122612,0.0
2020-09-25,울산,2,13,77,1122611,0.0
2020-09-26,울산,2,12,78,1122612,0.0
2020-09-27,울산,2,5,85,1122612,0.20002583261180176
2020-09-28,울산,2,5,86,1122609,0.0
2020-09-29,울산,2,5,86,1122605,0.2000270798722614
2020-09-30,울산,2,6,86,1122610,0.0
2020-10-01,울산,2,6,86,1122610,0.0
2020-10-02,울산,2,6,86,1122610,0.0
2020-10-03,울산,2,6,86,1122610,0.16668849080862158
2020-10-04,울산,2,6,87,1122609,0.6667545571669804
2020-10-05,울산,2,10,87,1122604,0.1000136290267984
2020-10-06,울산,2,10,86,1122606,0.1000134508456217
2020-10-07,울산,2,9,88,1122601,0.0
2020-10-08,울산,2,9,88,1122603,0.0
2020-10-09,울산,2,9,88,1122603,0.0
2020-10-10,울산,2,9,88,1122603,0.1111263534640276
2020-10-11,울산,2,10,88,1122602,0.0
2020-10-12,울산,2,9,89,1122602,0.0
2020-10-13,울산,2,9,89,1122601,0.11112655144417097
2020-10-14,울산,2,9,90,1122601,0.0
2020-10-15,울산,2,9,90,1122601,0.0
2020-10-16,울산,2,9,90,1122601,0.0
2020-10-17,울산,2,9,90,1122601,0.0
2020-10-18,울산,2,8,91,1122601,0.0
2020-10-19,울산,2,4,95,1122601,0.0
2020-10-20,울산,2,3,96,1122601,0.33337965433251293
2020-10-21,울산,2,3,97,1122600,0.0
2020-10-22,울산,2,3,97,1122599,0.0
2020-10-23,울산,2,3,97,1122600,0.0
2020-10-24,울산,2,3,97,1122600,0.3333799513035216
2020-10-25,울산,2,3,98,1122598,0.3333805452471262
2020-10-26,울산,2,4,98,1122598,0.0
2020-10-27,울산,2,4,98,1122598,0.0
2020-10-28,울산,2,3,98,1122599,0.6667604965501187
2020-10-29,울산,2,5,98,1122596,0.4000573670314165
2020-10-30,울산,2,7,97,1122595,0.0
2020-10-31,울산,2,7,97,1122593,0.0
2020-11-01,울산,2,7,97,1122594,0.14287788563172182
2020-11-02,울산,2,8,97,1122593,0.0
2020-11-03,울산,2,8,97,1122593,0.1250182612932737
2020-11-04,울산,2,8,98,1122592,0.0
2020-11-05,울산,2,8,98,1122592,0.0
2020-11-06,울산,2,8,97,1122593,0.0
2020-11-07,울산,2,8,97,1122592,0.12501837265898919
2020-11-08,울산,2,8,98,1122591,0.0
2020-11-09,울산,2,7,99,1122591,0.0
2020-11-10,울산,2,7,98,1122592,0.0
2020-11-11,울산,2,7,98,1122591,0.1428782674570321
2020-11-12,울산,2,6,100,1122590,0.0
2020-11-13,울산,2,4,102,1122590,0.0
2020-11-14,울산,2,4,102,1122589,0.0
2020-11-15,울산,2,4,102,1122590,0.0
2020-11-16,울산,2,3,103,1122590,0.0
2020-11-17,울산,2,3,103,1122590,1.0001487631281234
2020-11-18,울산,2,5,104,1122587,0.0
2020-11-19,울산,2,5,104,1122587,0.0
2020-11-20,울산,2,5,104,1122587,0.2000302871848685
2020-11-21,울산,2,6,103,1122587,0.16669190598739045
2020-11-22,울산,2,6,104,1122585,0.16669220296607087
2020-11-23,울산,2,7,104,1122583,0.28575857133567345
2020-11-24,울산,2,9,104,1122582,0.3333852968721513
2020-11-25,울산,2,12,103,1122580,0.5834253089609055
2020-11-26,울산,2,18,103,1122573,0.38895263134087693
2020-11-27,울산,2,25,103,1122565,0.12002052442397546
2020-11-28,울산,2,28,100,1122565,0.0
2020-11-29,울산,2,28,100,1122558,0.10716185075260508
2020-11-30,울산,2,31,97,1122562,0.09679100417242563
2020-12-01,울산,2,34,97,1122556,0.2941703104868029
2020-12-02,울산,2,41,100,1122545,0.048789700320558606
2020-12-03,울산,2,43,99,1122545,0.11630102983388971
2020-12-04,울산,2,48,96,1122542,0.020837323532957638
2020-12-05,울산,2,48,94,1122541,0.06251202628679041
2020-12-06,울산,2,50,94,1122536,0.7601496254908529
2020-12-07,울산,2,87,95,1122497,0.7013118300426249
2020-12-08,울산,2,146,95,1122438,0.09591766328027589
2020-12-09,울산,2,157,96,1122424,0.10194106286162918
2020-12-10,울산,2,166,102,1122407,0.2832208192932527
2020-12-11,울산,4,206,107,1122357,0.11169027687061238
2020-12-12,울산,4,226,107,1122339,0.03541141368113291
2020-12-13,울산,4,234,102,1122333,0.021375593685683474
2020-12-14,울산,4,236,99,1122329,0.20770629721539552
2020-12-15,울산,6,282,95,1122279,0.021285657852023104
2020-12-16,울산,6,278,97,1122276,0.0359866400475847
2020-12-17,울산,8,286,94,1122261,0.10843951368080781
2020-12-18,울산,11,312,95,1122226,0.028859802886269034
2020-12-19,울산,14,320,92,1122219,0.018758988887195814
2020-12-20,울산,14,323,92,1122215,0.0526569986002776
2020-12-21,울산,16,302,125,1122198,0.019877446282720302
2020-12-22,울산,17,247,181,1122193,0.07291111972551749
2020-12-23,울산,20,251,188,1122175,0.03587517020385054
2020-12-24,울산,22,244,197,1122167,0.049206185333421124
2020-12-25,울산,24,209,241,1122151,0.03829818313008468
2020-12-26,울산,24,194,257,1122149,0.005157432049126137
2020-12-27,울산,25,187,263,1122142,0.010701048759145003
2020-12-28,울산,26,184,267,1122139,0.021751102911105682
2020-12-29,울산,26,139,316,1122135,0.11517171804403047
2020-12-30,울산,26,149,322,1122119,0.23503288490063182
2020-12-31,울산,26,174,332,1122084,0.24727465749588196
2021-01-01,울산,26,186,363,1122041,0.09145617251848837
2021-01-02,울산,27,194,370,1122025,0.03610601414002711
2021-01-03,울산,29,195,374,1122017,0.025657936578181103
2021-01-04,울산,30,183,389,1122011,0.021872456341356598
2021-01-05,울산,31,181,392,1122010,0.011057080325605474
2021-01-06,울산,31,165,410,1122006,0.05458196383004272
2021-01-07,울산,32,165,418,1121997,0.06064711294939183
2021-01-08,울산,32,163,430,1121987,0.04911343717601881
2021-01-09,울산,32,163,438,1121979,0.2087335963119111
2021-01-10,울산,32,196,438,1121946,0.07148020365635117
2021-01-11,울산,32,208,440,1121931,0.03367862314719341
2021-01-12,울산,33,211,442,1121925,0.05217136212334779
2021-01-13,울산,34,206,457,1121913,0.048580208082347975
2021-01-14,울산,34,181,492,1121903,0.033174404639614824
2021-01-15,울산,36,144,533,1121897,0.05559814215466205
2021-01-16,울산,36,135,549,1121890,0.13343637373836412
2021-01-17,울산,36,146,552,1121875,0.04112819933605525
2021-01-18,울산,36,147,556,1121866,0.05446499115643712
2021-01-19,울산,36,151,559,1121858,0.019883470513715782
2021-01-20,울산,36,152,561,1121854,0.019752728636327852
2021-01-21,울산,36,146,570,1121851,0.020564539600239688
2021-01-22,울산,36,139,580,1121848,0.014400147772619167
2021-01-23,울산,36,133,587,1121847,0.015049791914382653
2021-01-24,울산,36,101,621,1121844,0.01981809581473727
2021-01-25,울산,36,89,635,1121842,0.0
2021-01-26,울산,36,82,641,1121842,0.07323041143005182
2021-01-27,울산,36,77,652,1121836,0.07798605004792006
2021-01-28,울산,36,73,662,1121829,0.02741992385062666
2021-01-29,울산,36,69,668,1121828,0.029009510512681348
2021-01-30,울산,36,63,676,1121826,0.095317133044909
2021-01-31,울산,36,51,694,1121820,0.01962422058552611
2021-02-01,울산,36,46,700,1121819,0.021757307435125647
2021-02-02,울산,36,39,707,1121819,0.0
2021-02-03,울산,36,36,710,1121818,0.05560205745396213
2021-02-04,울산,37,35,712,1121815,0.0
2021-02-05,울산,37,32,715,1121816,0.06255242615544795
2021-02-06,울산,37,32,716,1121815,0.031276240957733674
2021-02-07,울산,37,31,717,1121814,0.0322851807357864
2021-02-08,울산,37,30,719,1121811,0.10008432793046244
2021-02-09,울산,37,33,719,1121809,0.0
2021-02-10,울산,37,27,723,1121811,0.07413653920774996
2021-02-11,울산,37,23,727,1121809,0.0
2021-02-12,울산,37,21,729,1121807,0.09531874742735434
2021-02-13,울산,37,21,731,1121805,0.1429783760482946
2021-02-14,울산,37,18,736,1121803,0.2224112037100592
2021-02-15,울산,37,21,737,1121798,0.33361829253870423
2021-02-16,울산,37,27,737,1121792,0.33362007692453977
2021-02-17,울산,37,36,737,1121782,0.16681152547167513
2021-02-18,울산,37,40,739,1121776,0.300262351842079
2021-02-19,울산,37,52,739,1121763,0.01924780971491373
2021-02-20,울산,37,51,740,1121764,0.07850080101431282
2021-02-21,울산,37,54,741,1121759,0.018534993965991176
2021-02-22,울산,37,54,742,1121758,0.037070020978314924
2021-02-23,울산,37,53,745,1121755,0.01888477817315068
2021-02-24,울산,37,54,744,1121755,0.03707012011766615
2021-02-25,울산,37,54,746,1121753,0.01853509310543078
2021-02-26,울산,37,55,746,1121749,0.05459446891335843
2021-02-27,울산,37,56,748,1121749,0.08936594613793791
2021-02-28,울산,37,58,751,1121741,0.034513990859467256
2021-03-01,울산,37,56,755,1121742,0.0
2021-03-02,울산,37,49,759,1121745,0.020426574812693887
2021-03-03,울산,37,41,768,1121740,0.0
2021-03-04,울산,37,35,774,1121738,0.0857921495801286
2021-03-05,울산,37,26,785,1121736,0.15398618405208192
2021-03-06,울산,37,29,785,1121734,0.06902841247691459
2021-03-07,울산,37,27,788,1121733,0.11121254146733472
2021-03-08,울산,37,29,787,1121729,0.3796579609046269
2021-03-09,울산,37,38,786,1121719,0.5531429651135539
2021-03-10,울산,37,58,780,1121703,0.39692434105813307
2021-03-11,울산,37,79,775,1121679,0.06335196577653068
2021-03-12,울산,37,83,773,1121669,0.012059879314739319
2021-03-13,울산,37,81,776,1121663,0.012357720216200586
2021-03-14,울산,37,77,778,1121664,0.02599933623662655
2021-03-15,울산,37,77,777,1121661,0.03899910866186773
2021-03-16,울산,37,80,767,1121664,0.050048722255506106
2021-03-17,울산,37,83,766,1121655,0.060300149204008086
2021-03-18,울산,37,88,761,1121654,0.034124433041010704
2021-03-19,울산,37,88,763,1121647,0.03412464600554525
2021-03-20,울산,37,87,764,1121647,0.08053939440389225
2021-03-21,울산,37,92,728,1121673,0.010880069712636935
2021-03-22,울산,37,90,670,1121695,0.08897304723852939
2021-03-23,울산,37,87,667,1121638,0.023011440185805435
2021-03-24,울산,37,68,672,1121638,0.0
2021-03-25,울산,37,45,648,1121673,0.0
2021-03-26,울산,37,40,630,1121645,0.12512392512782564
2021-03-27,울산,37,44,623,1121630,0.0910004352431891
2021-03-28,울산,37,47,619,1121624,0.06389426441082922
2021-03-29,울산,37,48,572,1121666,0.06256079126941531
2021-03-30,울산,37,48,569,1121620,0.22939897573747497
2021-03-31,울산,37,55,563,1121613,0.09100181451340006
2021-04-01,울산,37,55,537,1121629,0.12740072292580296
2021-04-02,울산,37,59,531,1121598,0.05090000069815642
2021-04-03,울산,37,59,528,1121592,0.18663433429552498
2021-04-04,울산,37,63,518,1121592,0.015889503208421318
2021-04-05,울산,37,63,513,1121579,0.06355874952202095
2021-04-06,울산,37,59,503,1121590,0.4411364858695608
2021-04-07,울산,37,83,496,1121554,0.1567945065722171
2021-04-08,울산,37,96,484,1121545,0.09385131113776085
2021-04-09,울산,37,105,476,1121532,0.23835529903568978
2021-04-10,울산,37,125,480,1121499,0.08809871074338899
2021-04-11,울산,37,132,482,1121490,0.25786675302364254
2021-04-12,울산,37,163,481,1121456,0.1965467679046162
2021-04-13,울산,37,192,468,1121437,0.15643391581515503
2021-04-14,울산,37,211,444,1121427,0.09964410316295677
2021-04-15,울산,37,227,406,1121412,0.10585367902526788
2021-04-16,울산,37,244,396,1121363,0.10668984172262377
2021-04-17,울산,37,267,392,1121324,0.07875219859476712
2021-04-18,울산,37,277,398,1121304,0.10121401717149793
2021-04-19,울산,37,304,395,1121275,0.06917024968052111
2021-04-20,울산,37,321,397,1121253,0.12165829564956582
2021-04-21,울산,37,334,414,1121221,0.0959396345003632
2021-04-22,울산,37,353,417,1121190,0.10779917745731865
2021-04-23,울산,37,382,418,1121149,0.13107778048509966
2021-04-24,울산,38,407,408,1121126,0.10580480555041845
2021-04-25,울산,38,439,405,1121063,0.02965750308855598
2021-04-26,울산,38,418,432,1121042,0.043128078662359313
2021-04-27,울산,38,404,453,1121029,0.08180907809691006
2021-04-28,울산,38,407,473,1120995,0.11319976320177035
2021-04-29,울산,38,432,488,1120945,0.14143195853432527
2021-04-30,울산,38,469,504,1120886,0.11105927333215655
2021-05-01,울산,38,495,512,1120844,0.10522979995341894
2021-05-02,울산,38,526,527,1120780,0.03999437823617813
2021-05-03,울산,38,519,547,1120760,0.05597624850079368
2021-05-04,울산,38,527,565,1120727,0.041821345604635136
2021-05-05,울산,38,510,601,1120704,0.07464629725741019
2021-05-06,울산,38,516,630,1120667,0.06795595664190657
2021-05-07,울산,38,513,666,1120630,0.09374484580076171
2021-05-08,울산,38,511,714,1120582,0.05490087428394291
2021-05-09,울산,38,496,755,1120555,0.04848218214447593
2021-05-10,울산,38,507,768,1120529,0.03754985914188604
2021-05-11,울산,38,508,780,1120514,0.06114577668721465
2021-05-12,울산,38,506,807,1120483,0.061389157983778725
2021-05-13,울산,38,491,851,1120450,0.053062187063151724
2021-05-14,울산,38,456,910,1120424,0.04834607334115744
2021-05-15,울산,39,426,955,1120405,0.025875801995057412
2021-05-16,울산,39,385,1006,1120390,0.04164624029920935
2021-05-17,울산,39,380,1026,1120373,0.01582307151748851
2021-05-18,울산,39,357,1055,1120367,0.07579158879008681
2021-05-19,울산,39,362,1075,1120342,0.06920964031592917
2021-05-20,울산,39,349,1113,1120315,0.037330477573546746
2021-05-21,울산,39,327,1146,1120303,0.08887927793868107
2021-05-22,울산,39,308,1193,1120274,0.07809478613406938
2021-05-23,울산,40,304,1219,1120250,0.039562022105028245
2021-05-24,울산,40,292,1240,1120240,0.024026465341575532
2021-05-25,울산,40,280,1259,1120229,0.05369232222034194
2021-05-26,울산,40,264,1288,1120217,0.022778804950696646
2021-05-27,울산,40,239,1319,1120209,0.05032340965094339
2021-05-28,울산,40,225,1343,1120199,0.03563674747869699
2021-05-29,울산,40,211,1362,1120192,0.033251319915908795
2021-05-30,울산,40,207,1369,1120186,0.014526016732676667
2021-05-31,울산,40,194,1378,1120183,0.010332967410672802
2021-06-01,울산,40,190,1375,1120186,0.073853327177714
2021-06-02,울산,40,177,1396,1120169,0.0453021634200243
2021-06-03,울산,40,160,1409,1120166,0.09396684844032045
2021-06-04,울산,40,162,1421,1120140,0.030936306021712014
2021-06-05,울산,40,138,1446,1120138,0.050843237198439396
2021-06-06,울산,40,121,1469,1120127,0.08283867339216339
2021-06-07,울산,40,119,1479,1120117,0.025269501596108024
2021-06-08,울산,40,115,1485,1120109,0.05229725507692244
2021-06-09,울산,40,106,1498,1120104,0.06619414821184394
2021-06-10,울산,40,107,1503,1120100,0.1405194546214582
2021-06-11,울산,40,110,1512,1120090,0.054675330472632476
2021-06-12,울산,40,108,1515,1120083,0.01856272820522791
2021-06-13,울산,40,103,1520,1120078,0.0
2021-06-14,울산,40,100,1523,1120069,0.040095994086078626
2021-06-15,울산,40,102,1524,1120074,0.06879183962880324
2021-06-16,울산,40,95,1538,1120063,0.23213594611242966
2021-06-17,울산,40,109,1543,1120048,0.10116151476863311
2021-06-18,울산,40,105,1554,1120036,0.04773473267610956
2021-06-19,울산,40,105,1557,1119994,0.04773652273817453
2021-06-20,울산,40,103,1561,1119967,0.0
2021-06-21,울산,40,93,1560,1120022,0.05389472668384413
2021-06-22,울산,40,95,1542,1120025,0.0527599595403768
2021-06-23,울산,40,94,1525,1119991,0.13863942143760008
2021-06-24,울산,40,100,1527,1119984,0.16039614851640738
2021-06-25,울산,40,101,1541,1119979,0.2183620681218749
2021-06-26,울산,40,117,1546,1119960,0.05141012362163117
2021-06-27,울산,40,121,1546,1119911,0.06628372055332525
2021-06-28,울산,40,129,1543,1119947,0.10102804352667215
2021-06-29,울산,40,138,1543,1119931,0.029058648398356944
2021-06-30,울산,40,135,1545,1119907,0.014852516358087802
2021-07-01,울산,40,115,1564,1119925,0.09589405346437213
2021-07-02,울산,40,115,1572,1119917,0.008717703497514625
2021-07-03,울산,40,111,1570,1119909,0.11741495341412835
2021-07-04,울산,40,119,1574,1119901,0.008424791810266482
2021-07-05,울산,40,120,1566,1119895,0.025063889918251266
2021-07-06,울산,40,118,1569,1119895,0.00849623387059365
2021-07-07,울산,40,114,1574,1119889,0.07914955011283778
2021-07-08,울산,40,110,1587,1119884,0.1458277009859138
2021-07-09,울산,40,110,1598,1119880,0.27342791597801064
2021-07-10,울산,40,118,1616,1119848,0.1869249900622106
2021-07-11,울산,40,134,1619,1119823,0.05985791384595281
2021-07-12,울산,40,134,1624,1119803,0.05237661005965055
2021-07-13,울산,40,128,1626,1119785,0.0861655850788321
2021-07-14,울산,40,135,1625,1119760,0.14111742860242538
2021-07-15,울산,40,152,1620,1119769,0.09235103753307014
2021-07-16,울산,40,155,1628,1119761,0.07115762116403239
2021-07-17,울산,40,165,1618,1119760,0.07292192482804757
2021-07-18,울산,40,164,1630,1119739,0.08559593776415536
2021-07-19,울산,40,177,1627,1119730,0.05098491509832803
2021-07-20,울산,40,183,1604,1119736,0.09862602859432791
2021-07-21,울산,40,200,1592,1119704,0.12534082668276617
2021-07-22,울산,40,216,1592,1119677,0.10213202524444963
2021-07-23,울산,40,222,1583,1119644,0.0858235433006521
2021-07-24,울산,40,211,1602,1119632,0.04277307990905881
2021-07-25,울산,41,198,1589,1119653,0.015193519507356026
2021-07-26,울산,41,193,1565,1119644,0.025978765493243475
2021-07-27,울산,41,191,1542,1119638,0.09450336645364313
2021-07-28,울산,41,198,1532,1119615,0.07090549750214009
2021-07-29,울산,41,193,1527,1119602,0.09352706415574602
2021-07-30,울산,41,197,1515,1119576,0.08653960061530183
2021-07-31,울산,41,203,1505,1119566,0.0988029765123007
2021-08-01,울산,41,211,1489,1119551,0.0617878076976704
2021-08-02,울산,41,210,1482,1119536,0.038204841325419854
2021-08-03,울산,41,209,1452,1119546,0.07197618135656271
2021-08-04,울산,41,206,1438,1119524,0.06328903809777962
2021-08-05,울산,41,194,1425,1119518,0.12406926301843856
2021-08-06,울산,41,196,1397,1119506,0.10745399565267436
2021-08-07,울산,41,198,1373,1119478,0.2937872956336919
2021-08-08,울산,41,247,1369,1119392,0.10151883564438162
2021-08-09,울산,41,269,1354,1119366,0.19016542403215278
2021-08-10,울산,41,315,1326,1119330,0.15284748997380662
2021-08-11,울산,41,345,1298,1119299,0.15700530265895848
2021-08-12,울산,41,385,1251,1119260,0.10161519751802617
2021-08-13,울산,41,406,1217,1119207,0.06424253474226017
2021-08-14,울산,41,415,1182,1119187,0.07010242083967126
2021-08-15,울산,41,424,1181,1119127,0.07335035752514034
2021-08-16,울산,41,442,1165,1119105,0.04993618344943997
2021-08-17,울산,41,456,1151,1119074,0.07040639395811242
2021-08-18,울산,41,473,1128,1119060,0.14423815911035875
2021-08-19,울산,41,528,1106,1118987,0.05700960901568684
2021-08-20,울산,41,534,1082,1118971,0.050732871861335606
2021-08-21,울산,41,540,1075,1118923,0.0668951006160984
2021-08-22,울산,41,518,1109,1118882,0.07167594846590487
2021-08-23,울산,41,530,1115,1118843,0.04922821636549442
2021-08-24,울산,41,505,1135,1118827,0.07551183976478477
2021-08-25,울산,41,495,1152,1118791,0.08109453721368726
2021-08-26,울산,41,481,1180,1118744,0.041729191615135136
2021-08-27,울산,41,462,1197,1118719,0.04779092788056612
2021-08-28,울산,41,458,1212,1118685,0.07888873268292448
2021-08-29,울산,41,465,1225,1118651,0.07770352199269044
2021-08-30,울산,41,470,1250,1118603,0.051253458412346055
2021-08-31,울산,41,472,1245,1118603,0.15098233644244244
2021-09-01,울산,42,511,1251,1118524,0.08250283164265941
2021-09-02,울산,42,485,1306,1118481,0.072440838092849
2021-09-03,울산,42,490,1307,1118459,0.09628696122731986
2021-09-04,울산,42,510,1310,1118410,0.08070462251119455
2021-09-05,울산,42,515,1334,1118356,0.0760261638555651
2021-09-06,울산,42,517,1364,1118313,0.09127034934031723
2021-09-07,울산,42,538,1375,1118273,0.09144326758736121
2021-09-08,울산,42,549,1407,1118216,0.12802234115483427
2021-09-09,울산,42,579,1435,1118150,0.07110350283286983
2021-09-10,울산,42,600,1447,1118103,0.051881724373037785
2021-09-11,울산,43,609,1461,1118074,0.056063066321594024
2021-09-12,울산,43,607,1494,1118038,0.028124799629503948
2021-09-13,울산,43,588,1528,1118019,0.059776062669349816
2021-09-14,울산,43,599,1538,1117997,0.05197326551401729
2021-09-15,울산,44,559,1600,1117957,0.05569427536921773
2021-09-16,울산,45,548,1626,1117932,0.03115578847345637
2021-09-17,울산,45,530,1656,1117907,0.06442925999632973
2021-09-18,울산,45,517,1696,1117874,0.05828054814563742
2021-09-19,울산,46,506,1726,1117839,0.029774690520441533
2021-09-20,울산,46,482,1762,1117807,0.033342018710487316
2021-09-21,울산,46,451,1803,1117792,0.04454287327675003
2021-09-22,울산,46,422,1845,1117791,0.054744506854690525
2021-09-23,울산,46,375,1900,1117780,0.08035620605128022
2021-09-24,울산,48,364,1933,1117741,0.07174911591453527
2021-09-25,울산,48,359,1962,1117710,0.07554851818614707
2021-09-26,울산,49,352,1995,1117680,0.05707627528777142
2021-09-27,울산,52,355,2005,1117663,0.048105581171618
2021-09-28,울산,52,337,2033,1117648,0.08048493347262825
2021-09-29,울산,52,333,2042,1117638,0.08145244824473698
2021-09-30,울산,52,329,2062,1117600,0.07328493754528266
2021-10-01,울산,55,336,2071,1117566,0.056810277978255976
2021-10-02,울산,55,321,2100,1117553,0.0563358842476358
2021-10-03,울산,55,309,2130,1117523,0.016257015736377466
2021-10-04,울산,55,299,2140,1117529,0.04032153224243055
2021-10-05,울산,55,295,2151,1117519,0.013622876862776882
2021-10-06,울산,55,279,2158,1117523,0.05041422944485227
2021-10-07,울산,56,270,2164,1117507,0.05953765671995625
2021-10-08,울산,56,256,2172,1117498,0.05102022903508552
2021-10-09,울산,56,243,2192,1117470,0.03721226752628043
2021-10-10,울산,56,225,2211,1117463,0.049120500832888624
2021-10-11,울산,56,216,2218,1117449,0.07907755455439958
2021-10-12,울산,56,216,2231,1117429,0.03256192878341131
2021-10-13,울산,56,196,2256,1117418,0.030758509568396035
2021-10-14,울산,56,175,2272,1117425,0.04593241988116812
2021-10-15,울산,56,159,2295,1117399,0.04423626069033487
2021-10-16,울산,56,147,2301,1117414,0.027340995266171484
2021-10-17,울산,56,133,2318,1117395,0.022664631455001725
2021-10-18,울산,56,131,2320,1117372,0.0
2021-10-19,울산,56,119,2331,1117383,0.05910643835798889
2021-10-20,울산,56,122,2326,1117388,0.008236106195438108
2021-10-21,울산,56,109,2324,1117378,0.027655429771607683
2021-10-22,울산,56,96,2310,1117403,0.06279946670986207
2021-10-23,울산,56,89,2301,1117365,0.03387052715364604
2021-10-24,울산,56,83,2302,1117351,0.048425938746497164
2021-10-25,울산,56,76,2306,1117348,0.11899432029186402
2021-10-26,울산,56,68,2312,1117352,0.11821615643371955
2021-10-27,울산,56,69,2300,1117349,0.0873773937044387
2021-10-28,울산,56,69,2292,1117336,0.05825227354962212
2021-10-29,울산,56,65,2289,1117334,0.04637785464879243
2021-10-30,울산,56,61,2284,1117325,0.08236570585557645
2021-10-31,울산,56,62,2274,1117329,0.1944886478840278
2021-11-01,울산,56,71,2268,1117294,0.0990736118807369
2021-11-02,울산,56,78,2250,1117303,0.09018166387250691
2021-11-03,울산,56,78,2232,1117297,0.05153265608990452
2021-11-04,울산,56,81,2211,1117278,0.06203110385626584
2021-11-05,울산,56,83,2195,1117277,0.14528743834609684
2021-11-06,울산,56,89,2192,1117285,0.011290984118654807
2021-11-07,울산,56,87,2192,1117273,0.057753355149382554
2021-11-08,울산,56,88,2191,1117255,0.04567838952692903
2021-11-09,울산,56,83,2182,1117251,0.06053784141202083
2021-11-10,울산,57,80,2175,1117227,0.2512374387658014
2021-11-11,울산,57,94,2163,1117220,0.04276408730332547
2021-11-12,울산,57,94,2150,1117215,0.01069106967258345
2021-11-13,울산,57,92,2133,1117248,0.07646213109665738
2021-11-14,울산,57,94,2125,1117226,0.0427638576411767
2021-11-15,울산,57,86,2129,1117224,0.1051694428166557
2021-11-16,울산,57,88,2121,1117206,0.1598813753400732
2021-11-17,울산,57,95,2115,1117193,0.1057874041176601
2021-11-18,울산,57,101,2095,1117181,0.03980162906671008
2021-11-19,울산,57,100,2079,1117194,0.05024897197800919
2021-11-20,울산,57,93,2033,1117230,0.09725294095737355
2021-11-21,울산,57,101,2009,1117193,0.09950300387304664
2021-11-22,울산,57,106,1963,1117197,0.06636638854980746
2021-11-23,울산,57,109,1919,1117187,0.10142057891255267
2021-11-24,울산,57,115,1870,1117187,0.11360708325619537
2021-11-25,울산,57,108,1851,1117163,0.12097310412708434
2021-11-26,울산,57,117,1829,1117148,0.060129450821642005
2021-11-27,울산,57,123,1801,1117139,0.03268386723964309
2021-11-28,울산,57,120,1777,1117147,0.016750362008461434
2021-11-29,울산,57,118,1759,1117115,0.025552131599276193
2021-11-30,울산,57,112,1736,1117123,0.15255121702291127
2021-12-01,울산,57,115,1682,1117155,0.1573066210694752
2021-12-02,울산,57,123,1662,1117083,0.1634275285015869
2021-12-03,울산,57,139,1639,1117065,0.05061631993166058
2021-12-04,울산,57,141,1608,1117079,0.11405196019743462
2021-12-05,울산,57,148,1580,1117069,0.10186742196694133
2021-12-06,울산,57,153,1564,1117035,0.09197199249846502
2021-12-07,울산,57,160,1533,1117042,0.1633313810044743
2021-12-08,울산,57,175,1504,1117012,0.28144009195962083
2021-12-09,울산,57,211,1497,1116947,0.20485152704488133
2021-12-10,울산,57,241,1488,1116906,0.14181789077329085
2021-12-11,울산,57,268,1459,1116891,0.18754702970320183
2021-12-12,울산,57,314,1427,1116842,0.1248616278677582
2021-12-13,울산,57,351,1405,1116779,0.24346152712194696
2021-12-14,울산,57,433,1337,1116746,0.1369920867377845
2021-12-15,울산,59,475,1310,1116651,0.16087490182698086
2021-12-16,울산,59,533,1293,1116579,0.10753354481519904
2021-12-17,울산,59,570,1266,1116532,0.081151690815062
2021-12-18,울산,59,609,1232,1116476,0.06439967771925306
2021-12-19,울산,59,632,1209,1116443,0.0572841718370108
2021-12-20,울산,59,653,1177,1116412,0.05390339739605207
2021-12-21,울산,60,674,1141,1116378,0.05819413436605843
2021-12-22,울산,60,687,1097,1116352,0.06441404258628708
2021-12-23,울산,61,682,1104,1116286,0.0634153471627109
2021-12-24,울산,61,682,1116,1116239,0.0929147695456038
2021-12-25,울산,61,711,1116,1116180,0.07498213529624688
2021-12-26,울산,61,714,1149,1116104,0.05917417141392263
2021-12-27,울산,61,717,1153,1116080,0.05471871589415315
2021-12-28,울산,61,671,1207,1116022,0.07346603060544125
2021-12-29,울산,61,661,1235,1115984,0.060881638936624474
2021-12-30,울산,62,625,1293,1115933,0.06439136399765935
2021-12-31,울산,62,608,1316,1115913,0.08274120843791491
2022-01-01,울산,62,612,1332,1115864,0.0953566699556565
2022-01-02,울산,63,631,1355,1115786,0.06059811303329661
2022-01-03,울산,63,633,1375,1115749,0.054049847403988924
2022-01-04,울산,63,632,1390,1115711,0.07642900674485041
2022-01-05,울산,63,641,1406,1115662,0.04709950637843666
2022-01-06,울산,63,627,1420,1115634,0.06099301275138512
2022-01-07,울산,63,622,1437,1115608,0.043686528057280016
2022-01-08,울산,63,586,1473,1115580,0.05839374819459071
2022-01-09,울산,64,567,1505,1115534,0.0408270252132773
2022-01-10,울산,64,548,1530,1115517,0.040406543451499945
2022-01-11,울산,64,531,1542,1115507,0.051177929840916146
2022-01-12,울산,65,509,1563,1115471,0.05339166559856408
2022-01-13,울산,65,496,1579,1115451,0.08117337234431518
2022-01-14,울산,65,496,1600,1115394,0.03450044623317541
2022-01-15,울산,65,463,1632,1115388,0.041307833094038016
2022-01-16,울산,65,424,1685,1115354,0.045108749380558796
2022-01-17,울산,65,405,1711,1115344,0.08699413160069842
2022-01-18,울산,65,406,1741,1115293,0.10909967024106444
2022-01-19,울산,65,402,1775,1115252,0.18030974700798497
2022-01-20,울산,66,444,1788,1115168,0.18594151062667016
2022-01-21,울산,66,488,1813,1115091,0.1052266670847756
2022-01-22,울산,66,512,1831,1115050,0.17896283904028967
2022-01-23,울산,66,569,1854,1114962,0.12211317681261129
2022-01-24,울산,66,615,1860,1114895,0.16538574032473874
2022-01-25,울산,66,694,1875,1114776,0.21478324827107848
2022-01-26,울산,66,815,1896,1114632,0.1829188115325922
2022-01-27,울산,66,936,1915,1114489,0.17005571170776032
2022-01-28,울산,66,1054,1948,1114329,0.19118848120277648
2022-01-29,울산,66,1237,1961,1114124,0.17271036539615056
2022-01-30,울산,66,1430,1977,1113916,0.14237989270235868
2022-01-31,울산,66,1613,1996,1113702,0.15875087257645457
2022-02-01,울산,66,1832,2024,1113448,0.1651245386728833
2022-02-02,울산,66,2088,2067,1113145,0.13042693883329323
2022-02-03,울산,66,2286,2136,1112880,0.20786535669859255
2022-02-04,울산,66,2675,2212,1112422,0.1897843518235877
2022-02-05,울산,66,3127,2260,1111922,0.18438248988146205
2022-02-06,울산,66,3607,2347,1111350,0.16608999370098002
2022-02-07,울산,66,4131,2407,1110749,0.12258924529909526
2022-02-08,울산,67,4531,2499,1110250,0.17654174333375858
2022-02-09,울산,67,5174,2641,1109454,0.14317300088456678
2022-02-10,울산,67,5758,2785,1108721,0.1398166737664249
2022-02-11,울산,67,6395,2940,1107922,0.1150463003086596
2022-02-12,울산,67,6921,3135,1107205,0.11794642022417325
2022-02-13,울산,67,7514,3335,1106412,0.09129445475719407
2022-02-14,울산,67,7988,3530,1105724,0.09864218878610756
2022-02-15,울산,67,8510,3777,1104950,0.210029077356149
2022-02-16,울산,67,9969,4073,1103177,0.17263648476899884
2022-02-17,울산,67,11390,4338,1101490,0.1742398305859321
2022-02-18,울산,68,12866,4796,1099513,0.14532160979000106
2022-02-19,울산,70,14194,5296,1097704,0.1382836067796631
2022-02-20,울산,70,15542,5862,1095763,0.10502145015816988
2022-02-21,울산,72,16542,6449,1094172,0.12040310682170255
2022-02-22,울산,72,17982,6945,1092226,0.1970500507117471
2022-02-23,울산,75,20638,7713,1088809,0.16138716163183142
2022-02-24,울산,80,23136,8436,1085576,0.15789121160004282
2022-02-25,울산,82,25873,9228,1082038,0.12540774281740988
2022-02-26,울산,85,28274,9944,1078915,0.12200982927370388
2022-02-27,울산,88,30784,10742,1075606,0.08426241420791411
2022-02-28,울산,89,32593,11408,1073116,0.09450451774698981
2022-03-01,울산,91,34761,12168,1070141,0.15456362053004757
2022-03-02,울산,93,38123,13915,1065054,0.09371274157232512
2022-03-03,울산,99,39821,15596,1061662,0.15437879950970904
2022-03-04,울산,99,43687,17538,1055841,0.13584606065178487
2022-03-05,울산,100,47437,19359,1050263,0.1130163890619477
2022-03-06,울산,103,50533,21265,1045260,0.08317565055193307
2022-03-07,울산,107,52853,22847,1041332,0.0930233030443129
2022-03-08,울산,111,55472,24773,1036774,0.12849485171751746
2022-03-09,울산,111,58607,28207,1030214,0.16343621553963278
2022-03-10,울산,113,64166,31422,1021423,0.0901246255582542
2022-03-11,울산,118,65895,34942,1016142,0.15258797132845206
2022-03-12,울산,124,71868,38059,1007039,0.14221033309610404
2022-03-13,울산,128,77720,41368,997882,0.07724842111113726
2022-03-14,울산,130,80571,43848,992500,0.11656260135974694
2022-03-15,울산,132,85929,46773,984239,0.13758555760227234
2022-03-16,울산,133,91172,51875,973885,0.1867404050532114
2022-03-17,울산,139,102551,55238,959107,0.08979098859972719
2022-03-18,울산,142,104604,61041,951234,0.08861060707605879
2022-03-19,울산,147,106876,66601,943392,0.08152368418284005
2022-03-20,울산,167,109182,71581,936062,0.046568637048261995
2022-03-21,울산,178,109508,75469,931819,0.08981692018487865
2022-03-22,울산,188,113111,79993,923648,0.11853591262070977
2022-03-23,울산,190,117559,86524,912669,0.08744098077106903
2022-03-24,울산,204,117126,95256,904318,0.07875898272072981
2022-03-25,울산,210,119295,100477,896876,0.0781575244662099
2022-03-26,울산,212,117643,109525,889461,0.07361735158295743
2022-03-27,울산,216,115337,118649,882571,0.04146100195833676
2022-03-28,울산,223,113760,123893,878862,0.08501026706906148
2022-03-29,울산,226,113028,132133,871266,0.10367072912167533
2022-03-30,울산,236,111757,142411,862203,0.07346603436363451
2022-03-31,울산,236,103294,157122,855863,0.07381285943694456
2022-04-01,울산,251,101240,164927,850044,0.07298182020711388
2022-04-02,울산,256,98981,172736,844457,0.06782062143946663
2022-04-03,울산,262,96709,180015,839405,0.034314216836686486
2022-04-04,울산,268,94951,184213,836919,0.0771286793761092
2022-04-05,울산,272,92247,192333,831461,0.09195801096634675
2022-04-06,울산,277,87499,203314,825177,0.07227726106947385
2022-04-07,울산,280,83791,211624,820532,0.06922393639402834
2022-04-08,울산,288,80600,218983,816312,0.06407734225628273
2022-04-09,울산,290,76907,226376,812553,0.06884837640074065
2022-04-10,울산,296,73878,233189,808714,0.03348755036773076
2022-04-11,울산,300,71901,236905,806919,0.08104525110576162
2022-04-12,울산,301,68519,244425,802740,0.08265090780127626
2022-04-13,울산,302,63475,253477,798686,0.06739209267409195
2022-04-14,울산,307,60213,259737,795648,0.06358055639011566
2022-04-15,울산,310,57114,265496,792946,0.05315258156180149
2022-04-16,울산,313,53664,271029,790823,0.05338811665055463
2022-04-17,울산,313,50633,276040,788778,0.026200720522801244
2022-04-18,울산,315,49084,278485,787850,0.06921632479907452
2022-04-19,울산,315,46009,283896,785470,0.07763894603766734
2022-04-20,울산,317,42226,290146,782950,0.06598490567393726
2022-04-21,울산,319,39521,294754,781019,0.06721995449293353
2022-04-22,울산,320,37130,298965,779164,0.06752758091910212
2022-04-23,울산,320,35115,302686,777429,0.06946435562344536
2022-04-24,울산,322,32972,306493,775723,0.03024496134535495
2022-04-25,울산,322,31879,308253,775043,0.07965943093657775
2022-04-26,울산,322,29444,312414,773296,0.08737896901998575
2022-04-27,울산,323,27167,316435,771522,0.07440429738168368
2022-04-28,울산,323,25513,319438,770147,0.06514115665451584
2022-04-29,울산,324,23940,322133,768987,0.060682813487186404
2022-04-30,울산,325,22791,324257,767995,0.06735243427747933
2022-05-01,울산,326,21823,326255,766948,0.02757066373216401
2022-05-02,울산,327,21302,327151,766546,0.08209779560812049
2022-05-03,울산,327,20112,329491,765367,0.08161892391069143
2022-05-04,울산,330,18732,331915,764274,0.08179690009201773
2022-05-05,울산,332,17832,333774,763238,0.05774624792808114
2022-05-06,울산,332,16684,335571,762510,0.07757627491730903
2022-05-07,울산,332,15823,337220,761670,0.1041530270484447
2022-05-08,울산,332,15252,338840,760525,0.045880043577293014
2022-05-09,울산,332,15037,339428,760083,0.12966939473761568
2022-05-10,울산,332,14604,341033,758813,0.12745586526372024
2022-05-11,울산,332,14090,342657,757557,0.1015048458788626
2022-05-12,울산,333,13666,343887,756603,0.0884980914481899
2022-05-13,울산,334,13341,344826,755828,0.08684983814413827
2022-05-14,울산,334,13126,345609,755053,0.08689030026141885
2022-05-15,울산,334,12843,346457,754281,0.037088229272051305
2022-05-16,울산,334,12752,346614,754013,0.09738558655458252
2022-05-17,울산,334,12392,347508,753228,0.10296548642805771
2022-05-18,울산,335,12129,348356,752341,0.09264906088267097
2022-05-19,울산,335,11839,348928,751781,0.08325749518824951
2022-05-20,울산,336,11799,349124,751163,0.07930137466366521
2022-05-21,울산,336,11546,349432,750603,0.08433831325026077
2022-05-22,울산,336,11079,349957,749973,0.028376503095766833
2022-05-23,울산,338,10815,349928,749672,0.10427565666480508
2022-05-24,울산,338,10248,350457,749191,0.10265762563050954
2022-05-25,울산,338,9692,350983,748444,0.08853379559981558
2022-05-26,울산,338,9299,351153,747941,0.08216747954730143
2022-05-27,울산,339,8993,351241,747356,0.07233384460676327
2022-05-28,울산,339,8646,351216,747005,0.06849253704890088
2022-05-29,울산,339,8273,351307,746479,0.019816714402858347
2022-05-30,울산,339,8062,350851,746464,0.09179081220191988
2022-05-31,울산,339,7720,349926,746959,0.08975788944502833
2022-06-01,울산,339,7325,349091,746432,0.06612166249324386
2022-06-02,울산,340,6894,347896,746371,0.07877110495758807
2022-06-03,울산,340,6595,346725,745889,0.07532006896114789
2022-06-04,울산,340,6299,345432,745644,0.07338731709592992
2022-06-05,울산,340,5955,344490,745013,0.02657231876747702
2022-06-06,울산,340,5850,342759,745252,0.04815799104906682
2022-06-07,울산,341,5284,340064,746573,0.10473660725551187
2022-06-08,울산,341,4950,337536,745986,0.12952675771232688
2022-06-09,울산,341,4804,334576,745865,0.09494348589321823
2022-06-10,울산,341,4598,331958,745159,0.09666958835443676
2022-06-11,울산,341,4460,329076,745056,0.10035024694444974
2022-06-12,울산,341,4363,326985,743930,0.0380505703584804
2022-06-13,울산,341,4364,324150,744265,0.10577788027180501
2022-06-14,울산,341,4178,319521,746136,0.11453189888397894
2022-06-15,울산,341,4035,316593,744079,0.10583020080879642
2022-06-16,울산,341,3996,311102,746236,0.09676475886528739
2022-06-17,울산,342,3892,305881,745736,0.09438818981549323
2022-06-18,울산,342,3806,301196,744912,0.09623172937843012
2022-06-19,울산,342,3742,297590,743577,0.04640383572906973
2022-06-20,울산,342,3752,293135,744098,0.1270807844790557
2022-06-21,울산,342,3881,286740,745789,0.12800887920981124
2022-06-22,울산,342,3843,278319,747660,0.0941734071174647
2022-06-23,울산,342,3658,273484,743908,0.07385431461005397
2022-06-24,울산,342,3534,264687,747556,0.08117248880527073
2022-06-25,울산,342,3430,255815,747441,0.10028828781684546
2022-06-26,울산,342,3362,250776,743332,0.03863702547206827
2022-06-27,울산,342,3338,242584,746242,0.12124728728024366
2022-06-28,울산,342,3301,232526,748011,0.15505530927537148
2022-06-29,울산,342,3324,218076,752103,0.12619837281517338
2022-06-30,울산,342,3322,210493,744916,0.13202975875296297
2022-07-01,울산,342,3356,202897,744629,0.1397282636358299
2022-07-02,울산,342,3423,195820,743788,0.12568242884245753
2022-07-03,울산,342,3465,191824,740422,0.06476866320252929
2022-07-04,울산,342,3498,183776,744196,0.20055411982385318
2022-07-05,울산,342,3647,173062,746592,0.21359763307013455
2022-07-06,울산,342,3835,165036,743403,0.18903287133706306
2022-07-07,울산,342,4074,157847,741972,0.18200080558055162
2022-07-08,울산,342,4385,150578,741516,0.20027357064789264
2022-07-09,울산,342,4774,143908,740356,0.20520846623672656
2022-07-10,울산,343,5191,140377,736613,0.09719039723047249
2022-07-11,울산,343,5436,132893,740086,0.27935613406239446
2022-07-12,울산,343,6168,124069,740617,0.27748638029146194
2022-07-13,울산,343,6956,118105,736696,0.23794013932295804
2022-07-14,울산,343,7761,112574,735109,0.20742302278903582
2022-07-15,울산,343,8524,107271,733829,0.21144272650965495
2022-07-16,울산,343,9391,102533,732129,0.22355777017037917
2022-07-17,울산,343,10475,100337,728194,0.08964001823244105
2022-07-18,울산,343,10936,95026,730551,0.2904806494690392
2022-07-19,울산,343,12538,89209,729323,0.2585806144055543
2022-07-20,울산,343,14126,85079,725575,0.22127667068367016
2022-07-21,울산,344,15666,81319,723158,0.18532587563128516
2022-07-22,울산,344,17046,78054,720798,0.17042313518124852
2022-07-23,울산,344,18331,74802,719019,0.16900552991607132
2022-07-24,울산,344,19669,73666,714988,0.056045642256324725
2022-07-25,울산,344,20040,69809,716687,0.1865997022248529
2022-07-26,울산,345,21426,66760,714160,0.19620521750986206
2022-07-27,울산,345,22971,64846,710468,0.1635273991805395
2022-07-28,울산,345,24262,63219,707783,0.14122539461419384
2022-07-29,울산,346,25368,62128,705052,0.13157387696580014
2022-07-30,울산,347,26286,61287,702830,0.12580019735193704
2022-07-31,울산,348,26987,61723,699658,0.06517122918331016
2022-08-01,울산,348,27474,59948,700006,0.1481677659622494
2022-08-02,울산,348,27945,59516,697552,0.1645566015282223
2022-08-03,울산,348,28696,59679,694130,0.16239283034729188
2022-08-04,울산,348,29557,59851,691187,0.16119142014404153
2022-08-05,울산,348,30620,59981,688106,0.15746452430981409
2022-08-06,울산,350,31710,60155,685122,0.16201646835257486
2022-08-07,울산,350,32861,61450,680955,0.08048055207550814
2022-08-08,울산,352,33763,60397,680368,0.1718989531543071
2022-08-09,울산,353,34893,61011,676870,0.1993274255124833
2022-08-10,울산,353,36412,62296,672283,0.1485593723797563
2022-08-11,울산,354,37274,63532,668753,0.1397641549061101
2022-08-12,울산,354,38217,64697,665494,0.13053782110621742
2022-08-13,울산,356,39078,65741,662602,0.12197488929091721
2022-08-14,울산,359,39821,67397,659098,0.06823140323869574
2022-08-15,울산,360,40320,67298,658240,0.08904982660139642
2022-08-16,울산,361,39887,68716,656089,0.16620774534010882
2022-08-17,울산,362,40904,70529,651939,0.17716941895420726
2022-08-18,울산,364,42231,72708,647355,0.12883279180745902
2022-08-19,울산,365,42435,74761,644330,0.12930814244810737
2022-08-20,울산,367,42629,76596,641398,0.11756400513394465
2022-08-21,울산,367,42357,79257,637981,0.05326486843693863
2022-08-22,울산,368,42035,79540,637257,0.1409571052341984
2022-08-23,울산,370,41881,81797,633891,0.1379974993586869
2022-08-24,울산,371,40951,85024,630272,0.11114352087748774
2022-08-25,울산,372,40267,87447,627635,0.095913995997103
2022-08-26,울산,372,39323,89770,625363,0.09409898470255915
2022-08-27,울산,375,38427,91957,623418,0.08979775067394337
2022-08-28,울산,376,37530,94449,620955,0.039216739509756494
2022-08-29,울산,376,36749,95210,619672,0.10358680193773481
2022-08-30,울산,378,36745,96457,617661,0.09320049907249006
2022-08-31,울산,379,34755,99577,615417,0.08404082782259106
2022-09-01,울산,380,32148,103124,613840,0.08312407824817972
2022-09-02,울산,381,30472,105634,612257,0.08720059295019937
2022-09-03,울산,384,28772,108129,611159,0.09341268046828426
2022-09-04,울산,386,27372,110780,608907,0.041833083124333606
2022-09-05,울산,387,26711,111308,607322,0.11696699030081445
2022-09-06,울산,387,25038,113969,605799,0.10118732122275817
2022-09-07,울산,389,23142,116658,604000,0.11333784671486892
2022-09-08,울산,393,21998,118700,602931,0.10090465810069527
2022-09-09,울산,393,21031,120426,601475,0.07118404050015499
2022-09-10,울산,395,19772,122091,601464,0.04276847190609313
2022-09-11,울산,397,18309,123896,600267,0.05874143111200181
2022-09-12,울산,398,18070,124217,597898,0.103296808257665
2022-09-13,울산,399,16963,125856,598605,0.18100536546700774
2022-09-14,울산,400,16716,127417,594405,0.15073940079500092
2022-09-15,울산,403,16449,128654,593341,0.10767571401731818
2022-09-16,울산,404,15924,129784,592941,0.08537811562189335
2022-09-17,울산,404,15193,130926,593302,0.08145995570047612
2022-09-18,울산,405,14384,132283,591799,0.03864554981267775
2022-09-19,울산,406,14056,132716,589566,0.09172342467592635
2022-09-20,울산,407,13043,134037,586863,0.10795664070000632
2022-09-21,울산,408,12412,134977,589713,0.08191143979513286
2022-09-22,울산,409,11535,136084,585217,0.07650839136601924
2022-09-23,울산,410,10803,136980,584682,0.08212278083939135
2022-09-24,울산,410,10463,137485,588053,0.08229806384694306
2022-09-25,울산,411,10461,137827,584449,0.039298839228097196
2022-09-26,울산,412,10100,138095,582369,0.10727597345692956
2022-09-27,울산,412,9668,138771,577415,0.1257016809374006
2022-09-28,울산,412,8656,140125,583657,0.11022814570113926
2022-09-29,울산,413,7818,141201,583148,0.11919462633156416
2022-09-30,울산,415,7366,141891,583183,0.11813746188630843
2022-10-01,울산,418,7100,142363,585812,0.1255226536167975
2022-10-02,울산,419,6911,142901,581295,0.052821422803071394
2022-10-03,울산,419,6807,142878,578440,0.10208330685674667
2022-10-04,울산,419,6488,143225,580770,0.16090313856257032
2022-10-05,울산,419,6292,143720,581067,0.17780722723991665
2022-10-06,울산,420,6337,144074,580408,0.1077564759411013
2022-10-07,울산,420,6230,144343,580654,0.1135955681477908
2022-10-08,울산,420,6134,144576,583427,0.09725617159726133
2022-10-09,울산,420,5993,144941,579164,0.06048971542280538
2022-10-10,울산,420,5966,144886,577637,0.11240007827769202
2022-10-11,울산,421,5749,145106,580152,0.1814430903480622
2022-10-12,울산,421,5663,145450,580046,0.18354859278884583
2022-10-13,울산,421,5704,145655,579737,0.16568952685202343
2022-10-14,울산,423,5708,145826,579814,0.1567310651387904
2022-10-15,울산,423,5718,145993,581894,0.14847400302205482
2022-10-16,울산,423,5693,146310,578339,0.07195228048261328
2022-10-17,울산,423,5715,146034,577622,0.20985096699587746
2022-10-18,울산,424,5974,145873,578692,0.18609199703777207
2022-10-19,울산,424,6007,145933,578489,0.16348712291396736
2022-10-20,울산,424,5934,146022,578478,0.14718511658278507
2022-10-21,울산,425,6031,145794,578041,0.1455714587663334
2022-10-22,울산,425,6117,145514,579705,0.1690758197484888
2022-10-23,울산,425,6341,145493,576450,0.08999823556099264
2022-10-24,울산,425,6447,144679,576965,0.2324177848794743
2022-10-25,울산,425,6872,143895,577330,0.22413190205394765
2022-10-26,울산,429,7125,143344,576825,0.19833230018225906
2022-10-27,울산,429,7314,142827,576635,0.1874141921979674
2022-10-28,울산,429,7530,142137,576181,0.19744966451986865
2022-10-29,울산,429,7831,141230,576695,0.15836594393889605
2022-10-30,울산,431,8028,141059,573847,0.09651114719950704
2022-10-31,울산,431,8213,139203,574794,0.23093563479317997
2022-11-01,울산,431,8567,137714,574418,0.2261010704534944
2022-11-02,울산,432,8985,136266,573436,0.17127945870064973
2022-11-03,울산,432,9265,134902,572608,0.15470356203145333
2022-11-04,울산,432,9546,133487,571921,0.1530034534851471
2022-11-05,울산,432,9838,131955,572298,0.15315033285617877
2022-11-06,울산,432,10072,131787,569182,0.05483740919960582
2022-11-07,울산,433,10059,129692,570569,0.19425492561277158
2022-11-08,울산,433,10282,127788,570247,0.22768111906265218
2022-11-09,울산,434,10679,126202,569009,0.18809784815388644
2022-11-10,울산,434,10971,124768,567920,0.1774960217956831
2022-11-11,울산,435,11252,123375,566814,0.17938646155675733
2022-11-12,울산,436,11508,122067,566407,0.1660482642350044
2022-11-13,울산,441,11835,121603,563688,0.07825852759400255
2022-11-14,울산,448,11904,119454,564740,0.21761494581458363
2022-11-15,울산,454,12236,117562,563832,0.20716910334244312
2022-11-16,울산,455,12518,115671,562925,0.1806813564228048
2022-11-17,울산,455,12866,113524,561665,0.13579265985899897
2022-11-18,울산,459,13009,111296,560573,0.14395318973170895
2022-11-19,울산,460,13200,108904,560464,0.16344807930247404
2022-11-20,울산,460,13509,108068,557009,0.05222379183598524
2022-11-21,울산,461,13579,104830,558633,0.18264448188332402
2022-11-22,울산,461,13820,101630,558369,0.20689787303018492
2022-11-23,울산,462,14053,99579,556143,0.16046614635166878
2022-11-24,울산,462,14152,97494,554926,0.12909833124139916
2022-11-25,울산,463,14070,95521,553887,0.14161981399840332
2022-11-26,울산,463,14034,93727,553209,0.13868633438663847
2022-11-27,울산,463,14029,93096,550519,0.04971790840703673
2022-11-28,울산,463,13906,91456,550663,0.18459646497039012
2022-11-29,울산,465,13862,88883,551277,0.18953076418807405
2022-11-30,울산,465,13879,85948,550414,0.16549181321649956
2022-12-01,울산,465,13871,83945,548251,0.14498065415976877
2022-12-02,울산,466,13979,81669,547254,0.13443618993274925
2022-12-03,울산,469,13960,79738,546494,0.129949812901104
2022-12-04,울산,469,13766,79533,543488,0.06287848506703184
2022-12-05,울산,469,13835,76520,545202,0.1979706498097295
2022-12-06,울산,469,13931,74491,543900,0.21426572925429535
2022-12-07,울산,470,13955,73357,541807,0.18339110887848648
2022-12-08,울산,470,14073,72315,540256,0.1878393584506952
2022-12-09,울산,472,14442,71155,538923,0.17858803417444266
2022-12-10,울산,472,14697,70222,537825,0.17258075686388405
2022-12-11,울산,472,14953,70367,535126,0.07268271563603214
2022-12-12,울산,473,15129,68607,535926,0.24662360459624733
2022-12-13,울산,473,15651,67982,534067,0.25857031831838007
2022-12-14,울산,475,16286,67669,531818,0.19716849550578533
2022-12-15,울산,476,16681,67333,530190,0.1812843711155987
2022-12-16,울산,481,17127,66861,528774,0.17406100586307321
2022-12-17,울산,481,17615,66314,527585,0.16333805360476533
2022-12-18,울산,482,18084,66575,525309,0.06677668865947747
2022-12-19,울산,482,18230,65304,525632,0.20129846604552848
2022-12-20,울산,482,18618,65267,523533,0.2369425048242015
2022-12-21,울산,484,19229,65300,521643,0.19588164239998995
2022-12-22,울산,486,19744,65341,519682,0.16927907146317636
2022-12-23,울산,486,20019,65811,517744,0.1805776167782916
2022-12-24,울산,486,20448,66596,515914,0.15719477885482158
2022-12-25,울산,486,20710,67236,514363,0.0649257034883348
2022-12-26,울산,489,20808,66757,514155,0.18501787175159656
2022-12-27,울산,490,20790,66900,513070,0.23809334754313022
2022-12-28,울산,492,21127,67489,510530,0.18716143188459192
2022-12-29,울산,492,21404,68074,508346,0.15447322687936285
2022-12-30,울산,495,21473,68781,506631,0.165334619014801
2022-12-31,울산,500,21671,69526,505095,0.14698734326633414
2023-01-01,울산,500,21752,70585,503101,0.061249948434008675
2023-01-02,울산,501,21784,70472,502874,0.165524196280777
2023-01-03,울산,502,21681,71453,501407,0.225356876973693
2023-01-04,울산,503,21806,72975,499084,0.16805722992345512
2023-01-05,울산,504,21685,74264,497370,0.15073542178874946
2023-01-06,울산,506,21586,75347,495886,0.14883811008933698
2023-01-07,울산,506,21338,76563,494599,0.14287453809009584
2023-01-08,울산,507,21204,77825,492836,0.0416866770119434
2023-01-09,울산,507,20976,77879,492723,0.14415548931568042
2023-01-10,울산,508,20540,79016,491520,0.15725104768103648
2023-01-11,울산,508,19692,80782,489967,0.13230905829252163
2023-01-12,울산,508,19031,82096,488796,0.11309310028524892
2023-01-13,울산,510,18471,83139,487855,0.11624820254120384
2023-01-14,울산,510,17802,84276,487072,0.11822098893864379
2023-01-15,울산,511,17282,85519,485566,0.03839948485083571
2023-01-16,울산,513,16972,85756,485394,0.12484001676536619
2023-01-17,울산,514,16273,86830,484699,0.13038916283146565
2023-01-18,울산,515,15007,88432,483812,0.10298867768101612
2023-01-19,울산,515,14044,89708,482829,0.10630082414458478
2023-01-20,울산,516,13238,90789,482135,0.12120316390663485
2023-01-21,울산,516,12508,91898,481705,0.08553215812236507
2023-01-22,울산,516,11624,93054,480453,0.04221808746969583
2023-01-23,울산,516,11446,93097,480273,0.05902577533205286
2023-01-24,울산,516,10408,93885,480217,0.11097059291749825
2023-01-25,울산,516,9488,94762,479757,0.2022570309369765
2023-01-26,울산,516,9171,95411,478764,0.21326208056293425
2023-01-27,울산,517,9068,95885,477713,0.1790957365640774
2023-01-28,울산,517,8826,96378,477758,0.15043965477026003
2023-01-29,울산,518,8478,97079,475508,0.05430866692240984
2023-01-30,울산,518,8386,96749,475680,0.14945503223863327
2023-01-31,울산,518,8001,97092,475190,0.15739880012841362
2023-02-01,울산,519,7618,97501,474741,0.13752820955471126
2023-02-02,울산,519,7395,97717,474247,0.12709647555969775
2023-02-03,울산,520,7150,97906,473733,0.13789211145595437
2023-02-04,울산,521,6877,98060,474681,0.1403282345848136
2023-02-05,울산,521,6826,98226,472346,0.03865291256316823
2023-02-06,울산,521,6727,97666,472426,0.16215981426226622
2023-02-07,울산,521,6897,97163,472285,0.16303563291560616
2023-02-08,울산,522,6876,96930,471964,0.15084381910415673
2023-02-09,울산,522,6492,97046,471569,0.1320275345102027
2023-02-10,울산,522,6018,97117,471294,0.12667521658404107
2023-02-11,울산,522,5647,97171,471818,0.14032585978744525
2023-02-12,울산,523,5415,97339,469800,0.06002237922111411
2023-02-13,울산,523,5356,96563,469921,0.15211594112209467
2023-02-14,울산,523,5166,96103,469581,0.17957777192301838
2023-02-15,울산,524,5021,95849,468937,0.1564065343400626
2023-02-16,울산,525,4906,95560,468528,0.1279746553792037
2023-02-17,울산,525,4771,95213,468102,0.13221831149396995
2023-02-18,울산,526,4618,94860,469395,0.14088419918139514
2023-02-19,울산,526,4482,94988,466721,0.0370344302454952
2023-02-20,울산,526,4440,94106,466690,0.12895888313692425
2023-02-21,울산,526,4219,93376,467601,0.16447453132300008
2023-02-22,울산,526,4035,92831,467278,0.12505071887425984
2023-02-23,울산,526,3809,92282,467180,0.13060533031113175
2023-02-24,울산,527,3656,91622,467152,0.15514342498618566
2023-02-25,울산,527,3572,90978,468079,0.117514975021911
2023-02-26,울산,527,3414,90846,466895,0.0549411359128307
2023-02-27,울산,528,3356,89678,465884,0.14433846456983276
2023-02-28,울산,528,3216,88746,465321,0.20107212726984885
2023-03-01,울산,529,3096,87999,465985,0.1284094029210276
2023-03-02,울산,529,2933,87453,465547,0.1414290496081535
2023-03-03,울산,529,2843,86780,465720,0.1678994266918852
2023-03-04,울산,529,2778,85966,467248,0.17126604514654956
2023-03-05,울산,529,2704,85888,464242,0.043825889120673624
2023-03-06,울산,529,2684,84723,465177,0.17175856129016634
2023-03-07,울산,530,2637,83538,465881,0.19648938916458586
2023-03-08,울산,530,2563,82710,465758,0.1674159549116514
2023-03-09,울산,530,2531,82017,465462,0.14867364646925502
2023-03-10,울산,530,2480,81241,465533,0.1575428265609943
2023-03-11,울산,530,2406,80518,466449,0.15106467801769322
2023-03-12,울산,530,2382,80351,464393,0.04973411903761128
2023-03-13,울산,531,2353,79169,465479,0.17631619238005836
2023-03-14,울산,531,2324,78080,465619,0.16082392313995472
2023-03-15,울산,531,2211,77222,465441,0.16147084100028872
2023-03-16,울산,531,2194,76405,465157,0.12761671949896083
2023-03-17,울산,531,2138,75661,464966,0.12423660038721279
2023-03-18,울산,531,2050,74976,465664,0.11055721743050993
2023-03-19,울산,531,1946,74755,464038,0.053463556407629675
2023-03-20,울산,531,1940,73474,465229,0.14803493736694973
2023-03-21,울산,531,1868,72219,465180,0.19768753947839768
2023-03-22,울산,531,1806,71199,465035,0.15774819268714826
2023-03-23,울산,531,1746,70105,465346,0.17135123228387786
2023-03-24,울산,531,1714,69023,465537,0.10975273535693184
2023-03-25,울산,531,1630,67970,465314,0.1273064766793403
2023-03-26,울산,531,1565,67603,464109,0.06801490811515255
2023-03-27,울산,531,1560,65871,464687,0.14558898013126342
2023-03-28,울산,531,1482,64118,465039,0.17920118487065842
2023-03-29,울산,531,1437,62752,464925,0.1848582292794286
2023-03-30,울산,531,1399,61472,464937,0.15535186000274398
2023-03-31,울산,531,1373,60184,464885,0.1970097515913313
2023-04-01,울산,531,1375,58942,465087,0.1738137251739997
2023-04-02,울산,531,1380,58471,463816,0.06314856116106012
2023-04-03,울산,531,1373,56796,464874,0.2163640431779428
2023-04-04,울산,531,1377,54858,465292,0.27862710973240934
2023-04-05,울산,531,1383,53261,464900,0.0
