Date,city,Death,Death_n,Inf_AC,Inf_n,Infected,Recovered,Recovered_n,Susceptible,Susceptible_n
2020-01-20,인천,0,0.0,1,0.0,1,0,0.0,2952838,0.0
2020-01-21,인천,0,0.0,1,0.0,1,0,0.0,2952838,0.0
2020-01-22,인천,0,0.0,1,0.0,1,0,0.0,2952838,0.0
2020-01-23,인천,0,0.0,1,0.0,1,0,0.0,2952838,0.0
2020-01-24,인천,0,0.0,1,0.0,1,0,0.0,2952838,0.0
2020-01-25,인천,0,0.0,1,0.0,1,0,0.0,2952838,0.0
2020-01-26,인천,0,0.0,1,0.0,1,0,0.0,2952838,0.0
2020-01-27,인천,0,0.0,1,0.0,1,0,0.0,2952838,0.0
2020-01-28,인천,0,0.0,1,0.0,1,0,0.0,2952838,0.0
2020-01-29,인천,0,0.0,1,0.0,1,0,0.0,2952838,0.0
2020-01-30,인천,0,0.0,1,0.0,1,0,0.0,2952838,0.0
2020-01-31,인천,0,0.0,1,0.0,1,0,0.0,2952838,0.0
2020-02-01,인천,0,0.0,1,0.0,1,0,0.0,2952838,0.0
2020-02-02,인천,0,0.0,1,0.0,1,0,0.0,2952838,0.0
2020-02-03,인천,0,0.0,1,0.0,0,1,1.0,2952838,0.0
2020-02-04,인천,0,0.0,1,0.0,0,1,0.0,2952838,0.0
2020-02-05,인천,0,0.0,1,0.0,0,1,0.0,2952838,0.0
2020-02-06,인천,0,0.0,1,0.0,0,1,0.0,2952838,0.0
2020-02-07,인천,0,0.0,1,0.0,0,1,0.0,2952838,0.0
2020-02-08,인천,0,0.0,1,0.0,0,1,0.0,2952838,0.0
2020-02-09,인천,0,0.0,1,0.0,0,1,0.0,2952838,0.0
2020-02-10,인천,0,0.0,1,0.0,0,1,0.0,2952838,0.0
2020-02-11,인천,0,0.0,1,0.0,0,1,0.0,2952838,0.0
2020-02-12,인천,0,0.0,1,0.0,0,1,0.0,2952838,0.0
2020-02-13,인천,0,0.0,1,0.0,0,1,0.0,2952838,0.0
2020-02-14,인천,0,0.0,1,0.0,0,1,0.0,2952838,0.0
2020-02-15,인천,0,0.0,1,0.0,0,1,0.0,2952838,0.0
2020-02-16,인천,0,0.0,1,0.0,0,1,0.0,2952838,0.0
2020-02-17,인천,0,0.0,1,0.0,0,1,0.0,2952838,0.0
2020-02-18,인천,0,0.0,1,0.0,0,1,0.0,2952838,0.0
2020-02-19,인천,0,0.0,1,0.0,0,1,0.0,2952838,0.0
2020-02-20,인천,0,0.0,1,0.0,0,1,0.0,2952838,0.0
2020-02-21,인천,0,0.0,1,0.0,0,1,0.0,2952838,0.0
2020-02-22,인천,0,0.0,1,0.0,0,1,0.0,2952838,0.0
2020-02-23,인천,0,0.0,2,1.0,1,1,0.0,2952837,-1.0
2020-02-24,인천,0,0.0,2,0.0,1,1,0.0,2952837,0.0
2020-02-25,인천,0,0.0,2,0.0,1,1,0.0,2952837,0.0
2020-02-26,인천,0,0.0,3,1.0,2,1,0.0,2952836,-1.0
2020-02-27,인천,0,0.0,3,0.0,2,1,0.0,2952836,0.0
2020-02-28,인천,0,0.0,4,1.0,3,1,0.0,2952835,-1.0
2020-02-29,인천,0,0.0,6,2.0,5,1,0.0,2952833,-2.0
2020-03-01,인천,0,0.0,6,0.0,5,1,0.0,2952833,0.0
2020-03-02,인천,0,0.0,7,1.0,6,1,0.0,2952832,-1.0
2020-03-03,인천,0,0.0,7,0.0,6,1,0.0,2952832,0.0
2020-03-04,인천,0,0.0,8,1.0,7,1,0.0,2952831,-1.0
2020-03-05,인천,0,0.0,9,1.0,8,1,0.0,2952830,-1.0
2020-03-06,인천,0,0.0,9,0.0,8,1,0.0,2952830,0.0
2020-03-07,인천,0,0.0,9,0.0,8,1,0.0,2952830,0.0
2020-03-08,인천,0,0.0,9,0.0,7,2,1.0,2952830,0.0
2020-03-09,인천,0,0.0,9,0.0,7,2,0.0,2952830,0.0
2020-03-10,인천,0,0.0,13,4.0,11,2,0.0,2952826,-4.0
2020-03-11,인천,0,0.0,25,12.0,22,3,1.0,2952814,-12.0
2020-03-12,인천,0,0.0,25,0.0,22,3,0.0,2952814,0.0
2020-03-13,인천,0,0.0,27,2.0,23,4,1.0,2952812,-2.0
2020-03-14,인천,0,0.0,28,1.0,22,6,2.0,2952811,-1.0
2020-03-15,인천,0,0.0,29,1.0,23,6,0.0,2952810,-1.0
2020-03-16,인천,0,0.0,30,1.0,23,7,1.0,2952809,-1.0
2020-03-17,인천,0,0.0,31,1.0,24,7,0.0,2952808,-1.0
2020-03-18,인천,0,0.0,32,1.0,24,8,1.0,2952807,-1.0
2020-03-19,인천,0,0.0,32,0.0,23,9,1.0,2952807,0.0
2020-03-20,인천,0,0.0,36,4.0,27,9,0.0,2952803,-4.0
2020-03-21,인천,0,0.0,40,4.0,31,9,0.0,2952799,-4.0
2020-03-22,인천,0,0.0,40,0.0,31,9,0.0,2952799,0.0
2020-03-23,인천,0,0.0,40,0.0,31,9,0.0,2952799,0.0
2020-03-24,인천,0,0.0,41,1.0,28,13,4.0,2952798,-1.0
2020-03-25,인천,0,0.0,42,1.0,17,25,12.0,2952797,-1.0
2020-03-26,인천,0,0.0,43,1.0,18,25,0.0,2952796,-1.0
2020-03-27,인천,0,0.0,46,3.0,19,27,2.0,2952793,-3.0
2020-03-28,인천,0,0.0,51,5.0,23,28,1.0,2952788,-5.0
2020-03-29,인천,0,0.0,58,7.0,29,29,1.0,2952781,-7.0
2020-03-30,인천,0,0.0,58,0.0,28,30,1.0,2952781,0.0
2020-03-31,인천,0,0.0,64,6.0,33,31,1.0,2952775,-6.0
2020-04-01,인천,0,0.0,69,5.0,37,32,1.0,2952770,-5.0
2020-04-02,인천,0,0.0,73,4.0,41,32,0.0,2952766,-4.0
2020-04-03,인천,0,0.0,74,1.0,38,36,4.0,2952765,-1.0
2020-04-04,인천,0,0.0,77,3.0,37,40,4.0,2952762,-3.0
2020-04-05,인천,0,0.0,79,2.0,39,40,0.0,2952760,-2.0
2020-04-06,인천,0,0.0,80,1.0,40,40,0.0,2952759,-1.0
2020-04-07,인천,0,0.0,80,0.0,39,41,1.0,2952759,0.0
2020-04-08,인천,0,0.0,84,4.0,42,42,1.0,2952755,-4.0
2020-04-09,인천,0,0.0,84,0.0,41,43,1.0,2952755,0.0
2020-04-10,인천,0,0.0,85,1.0,39,46,3.0,2952754,-1.0
2020-04-11,인천,0,0.0,85,0.0,34,51,5.0,2952754,0.0
2020-04-12,인천,0,0.0,86,1.0,28,58,7.0,2952753,-1.0
2020-04-13,인천,0,0.0,87,1.0,29,58,0.0,2952752,-1.0
2020-04-14,인천,0,0.0,88,1.0,24,64,6.0,2952751,-1.0
2020-04-15,인천,0,0.0,88,0.0,19,69,5.0,2952751,0.0
2020-04-16,인천,0,0.0,88,0.0,15,73,4.0,2952751,0.0
2020-04-17,인천,0,0.0,89,1.0,15,74,1.0,2952750,-1.0
2020-04-18,인천,0,0.0,90,1.0,13,77,3.0,2952749,-1.0
2020-04-19,인천,0,0.0,91,1.0,12,79,2.0,2952748,-1.0
2020-04-20,인천,0,0.0,92,1.0,12,80,1.0,2952747,-1.0
2020-04-21,인천,0,0.0,92,0.0,12,80,0.0,2952747,0.0
2020-04-22,인천,0,0.0,92,0.0,8,84,4.0,2952747,0.0
2020-04-23,인천,0,0.0,92,0.0,8,84,0.0,2952747,0.0
2020-04-24,인천,0,0.0,92,0.0,7,85,1.0,2952747,0.0
2020-04-25,인천,0,0.0,92,0.0,7,85,0.0,2952747,0.0
2020-04-26,인천,0,0.0,92,0.0,6,86,1.0,2952747,0.0
2020-04-27,인천,0,0.0,92,0.0,5,87,1.0,2952747,0.0
2020-04-28,인천,0,0.0,93,1.0,5,88,1.0,2952746,-1.0
2020-04-29,인천,0,0.0,93,0.0,5,88,0.0,2952746,0.0
2020-04-30,인천,0,0.0,93,0.0,5,88,0.0,2952746,0.0
2020-05-01,인천,0,0.0,94,1.0,5,89,1.0,2952745,-1.0
2020-05-02,인천,0,0.0,95,1.0,5,90,1.0,2952744,-1.0
2020-05-03,인천,0,0.0,95,0.0,4,90,0.0,2952745,1.0
2020-05-04,인천,0,0.0,96,1.0,4,91,1.0,2952743,-2.0
2020-05-05,인천,0,0.0,97,1.0,5,91,0.0,2952742,-1.0
2020-05-06,인천,0,0.0,97,0.0,5,91,0.0,2952742,0.0
2020-05-07,인천,0,0.0,97,0.0,5,91,0.0,2952742,0.0
2020-05-08,인천,0,0.0,97,0.0,5,91,0.0,2952742,0.0
2020-05-09,인천,0,0.0,98,1.0,6,91,0.0,2952741,-1.0
2020-05-10,인천,0,0.0,101,3.0,9,91,0.0,2952738,-3.0
2020-05-11,인천,0,0.0,104,3.0,12,91,0.0,2952735,-3.0
2020-05-12,인천,0,0.0,105,1.0,12,92,1.0,2952734,-1.0
2020-05-13,인천,0,0.0,107,2.0,14,92,0.0,2952732,-2.0
2020-05-14,인천,0,0.0,119,12.0,26,92,0.0,2952720,-12.0
2020-05-15,인천,0,0.0,124,5.0,30,93,1.0,2952715,-5.0
2020-05-16,인천,0,0.0,124,0.0,29,94,1.0,2952715,0.0
2020-05-17,인천,0,0.0,124,0.0,29,94,0.0,2952715,0.0
2020-05-18,인천,0,0.0,124,0.0,28,95,1.0,2952715,0.0
2020-05-19,인천,0,0.0,126,2.0,29,96,1.0,2952713,-2.0
2020-05-20,인천,0,0.0,134,8.0,37,96,0.0,2952705,-8.0
2020-05-21,인천,0,0.0,140,6.0,43,96,0.0,2952699,-6.0
2020-05-22,인천,0,0.0,141,1.0,44,96,0.0,2952698,-1.0
2020-05-23,인천,0,0.0,141,0.0,43,97,1.0,2952698,0.0
2020-05-24,인천,0,0.0,143,2.0,42,100,3.0,2952696,-2.0
2020-05-25,인천,0,0.0,144,1.0,40,103,3.0,2952695,-1.0
2020-05-26,인천,0,0.0,147,3.0,42,104,1.0,2952692,-3.0
2020-05-27,인천,0,0.0,158,11.0,51,106,2.0,2952681,-11.0
2020-05-28,인천,0,0.0,180,22.0,61,118,12.0,2952659,-22.0
2020-05-29,인천,0,0.0,198,18.0,74,123,5.0,2952641,-18.0
2020-05-30,인천,0,0.0,203,5.0,79,123,0.0,2952636,-5.0
2020-05-31,인천,0,0.0,206,3.0,82,123,0.0,2952633,-3.0
2020-06-01,인천,0,0.0,224,18.0,100,123,0.0,2952615,-18.0
2020-06-02,인천,0,0.0,233,9.0,107,125,2.0,2952606,-9.0
2020-06-03,인천,0,0.0,249,16.0,115,133,8.0,2952590,-16.0
2020-06-04,인천,0,0.0,256,7.0,116,139,6.0,2952583,-7.0
2020-06-05,인천,0,0.0,262,6.0,121,140,1.0,2952577,-6.0
2020-06-06,인천,0,0.0,273,11.0,132,139,-1.0,2952567,-10.0
2020-06-07,인천,0,0.0,279,6.0,136,141,2.0,2952560,-7.0
2020-06-08,인천,0,0.0,283,4.0,139,142,1.0,2952556,-4.0
2020-06-09,인천,0,0.0,286,3.0,139,144,2.0,2952554,-2.0
2020-06-10,인천,0,0.0,294,8.0,136,155,11.0,2952545,-9.0
2020-06-11,인천,0,0.0,300,6.0,120,176,21.0,2952540,-5.0
2020-06-12,인천,0,0.0,301,1.0,103,192,16.0,2952540,0.0
2020-06-13,인천,0,0.0,302,1.0,99,197,5.0,2952537,-3.0
2020-06-14,인천,0,0.0,310,8.0,104,199,2.0,2952530,-7.0
2020-06-15,인천,0,0.0,318,8.0,94,217,18.0,2952521,-9.0
2020-06-16,인천,1,1.0,320,2.0,87,224,7.0,2952520,-1.0
2020-06-17,인천,1,0.0,322,2.0,73,239,15.0,2952518,-2.0
2020-06-18,인천,1,0.0,323,1.0,67,246,7.0,2952516,-2.0
2020-06-19,인천,1,0.0,323,0.0,61,252,6.0,2952516,0.0
2020-06-20,인천,1,0.0,328,5.0,55,263,11.0,2952511,-5.0
2020-06-21,인천,1,0.0,328,0.0,49,269,6.0,2952511,0.0
2020-06-22,인천,1,0.0,329,1.0,46,269,0.0,2952514,3.0
2020-06-23,인천,1,0.0,330,1.0,44,260,-9.0,2952521,7.0
2020-06-24,인천,1,0.0,333,3.0,39,268,8.0,2952506,-15.0
2020-06-25,인천,1,0.0,334,1.0,34,272,4.0,2952507,1.0
2020-06-26,인천,1,0.0,336,2.0,35,272,0.0,2952504,-3.0
2020-06-27,인천,1,0.0,337,1.0,35,272,0.0,2952503,-1.0
2020-06-28,인천,1,0.0,337,0.0,27,279,7.0,2952503,0.0
2020-06-29,인천,1,0.0,338,1.0,20,286,7.0,2952502,-1.0
2020-06-30,인천,1,0.0,341,3.0,21,287,1.0,2952499,-3.0
2020-07-01,인천,1,0.0,343,2.0,21,289,2.0,2952496,-3.0
2020-07-02,인천,1,0.0,343,0.0,20,286,-3.0,2952500,4.0
2020-07-03,인천,1,0.0,344,1.0,21,282,-4.0,2952499,-1.0
2020-07-04,인천,1,0.0,346,2.0,18,287,5.0,2952493,-6.0
2020-07-05,인천,1,0.0,346,0.0,18,287,0.0,2952493,0.0
2020-07-06,인천,1,0.0,352,6.0,23,287,0.0,2952488,-5.0
2020-07-07,인천,1,0.0,354,2.0,24,287,0.0,2952486,-2.0
2020-07-08,인천,1,0.0,355,1.0,22,289,2.0,2952485,-1.0
2020-07-09,인천,1,0.0,358,3.0,24,287,-2.0,2952484,-1.0
2020-07-10,인천,2,1.0,359,1.0,23,283,-4.0,2952485,1.0
2020-07-11,인천,2,0.0,360,1.0,23,277,-6.0,2952486,1.0
2020-07-12,인천,2,0.0,360,0.0,23,277,0.0,2952479,-7.0
2020-07-13,인천,2,0.0,363,3.0,25,272,-5.0,2952482,3.0
2020-07-14,인천,2,0.0,363,0.0,22,270,-2.0,2952481,-1.0
2020-07-15,인천,2,0.0,364,1.0,21,268,-2.0,2952479,-2.0
2020-07-16,인천,2,0.0,367,3.0,24,267,-1.0,2952473,-6.0
2020-07-17,인천,2,0.0,367,0.0,23,265,-2.0,2952475,2.0
2020-07-18,인천,2,0.0,369,2.0,23,265,0.0,2952472,-3.0
2020-07-19,인천,2,0.0,370,1.0,24,264,-1.0,2952470,-2.0
2020-07-20,인천,2,0.0,372,2.0,20,270,6.0,2952467,-3.0
2020-07-21,인천,2,0.0,372,0.0,18,268,-2.0,2952471,4.0
2020-07-22,인천,2,0.0,377,5.0,22,269,1.0,2952462,-9.0
2020-07-23,인천,2,0.0,380,3.0,22,271,2.0,2952460,-2.0
2020-07-24,인천,2,0.0,380,0.0,21,272,1.0,2952459,-1.0
2020-07-25,인천,2,0.0,380,0.0,20,272,0.0,2952460,1.0
2020-07-26,인천,2,0.0,380,0.0,20,271,-1.0,2952460,0.0
2020-07-27,인천,2,0.0,380,0.0,17,273,2.0,2952460,0.0
2020-07-28,인천,2,0.0,380,0.0,17,273,0.0,2952459,-1.0
2020-07-29,인천,2,0.0,383,3.0,19,274,1.0,2952456,-3.0
2020-07-30,인천,2,0.0,383,0.0,16,276,2.0,2952457,1.0
2020-07-31,인천,2,0.0,383,0.0,16,275,-1.0,2952457,0.0
2020-08-01,인천,2,0.0,384,1.0,15,276,1.0,2952455,-2.0
2020-08-02,인천,2,0.0,384,0.0,14,276,0.0,2952456,1.0
2020-08-03,인천,2,0.0,384,0.0,12,278,2.0,2952455,-1.0
2020-08-04,인천,2,0.0,385,1.0,13,278,0.0,2952454,-1.0
2020-08-05,인천,2,0.0,386,1.0,9,283,5.0,2952453,-1.0
2020-08-06,인천,2,0.0,386,0.0,6,286,3.0,2952453,0.0
2020-08-07,인천,2,0.0,386,0.0,6,286,0.0,2952453,0.0
2020-08-08,인천,2,0.0,388,2.0,8,286,0.0,2952451,-2.0
2020-08-09,인천,3,1.0,389,1.0,9,285,-1.0,2952450,-1.0
2020-08-10,인천,3,0.0,389,0.0,9,284,-1.0,2952451,1.0
2020-08-11,인천,3,0.0,389,0.0,9,284,0.0,2952450,-1.0
2020-08-12,인천,3,0.0,389,0.0,6,287,3.0,2952450,0.0
2020-08-13,인천,3,0.0,389,0.0,6,286,-1.0,2952451,1.0
2020-08-14,인천,3,0.0,393,4.0,10,285,-1.0,2952447,-4.0
2020-08-15,인천,3,0.0,399,6.0,15,286,1.0,2952440,-7.0
2020-08-16,인천,3,0.0,408,9.0,24,285,-1.0,2952432,-8.0
2020-08-17,인천,3,0.0,415,7.0,31,284,-1.0,2952425,-7.0
2020-08-18,인천,3,0.0,433,18.0,48,285,1.0,2952406,-19.0
2020-08-19,인천,3,0.0,441,8.0,55,286,1.0,2952398,-8.0
2020-08-20,인천,3,0.0,451,10.0,65,286,0.0,2952388,-10.0
2020-08-21,인천,3,0.0,469,18.0,83,285,-1.0,2952371,-17.0
2020-08-22,인천,3,0.0,490,21.0,102,284,-1.0,2952352,-19.0
2020-08-23,인천,3,0.0,522,32.0,133,282,-2.0,2952320,-32.0
2020-08-24,인천,3,0.0,542,20.0,153,281,-1.0,2952298,-22.0
2020-08-25,인천,3,0.0,556,14.0,167,279,-2.0,2952285,-13.0
2020-08-26,인천,3,0.0,583,27.0,194,267,-12.0,2952268,-17.0
2020-08-27,인천,3,0.0,642,59.0,253,262,-5.0,2952202,-66.0
2020-08-28,인천,3,0.0,669,27.0,276,266,4.0,2952170,-32.0
2020-08-29,인천,3,0.0,689,20.0,290,272,6.0,2952150,-20.0
2020-08-30,인천,3,0.0,702,13.0,294,281,9.0,2952137,-13.0
2020-08-31,인천,3,0.0,716,14.0,301,286,5.0,2952125,-12.0
2020-09-01,인천,3,0.0,738,22.0,305,296,10.0,2952109,-16.0
2020-09-02,인천,3,0.0,749,11.0,308,298,2.0,2952096,-13.0
2020-09-03,인천,3,0.0,765,16.0,314,307,9.0,2952075,-21.0
2020-09-04,인천,3,0.0,770,5.0,301,325,18.0,2952068,-7.0
2020-09-05,인천,3,0.0,784,14.0,294,344,19.0,2952057,-11.0
2020-09-06,인천,3,0.0,796,12.0,274,375,31.0,2952044,-13.0
2020-09-07,인천,3,0.0,797,1.0,255,392,17.0,2952044,0.0
2020-09-08,인천,3,0.0,799,2.0,243,395,3.0,2952051,7.0
2020-09-09,인천,3,0.0,800,1.0,217,400,5.0,2952060,9.0
2020-09-10,인천,3,0.0,805,5.0,163,441,41.0,2952050,-10.0
2020-09-11,인천,3,0.0,813,8.0,144,463,22.0,2952031,-19.0
2020-09-12,인천,3,0.0,821,8.0,132,480,17.0,2952020,-11.0
2020-09-13,인천,3,0.0,824,3.0,122,475,-5.0,2952033,13.0
2020-09-14,인천,5,2.0,834,10.0,118,478,3.0,2952012,-21.0
2020-09-15,인천,6,1.0,843,9.0,105,483,5.0,2952011,-1.0
2020-09-16,인천,6,0.0,852,9.0,103,487,4.0,2951994,-17.0
2020-09-17,인천,7,1.0,859,7.0,94,496,9.0,2951986,-8.0
2020-09-18,인천,8,1.0,865,6.0,95,489,-7.0,2951985,-1.0
2020-09-19,인천,8,0.0,876,11.0,92,497,8.0,2951969,-16.0
2020-09-20,인천,8,0.0,879,3.0,83,505,8.0,2951960,-9.0
2020-09-21,인천,8,0.0,881,2.0,84,503,-2.0,2951949,-11.0
2020-09-22,인천,8,0.0,883,2.0,84,497,-6.0,2951964,15.0
2020-09-23,인천,8,0.0,888,5.0,88,492,-5.0,2951955,-9.0
2020-09-24,인천,8,0.0,898,10.0,93,496,4.0,2951941,-14.0
2020-09-25,인천,8,0.0,901,3.0,88,503,7.0,2951938,-3.0
2020-09-26,인천,8,0.0,902,1.0,81,503,0.0,2951944,6.0
2020-09-27,인천,8,0.0,911,9.0,87,498,-5.0,2951935,-9.0
2020-09-28,인천,8,0.0,912,1.0,78,506,8.0,2951928,-7.0
2020-09-29,인천,8,0.0,912,0.0,69,513,7.0,2951929,1.0
2020-09-30,인천,8,0.0,916,4.0,64,521,8.0,2951920,-9.0
2020-10-01,인천,8,0.0,919,3.0,60,528,7.0,2951916,-4.0
2020-10-02,인천,8,0.0,923,4.0,58,529,1.0,2951921,5.0
2020-10-03,인천,8,0.0,930,7.0,54,540,11.0,2951909,-12.0
2020-10-04,인천,8,0.0,936,6.0,57,542,2.0,2951903,-6.0
2020-10-05,인천,8,0.0,941,5.0,60,543,1.0,2951898,-5.0
2020-10-06,인천,8,0.0,945,4.0,62,542,-1.0,2951896,-2.0
2020-10-07,인천,8,0.0,951,6.0,63,546,4.0,2951886,-10.0
2020-10-08,인천,8,0.0,956,5.0,58,554,8.0,2951879,-7.0
2020-10-09,인천,8,0.0,956,0.0,55,556,2.0,2951877,-2.0
2020-10-10,인천,8,0.0,964,8.0,62,557,1.0,2951875,-2.0
2020-10-11,인천,8,0.0,965,1.0,54,565,8.0,2951869,-6.0
2020-10-12,인천,8,0.0,968,3.0,56,563,-2.0,2951869,0.0
2020-10-13,인천,8,0.0,968,0.0,56,561,-2.0,2951869,0.0
2020-10-14,인천,8,0.0,976,8.0,60,565,4.0,2951862,-7.0
2020-10-15,인천,8,0.0,987,11.0,68,567,2.0,2951850,-12.0
2020-10-16,인천,8,0.0,991,4.0,68,569,2.0,2951848,-2.0
2020-10-17,인천,8,0.0,993,2.0,63,576,7.0,2951845,-3.0
2020-10-18,인천,8,0.0,994,1.0,58,576,0.0,2951851,6.0
2020-10-19,인천,8,0.0,999,5.0,58,579,3.0,2951838,-13.0
2020-10-20,인천,9,1.0,1002,3.0,57,581,2.0,2951838,0.0
2020-10-21,인천,9,0.0,1008,6.0,57,584,3.0,2951833,-5.0
2020-10-22,인천,9,0.0,1012,4.0,56,588,4.0,2951828,-5.0
2020-10-23,인천,9,0.0,1017,5.0,61,587,-1.0,2951822,-6.0
2020-10-24,인천,9,0.0,1019,2.0,55,595,8.0,2951819,-3.0
2020-10-25,인천,9,0.0,1019,0.0,54,593,-2.0,2951822,3.0
2020-10-26,인천,9,0.0,1022,3.0,54,596,3.0,2951817,-5.0
2020-10-27,인천,9,0.0,1024,2.0,56,595,-1.0,2951816,-1.0
2020-10-28,인천,9,0.0,1034,10.0,58,600,5.0,2951807,-9.0
2020-10-29,인천,9,0.0,1039,5.0,52,611,11.0,2951799,-8.0
2020-10-30,인천,10,1.0,1042,3.0,51,612,1.0,2951798,-1.0
2020-10-31,인천,10,0.0,1045,3.0,52,613,1.0,2951794,-4.0
2020-11-01,인천,11,1.0,1049,4.0,55,611,-2.0,2951792,-2.0
2020-11-02,인천,11,0.0,1051,2.0,52,616,5.0,2951788,-4.0
2020-11-03,인천,11,0.0,1052,1.0,50,614,-2.0,2951792,4.0
2020-11-04,인천,11,0.0,1056,4.0,48,617,3.0,2951786,-6.0
2020-11-05,인천,11,0.0,1061,5.0,49,621,4.0,2951778,-8.0
2020-11-06,인천,11,0.0,1061,0.0,44,626,5.0,2951778,0.0
2020-11-07,인천,11,0.0,1062,1.0,43,628,2.0,2951776,-2.0
2020-11-08,인천,11,0.0,1065,3.0,46,628,0.0,2951773,-3.0
2020-11-09,인천,11,0.0,1067,2.0,45,631,3.0,2951772,-1.0
2020-11-10,인천,11,0.0,1070,3.0,46,630,-1.0,2951772,0.0
2020-11-11,인천,11,0.0,1071,1.0,37,640,10.0,2951767,-5.0
2020-11-12,인천,11,0.0,1073,2.0,34,645,5.0,2951765,-2.0
2020-11-13,인천,11,0.0,1077,4.0,35,647,2.0,2951763,-2.0
2020-11-14,인천,11,0.0,1078,1.0,33,650,3.0,2951760,-3.0
2020-11-15,인천,11,0.0,1080,2.0,31,654,4.0,2951758,-2.0
2020-11-16,인천,11,0.0,1090,10.0,39,655,1.0,2951750,-8.0
2020-11-17,인천,11,0.0,1103,13.0,51,655,0.0,2951737,-13.0
2020-11-18,인천,11,0.0,1115,12.0,59,659,4.0,2951724,-13.0
2020-11-19,인천,11,0.0,1127,12.0,66,664,5.0,2951711,-13.0
2020-11-20,인천,11,0.0,1157,30.0,96,662,-2.0,2951681,-30.0
2020-11-21,인천,11,0.0,1179,22.0,117,662,0.0,2951658,-23.0
2020-11-22,인천,11,0.0,1206,27.0,141,665,3.0,2951632,-26.0
2020-11-23,인천,11,0.0,1229,23.0,162,667,2.0,2951608,-24.0
2020-11-24,인천,11,0.0,1246,17.0,176,670,3.0,2951581,-27.0
2020-11-25,인천,11,0.0,1286,40.0,215,671,1.0,2951548,-33.0
2020-11-26,인천,11,0.0,1304,18.0,231,669,-2.0,2951539,-9.0
2020-11-27,인천,11,0.0,1329,25.0,252,667,-2.0,2951516,-23.0
2020-11-28,인천,11,0.0,1354,25.0,276,659,-8.0,2951494,-22.0
2020-11-29,인천,11,0.0,1375,21.0,295,654,-5.0,2951469,-25.0
2020-11-30,인천,11,0.0,1409,34.0,319,646,-8.0,2951440,-29.0
2020-12-01,인천,11,0.0,1425,16.0,322,651,5.0,2951416,-24.0
2020-12-02,인천,11,0.0,1448,23.0,333,653,2.0,2951400,-16.0
2020-12-03,인천,11,0.0,1470,22.0,343,647,-6.0,2951387,-13.0
2020-12-04,인천,11,0.0,1487,17.0,330,656,9.0,2951371,-16.0
2020-12-05,인천,11,0.0,1506,19.0,327,646,-10.0,2951364,-7.0
2020-12-06,인천,11,0.0,1548,42.0,342,653,7.0,2951308,-56.0
2020-12-07,인천,11,0.0,1588,40.0,359,662,9.0,2951254,-54.0
2020-12-08,인천,11,0.0,1613,25.0,367,652,-10.0,2951231,-23.0
2020-12-09,인천,11,0.0,1659,46.0,373,633,-19.0,2951221,-10.0
2020-12-10,인천,12,1.0,1696,37.0,392,623,-10.0,2951165,-56.0
2020-12-11,인천,12,0.0,1733,37.0,404,628,5.0,2951123,-42.0
2020-12-12,인천,12,0.0,1775,42.0,421,640,12.0,2951059,-64.0
2020-12-13,인천,12,0.0,1837,62.0,462,647,7.0,2951005,-54.0
2020-12-14,인천,13,1.0,1873,36.0,464,658,11.0,2950971,-34.0
2020-12-15,인천,14,1.0,1928,55.0,503,662,4.0,2950915,-56.0
2020-12-16,인천,14,0.0,1995,67.0,547,669,7.0,2950853,-62.0
2020-12-17,인천,14,0.0,2075,80.0,605,686,17.0,2950757,-96.0
2020-12-18,인천,14,0.0,2140,65.0,653,689,3.0,2950707,-50.0
2020-12-19,인천,14,0.0,2186,46.0,680,696,7.0,2950661,-46.0
2020-12-20,인천,15,1.0,2248,62.0,700,736,40.0,2950589,-72.0
2020-12-21,인천,15,0.0,2336,88.0,748,774,38.0,2950497,-92.0
2020-12-22,인천,19,4.0,2381,45.0,768,794,20.0,2950453,-44.0
2020-12-23,인천,20,1.0,2430,49.0,771,834,40.0,2950413,-40.0
2020-12-24,인천,21,1.0,2483,53.0,787,862,28.0,2950363,-50.0
2020-12-25,인천,21,0.0,2538,55.0,805,891,29.0,2950301,-62.0
2020-12-26,인천,23,2.0,2593,55.0,818,928,37.0,2950241,-60.0
2020-12-27,인천,24,1.0,2654,61.0,817,979,51.0,2950193,-48.0
2020-12-28,인천,24,0.0,2700,46.0,827,1006,27.0,2950146,-47.0
2020-12-29,인천,25,1.0,2732,32.0,804,1051,45.0,2950115,-31.0
2020-12-30,인천,26,1.0,2780,48.0,785,1110,59.0,2950066,-49.0
2020-12-31,인천,27,1.0,2839,59.0,764,1183,73.0,2950001,-65.0
2021-01-01,인천,29,2.0,2904,65.0,764,1235,52.0,2949946,-55.0
2021-01-02,인천,29,0.0,2975,71.0,789,1278,43.0,2949866,-80.0
2021-01-03,인천,30,1.0,3023,48.0,775,1337,59.0,2949817,-49.0
2021-01-04,인천,30,0.0,3126,103.0,790,1423,86.0,2949712,-105.0
2021-01-05,인천,32,2.0,3175,49.0,794,1461,38.0,2949668,-44.0
2021-01-06,인천,33,1.0,3213,38.0,783,1499,38.0,2949634,-34.0
2021-01-07,인천,34,1.0,3254,41.0,771,1548,49.0,2949587,-47.0
2021-01-08,인천,34,0.0,3284,30.0,746,1602,54.0,2949556,-31.0
2021-01-09,인천,36,2.0,3333,49.0,740,1646,44.0,2949514,-42.0
2021-01-10,인천,36,0.0,3366,33.0,712,1706,60.0,2949471,-43.0
2021-01-11,인천,37,1.0,3388,22.0,688,1751,45.0,2949449,-22.0
2021-01-12,인천,38,1.0,3409,21.0,677,1778,27.0,2949434,-15.0
2021-01-13,인천,40,2.0,3431,22.0,651,1821,43.0,2949410,-24.0
2021-01-14,인천,40,0.0,3456,25.0,617,1876,55.0,2949385,-25.0
2021-01-15,인천,41,1.0,3480,24.0,576,1933,57.0,2949366,-19.0
2021-01-16,인천,42,1.0,3513,33.0,538,1997,64.0,2949326,-40.0
2021-01-17,인천,42,0.0,3548,35.0,525,2040,43.0,2949294,-32.0
2021-01-18,인천,42,0.0,3561,13.0,435,2139,99.0,2949280,-14.0
2021-01-19,인천,44,2.0,3580,19.0,405,2180,41.0,2949262,-18.0
2021-01-20,인천,44,0.0,3596,16.0,383,2213,33.0,2949247,-15.0
2021-01-21,인천,44,0.0,3619,23.0,365,2254,41.0,2949219,-28.0
2021-01-22,인천,45,1.0,3628,9.0,344,2275,21.0,2949219,0.0
2021-01-23,인천,45,0.0,3640,12.0,307,2323,48.0,2949197,-22.0
2021-01-24,인천,46,1.0,3665,25.0,299,2352,29.0,2949177,-20.0
2021-01-25,인천,46,0.0,3679,14.0,291,2374,22.0,2949159,-18.0
2021-01-26,인천,47,1.0,3697,18.0,288,2386,12.0,2949147,-12.0
2021-01-27,인천,47,0.0,3717,20.0,286,2397,11.0,2949133,-14.0
2021-01-28,인천,48,1.0,3758,41.0,302,2417,20.0,2949082,-51.0
2021-01-29,인천,48,0.0,3777,19.0,297,2439,22.0,2949063,-19.0
2021-01-30,인천,48,0.0,3792,15.0,279,2471,32.0,2949045,-18.0
2021-01-31,인천,50,2.0,3813,21.0,265,2499,28.0,2949031,-14.0
2021-02-01,인천,50,0.0,3824,11.0,263,2509,10.0,2949013,-18.0
2021-02-02,인천,50,0.0,3832,8.0,252,2522,13.0,2949010,-3.0
2021-02-03,인천,50,0.0,3853,21.0,257,2534,12.0,2948990,-20.0
2021-02-04,인천,51,1.0,3897,44.0,278,2551,17.0,2948947,-43.0
2021-02-05,인천,51,0.0,3923,26.0,295,2558,7.0,2948918,-29.0
2021-02-06,인천,51,0.0,3948,25.0,308,2570,12.0,2948891,-27.0
2021-02-07,인천,51,0.0,3965,17.0,300,2592,22.0,2948877,-14.0
2021-02-08,인천,51,0.0,3983,18.0,304,2604,12.0,2948855,-22.0
2021-02-09,인천,51,0.0,3999,16.0,302,2612,8.0,2948850,-5.0
2021-02-10,인천,51,0.0,4019,20.0,302,2627,15.0,2948825,-25.0
2021-02-11,인천,51,0.0,4044,25.0,286,2665,38.0,2948797,-28.0
2021-02-12,인천,51,0.0,4087,43.0,310,2681,16.0,2948755,-42.0
2021-02-13,인천,51,0.0,4117,30.0,325,2692,11.0,2948726,-29.0
2021-02-14,인천,51,0.0,4136,19.0,323,2711,19.0,2948704,-22.0
2021-02-15,인천,51,0.0,4148,12.0,324,2721,10.0,2948691,-13.0
2021-02-16,인천,51,0.0,4169,21.0,337,2725,4.0,2948674,-17.0
2021-02-17,인천,51,0.0,4190,21.0,337,2741,16.0,2948654,-20.0
2021-02-18,인천,52,1.0,4207,17.0,310,2784,43.0,2948630,-24.0
2021-02-19,인천,52,0.0,4245,38.0,322,2809,25.0,2948594,-36.0
2021-02-20,인천,52,0.0,4282,37.0,334,2831,22.0,2948560,-34.0
2021-02-21,인천,52,0.0,4303,21.0,338,2846,15.0,2948538,-22.0
2021-02-22,인천,52,0.0,4322,19.0,339,2861,15.0,2948520,-18.0
2021-02-23,인천,52,0.0,4336,14.0,337,2876,15.0,2948504,-16.0
2021-02-24,인천,52,0.0,4354,18.0,335,2894,18.0,2948483,-21.0
2021-02-25,인천,52,0.0,4376,22.0,332,2915,21.0,2948461,-22.0
2021-02-26,인천,52,0.0,4391,15.0,304,2957,42.0,2948440,-21.0
2021-02-27,인천,52,0.0,4418,27.0,301,2985,28.0,2948416,-24.0
2021-02-28,인천,52,0.0,4431,13.0,295,2994,9.0,2948400,-16.0
2021-03-01,인천,52,0.0,4445,14.0,297,2993,-1.0,2948399,-1.0
2021-03-02,인천,52,0.0,4456,11.0,287,3002,9.0,2948385,-14.0
2021-03-03,인천,52,0.0,4476,20.0,286,3011,9.0,2948357,-28.0
2021-03-04,인천,53,1.0,4494,18.0,287,2997,-14.0,2948354,-3.0
2021-03-05,인천,53,0.0,4507,13.0,262,3013,16.0,2948322,-32.0
2021-03-06,인천,53,0.0,4527,20.0,245,3023,10.0,2948319,-3.0
2021-03-07,인천,53,0.0,4555,28.0,252,3021,-2.0,2948293,-26.0
2021-03-08,인천,53,0.0,4570,15.0,248,3023,2.0,2948259,-34.0
2021-03-09,인천,54,1.0,4590,20.0,254,2996,-27.0,2948230,-29.0
2021-03-10,인천,54,0.0,4613,23.0,259,2996,0.0,2948216,-14.0
2021-03-11,인천,54,0.0,4631,18.0,255,2993,-3.0,2948213,-3.0
2021-03-12,인천,55,1.0,4662,31.0,271,2982,-11.0,2948189,-24.0
2021-03-13,인천,55,0.0,4688,26.0,270,2988,6.0,2948158,-31.0
2021-03-14,인천,55,0.0,4708,20.0,277,2967,-21.0,2948142,-16.0
2021-03-15,인천,56,1.0,4726,18.0,281,2964,-3.0,2948117,-25.0
2021-03-16,인천,56,0.0,4740,14.0,284,2952,-12.0,2948106,-11.0
2021-03-17,인천,56,0.0,4761,21.0,285,2950,-2.0,2948095,-11.0
2021-03-18,인천,56,0.0,4782,21.0,288,2951,1.0,2948060,-35.0
2021-03-19,인천,56,0.0,4806,24.0,299,2945,-6.0,2948040,-20.0
2021-03-20,인천,56,0.0,4818,12.0,291,2923,-22.0,2948061,21.0
2021-03-21,인천,56,0.0,4840,22.0,285,2911,-12.0,2948037,-24.0
2021-03-22,인천,56,0.0,4850,10.0,280,2901,-10.0,2948009,-28.0
2021-03-23,인천,57,1.0,4863,13.0,273,2874,-27.0,2948016,7.0
2021-03-24,인천,57,0.0,4884,21.0,271,2860,-14.0,2947983,-33.0
2021-03-25,인천,57,0.0,4896,12.0,265,2841,-19.0,2947972,-11.0
2021-03-26,인천,57,0.0,4925,29.0,263,2830,-11.0,2947951,-21.0
2021-03-27,인천,57,0.0,4964,39.0,276,2794,-36.0,2947926,-25.0
2021-03-28,인천,57,0.0,4997,33.0,289,2778,-16.0,2947869,-57.0
2021-03-29,인천,57,0.0,5015,18.0,289,2741,-37.0,2947869,0.0
2021-03-30,인천,57,0.0,5033,18.0,293,2688,-53.0,2947865,-4.0
2021-03-31,인천,57,0.0,5058,25.0,297,2629,-59.0,2947854,-11.0
2021-04-01,인천,57,0.0,5078,20.0,296,2585,-44.0,2947813,-41.0
2021-04-02,인천,57,0.0,5101,23.0,295,2563,-22.0,2947781,-32.0
2021-04-03,인천,57,0.0,5122,21.0,304,2513,-50.0,2947776,-5.0
2021-04-04,인천,57,0.0,5144,22.0,304,2447,-66.0,2947781,5.0
2021-04-05,인천,57,0.0,5166,22.0,316,2412,-35.0,2947711,-70.0
2021-04-06,인천,58,1.0,5193,27.0,330,2375,-37.0,2947684,-27.0
2021-04-07,인천,58,0.0,5241,48.0,357,2343,-32.0,2947647,-37.0
2021-04-08,인천,58,0.0,5266,25.0,370,2300,-43.0,2947627,-20.0
2021-04-09,인천,58,0.0,5311,45.0,386,2274,-26.0,2947572,-55.0
2021-04-10,인천,58,0.0,5335,24.0,371,2252,-22.0,2947564,-8.0
2021-04-11,인천,58,0.0,5352,17.0,355,2239,-13.0,2947532,-32.0
2021-04-12,인천,58,0.0,5364,12.0,349,2225,-14.0,2947502,-30.0
2021-04-13,인천,58,0.0,5380,16.0,347,2195,-30.0,2947502,0.0
2021-04-14,인천,58,0.0,5406,26.0,348,2161,-34.0,2947488,-14.0
2021-04-15,인천,58,0.0,5423,17.0,345,2116,-45.0,2947473,-15.0
2021-04-16,인천,58,0.0,5435,12.0,334,2068,-48.0,2947468,-5.0
2021-04-17,인천,58,0.0,5458,23.0,336,2041,-27.0,2947424,-44.0
2021-04-18,인천,58,0.0,5477,19.0,333,1960,-81.0,2947461,37.0
2021-04-19,인천,58,0.0,5488,11.0,322,1933,-27.0,2947392,-69.0
2021-04-20,인천,58,0.0,5506,18.0,313,1922,-11.0,2947366,-26.0
2021-04-21,인천,58,0.0,5521,15.0,280,1929,7.0,2947359,-7.0
2021-04-22,인천,59,1.0,5535,14.0,269,1923,-6.0,2947325,-34.0
2021-04-23,인천,59,0.0,5545,10.0,234,1919,-4.0,2947342,17.0
2021-04-24,인천,59,0.0,5563,18.0,228,1910,-9.0,2947305,-37.0
2021-04-25,인천,59,0.0,5578,15.0,226,1905,-5.0,2947283,-22.0
2021-04-26,인천,59,0.0,5592,14.0,228,1896,-9.0,2947259,-24.0
2021-04-27,인천,59,0.0,5606,14.0,226,1890,-6.0,2947244,-15.0
2021-04-28,인천,59,0.0,5626,20.0,220,1891,1.0,2947233,-11.0
2021-04-29,인천,59,0.0,5651,25.0,228,1884,-7.0,2947210,-23.0
2021-04-30,인천,59,0.0,5665,14.0,230,1863,-21.0,2947206,-4.0
2021-05-01,인천,59,0.0,5678,13.0,220,1851,-12.0,2947189,-17.0
2021-05-02,인천,59,0.0,5695,17.0,218,1857,6.0,2947154,-35.0
2021-05-03,인천,59,0.0,5710,15.0,222,1849,-8.0,2947142,-12.0
2021-05-04,인천,59,0.0,5723,13.0,217,1851,2.0,2947128,-14.0
2021-05-05,인천,59,0.0,5739,16.0,218,1843,-8.0,2947117,-11.0
2021-05-06,인천,59,0.0,5758,19.0,223,1848,5.0,2947088,-29.0
2021-05-07,인천,59,0.0,5772,14.0,227,1846,-2.0,2947079,-9.0
2021-05-08,인천,59,0.0,5794,22.0,231,1839,-7.0,2947067,-12.0
2021-05-09,인천,60,1.0,5805,11.0,227,1839,0.0,2947046,-21.0
2021-05-10,인천,60,0.0,5818,13.0,226,1835,-4.0,2947029,-17.0
2021-05-11,인천,60,0.0,5839,21.0,233,1829,-6.0,2947015,-14.0
2021-05-12,인천,60,0.0,5859,20.0,233,1808,-21.0,2947018,3.0
2021-05-13,인천,60,0.0,5876,17.0,225,1814,6.0,2946979,-39.0
2021-05-14,인천,60,0.0,5910,34.0,245,1813,-1.0,2946940,-39.0
2021-05-15,인천,60,0.0,5926,16.0,248,1805,-8.0,2946932,-8.0
2021-05-16,인천,60,0.0,5941,15.0,246,1811,6.0,2946908,-24.0
2021-05-17,인천,60,0.0,5955,14.0,245,1818,7.0,2946888,-20.0
2021-05-18,인천,60,0.0,5971,16.0,248,1810,-8.0,2946884,-4.0
2021-05-19,인천,60,0.0,5994,23.0,255,1782,-28.0,2946888,4.0
2021-05-20,인천,60,0.0,6007,13.0,249,1775,-7.0,2946857,-31.0
2021-05-21,인천,60,0.0,6019,12.0,247,1764,-11.0,2946842,-15.0
2021-05-22,인천,61,1.0,6034,15.0,240,1768,4.0,2946820,-22.0
2021-05-23,인천,61,0.0,6046,12.0,241,1761,-7.0,2946808,-12.0
2021-05-24,인천,61,0.0,6064,18.0,246,1758,-3.0,2946790,-18.0
2021-05-25,인천,61,0.0,6075,11.0,236,1759,1.0,2946782,-8.0
2021-05-26,인천,61,0.0,6094,19.0,235,1754,-5.0,2946766,-16.0
2021-05-27,인천,61,0.0,6124,30.0,248,1728,-26.0,2946757,-9.0
2021-05-28,인천,61,0.0,6150,26.0,240,1732,4.0,2946717,-40.0
2021-05-29,인천,61,0.0,6168,18.0,242,1729,-3.0,2946680,-37.0
2021-05-30,인천,61,0.0,6186,18.0,245,1732,3.0,2946652,-28.0
2021-05-31,인천,61,0.0,6198,12.0,243,1725,-7.0,2946650,-2.0
2021-06-01,인천,61,0.0,6215,17.0,244,1720,-5.0,2946633,-17.0
2021-06-02,인천,61,0.0,6235,20.0,241,1726,6.0,2946590,-43.0
2021-06-03,인천,61,0.0,6257,22.0,250,1701,-25.0,2946598,8.0
2021-06-04,인천,61,0.0,6267,10.0,248,1676,-25.0,2946582,-16.0
2021-06-05,인천,61,0.0,6283,16.0,249,1670,-6.0,2946554,-28.0
2021-06-06,인천,61,0.0,6306,23.0,260,1663,-7.0,2946535,-19.0
2021-06-07,인천,61,0.0,6321,15.0,257,1667,4.0,2946491,-44.0
2021-06-08,인천,61,0.0,6334,13.0,259,1660,-7.0,2946505,14.0
2021-06-09,인천,61,0.0,6357,23.0,263,1657,-3.0,2946479,-26.0
2021-06-10,인천,61,0.0,6379,22.0,255,1672,15.0,2946449,-30.0
2021-06-11,인천,61,0.0,6397,18.0,247,1671,-1.0,2946448,-1.0
2021-06-12,인천,61,0.0,6417,20.0,249,1676,5.0,2946401,-47.0
2021-06-13,인천,61,0.0,6432,15.0,246,1680,4.0,2946404,3.0
2021-06-14,인천,61,0.0,6446,14.0,248,1681,1.0,2946381,-23.0
2021-06-15,인천,61,0.0,6458,12.0,243,1678,-3.0,2946379,-2.0
2021-06-16,인천,61,0.0,6470,12.0,235,1680,2.0,2946370,-9.0
2021-06-17,인천,61,0.0,6487,17.0,230,1689,9.0,2946346,-24.0
2021-06-18,인천,61,0.0,6509,22.0,242,1679,-10.0,2946308,-38.0
2021-06-19,인천,61,0.0,6531,22.0,248,1667,-12.0,2946296,-12.0
2021-06-20,인천,61,0.0,6553,22.0,247,1675,8.0,2946276,-20.0
2021-06-21,인천,61,0.0,6562,9.0,241,1670,-5.0,2946250,-26.0
2021-06-22,인천,61,0.0,6580,18.0,246,1660,-10.0,2946245,-5.0
2021-06-23,인천,61,0.0,6608,28.0,251,1665,5.0,2946212,-33.0
2021-06-24,인천,61,0.0,6623,15.0,244,1656,-9.0,2946205,-7.0
2021-06-25,인천,61,0.0,6652,29.0,255,1648,-8.0,2946151,-54.0
2021-06-26,인천,61,0.0,6664,12.0,247,1648,0.0,2946159,8.0
2021-06-27,인천,61,0.0,6689,25.0,257,1645,-3.0,2946113,-46.0
2021-06-28,인천,61,0.0,6720,31.0,274,1645,0.0,2946066,-47.0
2021-06-29,인천,61,0.0,6737,17.0,279,1636,-9.0,2946043,-23.0
2021-06-30,인천,61,0.0,6767,30.0,297,1627,-9.0,2946028,-15.0
2021-07-01,인천,61,0.0,6803,36.0,316,1620,-7.0,2946014,-14.0
2021-07-02,인천,61,0.0,6825,22.0,316,1630,10.0,2945964,-50.0
2021-07-03,인천,61,0.0,6841,16.0,310,1630,0.0,2945932,-32.0
2021-07-04,인천,61,0.0,6874,33.0,321,1642,12.0,2945930,-2.0
2021-07-05,인천,61,0.0,6896,22.0,334,1638,-4.0,2945906,-24.0
2021-07-06,인천,61,0.0,6919,23.0,339,1635,-3.0,2945888,-18.0
2021-07-07,인천,61,0.0,6976,57.0,368,1651,16.0,2945820,-68.0
2021-07-08,인천,61,0.0,7040,64.0,417,1637,-14.0,2945773,-47.0
2021-07-09,인천,61,0.0,7122,82.0,470,1627,-10.0,2945695,-78.0
2021-07-10,인천,61,0.0,7206,84.0,542,1606,-21.0,2945620,-75.0
2021-07-11,인천,61,0.0,7272,66.0,583,1613,7.0,2945553,-67.0
2021-07-12,인천,61,0.0,7328,56.0,608,1626,13.0,2945481,-72.0
2021-07-13,인천,61,0.0,7399,71.0,662,1618,-8.0,2945406,-75.0
2021-07-14,인천,61,0.0,7495,96.0,728,1628,10.0,2945299,-107.0
2021-07-15,인천,61,0.0,7585,90.0,782,1641,13.0,2945206,-93.0
2021-07-16,인천,61,0.0,7682,97.0,857,1642,1.0,2945130,-76.0
2021-07-17,인천,61,0.0,7763,81.0,922,1636,-6.0,2944995,-135.0
2021-07-18,인천,61,0.0,7846,83.0,972,1647,11.0,2944966,-29.0
2021-07-19,인천,61,0.0,7913,67.0,1017,1642,-5.0,2944915,-51.0
2021-07-20,인천,61,0.0,7984,71.0,1065,1617,-25.0,2944862,-53.0
2021-07-21,인천,61,0.0,8112,128.0,1136,1649,32.0,2944721,-141.0
2021-07-22,인천,61,0.0,8242,130.0,1202,1668,19.0,2944593,-128.0
2021-07-23,인천,61,0.0,8339,97.0,1217,1726,58.0,2944491,-102.0
2021-07-24,인천,61,0.0,8423,84.0,1217,1793,67.0,2944411,-80.0
2021-07-25,인천,61,0.0,8511,88.0,1239,1847,54.0,2944319,-92.0
2021-07-26,인천,61,0.0,8582,71.0,1254,1887,40.0,2944251,-68.0
2021-07-27,인천,61,0.0,8647,65.0,1248,1932,45.0,2944193,-58.0
2021-07-28,인천,61,0.0,8749,102.0,1254,2011,79.0,2944083,-110.0
2021-07-29,인천,61,0.0,8845,96.0,1260,2089,78.0,2943973,-110.0
2021-07-30,인천,62,1.0,8964,119.0,1282,2162,73.0,2943863,-110.0
2021-07-31,인천,64,2.0,9060,96.0,1297,2222,60.0,2943785,-78.0
2021-08-01,인천,64,0.0,9149,89.0,1303,2294,72.0,2943682,-103.0
2021-08-02,인천,64,0.0,9211,62.0,1298,2343,49.0,2943630,-52.0
2021-08-03,인천,65,1.0,9259,48.0,1275,2398,55.0,2943572,-58.0
2021-08-04,인천,66,1.0,9342,83.0,1230,2511,113.0,2943502,-70.0
2021-08-05,인천,66,0.0,9432,90.0,1190,2631,120.0,2943405,-97.0
2021-08-06,인천,66,0.0,9535,103.0,1196,2710,79.0,2943297,-108.0
2021-08-07,인천,66,0.0,9625,90.0,1202,2779,69.0,2943214,-83.0
2021-08-08,인천,66,0.0,9700,75.0,1189,2853,74.0,2943135,-79.0
2021-08-09,인천,67,1.0,9765,65.0,1183,2909,56.0,2943068,-67.0
2021-08-10,인천,69,2.0,9831,66.0,1184,2952,43.0,2942987,-81.0
2021-08-11,인천,69,0.0,9942,111.0,1193,3029,77.0,2942903,-84.0
2021-08-12,인천,70,1.0,10056,114.0,1211,3110,81.0,2942782,-121.0
2021-08-13,인천,70,0.0,10153,97.0,1189,3216,106.0,2942678,-104.0
2021-08-14,인천,70,0.0,10232,79.0,1172,3295,79.0,2942613,-65.0
2021-08-15,인천,70,0.0,10332,100.0,1183,3369,74.0,2942514,-99.0
2021-08-16,인천,71,1.0,10442,110.0,1231,3417,48.0,2942389,-125.0
2021-08-17,인천,72,1.0,10520,78.0,1261,3448,31.0,2942291,-98.0
2021-08-18,인천,72,0.0,10612,92.0,1270,3512,64.0,2942220,-71.0
2021-08-19,인천,73,1.0,10765,153.0,1333,3587,75.0,2942063,-157.0
2021-08-20,인천,73,0.0,10885,120.0,1350,3668,81.0,2941958,-105.0
2021-08-21,인천,73,0.0,10977,92.0,1352,3747,79.0,2941855,-103.0
2021-08-22,인천,73,0.0,11043,66.0,1343,3809,62.0,2941793,-62.0
2021-08-23,인천,73,0.0,11121,78.0,1356,3853,44.0,2941719,-74.0
2021-08-24,인천,73,0.0,11184,63.0,1353,3899,46.0,2941650,-69.0
2021-08-25,인천,73,0.0,11303,119.0,1361,3993,94.0,2941510,-140.0
2021-08-26,인천,75,2.0,11405,102.0,1349,4071,78.0,2941438,-72.0
2021-08-27,인천,75,0.0,11502,97.0,1349,4152,81.0,2941334,-104.0
2021-08-28,인천,76,1.0,11597,95.0,1365,4215,63.0,2941245,-89.0
2021-08-29,인천,77,1.0,11690,93.0,1358,4300,85.0,2941142,-103.0
2021-08-30,인천,77,0.0,11754,64.0,1312,4394,94.0,2941080,-62.0
2021-08-31,인천,77,0.0,11827,73.0,1307,4449,55.0,2941018,-62.0
2021-09-01,인천,77,0.0,11950,123.0,1338,4528,79.0,2940864,-154.0
2021-09-02,인천,77,0.0,12073,123.0,1308,4669,141.0,2940741,-123.0
2021-09-03,인천,77,0.0,12191,118.0,1306,4774,105.0,2940642,-99.0
2021-09-04,인천,78,1.0,12289,98.0,1312,4853,79.0,2940543,-99.0
2021-09-05,인천,79,1.0,12389,100.0,1346,4900,47.0,2940454,-89.0
2021-09-06,인천,80,1.0,12472,83.0,1351,4966,66.0,2940360,-94.0
2021-09-07,인천,80,0.0,12559,87.0,1375,5010,44.0,2940277,-83.0
2021-09-08,인천,80,0.0,12679,120.0,1376,5099,89.0,2940175,-102.0
2021-09-09,인천,80,0.0,12787,108.0,1382,5175,76.0,2940051,-124.0
2021-09-10,인천,80,0.0,12907,120.0,1405,5254,79.0,2939937,-114.0
2021-09-11,인천,80,0.0,13039,132.0,1442,5331,77.0,2939804,-133.0
2021-09-12,인천,80,0.0,13187,148.0,1497,5412,81.0,2939653,-151.0
2021-09-13,인천,80,0.0,13338,151.0,1584,5459,47.0,2939498,-155.0
2021-09-14,인천,81,1.0,13462,124.0,1635,5511,52.0,2939379,-119.0
2021-09-15,인천,82,1.0,13626,164.0,1676,5611,100.0,2939222,-157.0
2021-09-16,인천,82,0.0,13763,137.0,1690,5724,113.0,2939066,-156.0
2021-09-17,인천,82,0.0,13904,141.0,1713,5826,102.0,2938923,-143.0
2021-09-18,인천,82,0.0,14051,147.0,1762,5901,75.0,2938796,-127.0
2021-09-19,인천,82,0.0,14234,183.0,1845,5986,85.0,2938600,-196.0
2021-09-20,인천,83,1.0,14330,96.0,1858,6055,69.0,2938499,-101.0
2021-09-21,인천,83,0.0,14463,133.0,1904,6119,64.0,2938381,-118.0
2021-09-22,인천,84,1.0,14611,148.0,1932,6216,97.0,2938219,-162.0
2021-09-23,인천,84,0.0,14718,107.0,1931,6306,90.0,2938113,-106.0
2021-09-24,인천,85,1.0,14858,140.0,1951,6405,99.0,2937981,-132.0
2021-09-25,인천,86,1.0,15059,201.0,2020,6521,116.0,2937777,-204.0
2021-09-26,인천,86,0.0,15232,173.0,2045,6655,134.0,2937607,-170.0
2021-09-27,인천,86,0.0,15377,145.0,2039,6794,139.0,2937453,-154.0
2021-09-28,인천,87,1.0,15500,123.0,2038,6905,111.0,2937330,-123.0
2021-09-29,인천,88,1.0,15654,154.0,2028,7051,146.0,2937178,-152.0
2021-09-30,인천,88,0.0,15802,148.0,2039,7166,115.0,2937047,-131.0
2021-10-01,인천,88,0.0,15961,159.0,2057,7285,119.0,2936878,-169.0
2021-10-02,인천,88,0.0,16077,116.0,2026,7410,125.0,2936774,-104.0
2021-10-03,인천,88,0.0,16205,128.0,1971,7584,174.0,2936630,-144.0
2021-10-04,인천,89,1.0,16325,120.0,1995,7661,77.0,2936511,-119.0
2021-10-05,인천,90,1.0,16431,106.0,1968,7765,104.0,2936424,-87.0
2021-10-06,인천,90,0.0,16564,133.0,1953,7898,133.0,2936261,-163.0
2021-10-07,인천,91,1.0,16764,200.0,2046,7975,77.0,2936065,-196.0
2021-10-08,인천,91,0.0,16892,128.0,2034,8103,128.0,2935926,-139.0
2021-10-09,인천,91,0.0,17023,131.0,1964,8279,176.0,2935823,-103.0
2021-10-10,인천,91,0.0,17118,95.0,1886,8421,142.0,2935734,-89.0
2021-10-11,인천,91,0.0,17190,72.0,1813,8549,128.0,2935641,-93.0
2021-10-12,인천,92,1.0,17271,81.0,1771,8641,92.0,2935578,-63.0
2021-10-13,인천,94,2.0,17357,86.0,1703,8757,116.0,2935495,-83.0
2021-10-14,인천,96,2.0,17499,142.0,1697,8881,124.0,2935341,-154.0
2021-10-15,인천,96,0.0,17595,96.0,1634,9024,143.0,2935238,-103.0
2021-10-16,인천,98,2.0,17698,103.0,1621,9105,81.0,2935152,-86.0
2021-10-17,인천,99,1.0,17807,109.0,1602,9210,105.0,2935027,-125.0
2021-10-18,인천,99,0.0,17892,85.0,1567,9307,97.0,2934922,-105.0
2021-10-19,인천,99,0.0,17985,93.0,1554,9356,49.0,2934886,-36.0
2021-10-20,인천,99,0.0,18094,109.0,1530,9425,69.0,2934764,-122.0
2021-10-21,인천,100,1.0,18199,105.0,1435,9542,117.0,2934698,-66.0
2021-10-22,인천,102,2.0,18320,121.0,1428,9584,42.0,2934586,-112.0
2021-10-23,인천,103,1.0,18426,106.0,1403,9648,64.0,2934467,-119.0
2021-10-24,인천,104,1.0,18529,103.0,1411,9686,38.0,2934350,-117.0
2021-10-25,인천,104,0.0,18625,96.0,1435,9687,1.0,2934259,-91.0
2021-10-26,인천,105,1.0,18699,74.0,1428,9671,-16.0,2934219,-40.0
2021-10-27,인천,106,1.0,18824,125.0,1467,9666,-5.0,2934093,-126.0
2021-10-28,인천,107,1.0,18961,137.0,1462,9710,44.0,2933951,-142.0
2021-10-29,인천,107,0.0,19093,132.0,1498,9725,15.0,2933806,-145.0
2021-10-30,인천,107,0.0,19216,123.0,1518,9745,20.0,2933695,-111.0
2021-10-31,인천,108,1.0,19373,157.0,1566,9786,41.0,2933515,-180.0
2021-11-01,인천,109,1.0,19500,127.0,1608,9799,13.0,2933394,-121.0
2021-11-02,인천,109,0.0,19613,113.0,1628,9764,-35.0,2933339,-55.0
2021-11-03,인천,109,0.0,19796,183.0,1702,9743,-21.0,2933163,-176.0
2021-11-04,인천,109,0.0,19967,171.0,1768,9751,8.0,2932951,-212.0
2021-11-05,인천,110,1.0,20120,153.0,1800,9787,36.0,2932788,-163.0
2021-11-06,인천,111,1.0,20264,144.0,1838,9804,17.0,2932649,-139.0
2021-11-07,인천,111,0.0,20424,160.0,1895,9836,32.0,2932471,-178.0
2021-11-08,인천,112,1.0,20522,98.0,1897,9866,30.0,2932360,-111.0
2021-11-09,인천,112,0.0,20633,111.0,1934,9838,-28.0,2932283,-77.0
2021-11-10,인천,113,1.0,20792,159.0,1968,9866,28.0,2932128,-155.0
2021-11-11,인천,113,0.0,20979,187.0,2018,9884,18.0,2931966,-162.0
2021-11-12,인천,114,1.0,21099,120.0,2006,9919,35.0,2931819,-147.0
2021-11-13,인천,118,4.0,21265,166.0,2049,9949,30.0,2931648,-171.0
2021-11-14,인천,118,0.0,21421,156.0,2048,10044,95.0,2931466,-182.0
2021-11-15,인천,119,1.0,21523,102.0,2023,10122,78.0,2931347,-119.0
2021-11-16,인천,120,1.0,21654,131.0,2041,10151,29.0,2931249,-98.0
2021-11-17,인천,121,1.0,21813,159.0,2017,10243,92.0,2931101,-148.0
2021-11-18,인천,123,2.0,22008,195.0,2041,10309,66.0,2930912,-189.0
2021-11-19,인천,125,2.0,22196,188.0,2076,10370,61.0,2930722,-190.0
2021-11-20,인천,126,1.0,22400,204.0,2136,10438,68.0,2930501,-221.0
2021-11-21,인천,127,1.0,22606,206.0,2182,10532,94.0,2930277,-224.0
2021-11-22,인천,129,2.0,22767,161.0,2245,10562,30.0,2930118,-159.0
2021-11-23,인천,131,2.0,22898,131.0,2265,10560,-2.0,2930035,-83.0
2021-11-24,인천,132,1.0,23119,221.0,2327,10604,44.0,2929798,-237.0
2021-11-25,인천,136,4.0,23379,260.0,2400,10690,86.0,2929541,-257.0
2021-11-26,인천,137,1.0,23627,248.0,2528,10730,40.0,2929275,-266.0
2021-11-27,인천,139,2.0,23915,288.0,2650,10794,64.0,2929009,-266.0
2021-11-28,인천,141,2.0,24193,278.0,2772,10838,44.0,2928740,-269.0
2021-11-29,인천,143,2.0,24426,233.0,2903,10860,22.0,2928468,-272.0
2021-11-30,인천,148,5.0,24618,192.0,2964,10894,34.0,2928300,-168.0
2021-12-01,인천,151,3.0,24944,326.0,3131,10897,3.0,2928036,-264.0
2021-12-02,인천,154,3.0,25299,355.0,3291,10969,72.0,2927645,-391.0
2021-12-03,인천,155,1.0,25606,307.0,3410,11064,95.0,2927312,-333.0
2021-12-04,인천,161,6.0,25890,284.0,3490,11196,132.0,2926996,-316.0
2021-12-05,인천,163,2.0,26227,337.0,3621,11322,126.0,2926678,-318.0
2021-12-06,인천,164,1.0,26529,302.0,3762,11419,97.0,2926354,-324.0
2021-12-07,인천,166,2.0,26780,251.0,3882,11429,10.0,2926148,-206.0
2021-12-08,인천,168,2.0,27213,433.0,4094,11546,117.0,2925702,-446.0
2021-12-09,인천,173,5.0,27710,497.0,4331,11704,158.0,2925208,-494.0
2021-12-10,인천,176,3.0,28175,465.0,4548,11854,150.0,2924741,-467.0
2021-12-11,인천,177,1.0,28639,464.0,4724,12048,194.0,2924281,-460.0
2021-12-12,인천,181,4.0,29097,458.0,4904,12258,210.0,2923789,-492.0
2021-12-13,인천,186,5.0,29487,390.0,5061,12413,155.0,2923404,-385.0
2021-12-14,인천,192,6.0,29835,348.0,5217,12476,63.0,2923104,-300.0
2021-12-15,인천,195,3.0,30311,476.0,5367,12676,200.0,2922641,-463.0
2021-12-16,인천,201,6.0,30822,511.0,5523,12907,231.0,2922119,-522.0
2021-12-17,인천,205,4.0,31394,572.0,5788,13112,205.0,2921520,-599.0
2021-12-18,인천,210,5.0,31994,600.0,6104,13291,179.0,2920930,-590.0
2021-12-19,인천,213,3.0,32487,493.0,6260,13542,251.0,2920421,-509.0
2021-12-20,인천,218,5.0,32862,375.0,6333,13752,210.0,2920041,-380.0
2021-12-21,인천,222,4.0,33246,384.0,6466,13879,127.0,2919690,-351.0
2021-12-22,인천,224,2.0,33725,479.0,6512,14202,323.0,2919204,-486.0
2021-12-23,인천,230,6.0,34147,422.0,6437,14573,371.0,2918791,-413.0
2021-12-24,인천,234,4.0,34585,438.0,6410,14902,329.0,2918370,-421.0
2021-12-25,인천,238,4.0,34984,399.0,6345,15214,312.0,2917989,-381.0
2021-12-26,인천,241,3.0,35312,328.0,6215,15518,304.0,2917666,-323.0
2021-12-27,인천,249,8.0,35546,234.0,6059,15776,258.0,2917404,-262.0
2021-12-28,인천,250,1.0,35787,241.0,5952,15959,183.0,2917198,-206.0
2021-12-29,인천,257,7.0,36101,314.0,5790,16291,332.0,2916853,-345.0
2021-12-30,인천,260,3.0,36418,317.0,5596,16658,367.0,2916540,-313.0
2021-12-31,인천,265,5.0,36721,303.0,5327,17078,420.0,2916243,-297.0
2022-01-01,인천,266,1.0,36962,241.0,4968,17494,416.0,2916051,-192.0
2022-01-02,인천,268,2.0,37195,233.0,4708,17889,395.0,2915721,-330.0
2022-01-03,인천,274,6.0,37382,187.0,4520,18125,236.0,2915561,-160.0
2022-01-04,인천,279,5.0,37553,171.0,4307,18356,231.0,2915419,-142.0
2022-01-05,인천,281,2.0,37824,271.0,4099,18726,370.0,2915092,-327.0
2022-01-06,인천,287,6.0,38107,283.0,3960,19002,276.0,2914860,-232.0
2022-01-07,인천,293,6.0,38288,181.0,3703,19233,231.0,2914727,-133.0
2022-01-08,인천,299,6.0,38491,203.0,3507,19453,220.0,2914490,-237.0
2022-01-09,인천,302,3.0,38676,185.0,3364,19633,180.0,2914291,-199.0
2022-01-10,인천,304,2.0,38801,125.0,3255,19742,109.0,2914130,-161.0
2022-01-11,인천,308,4.0,38955,154.0,3168,19825,83.0,2914000,-130.0
2022-01-12,인천,312,4.0,39216,261.0,3115,19987,162.0,2913747,-253.0
2022-01-13,인천,315,3.0,39456,240.0,3038,20142,155.0,2913526,-221.0
2022-01-14,인천,317,2.0,39722,266.0,3001,20327,185.0,2913198,-328.0
2022-01-15,인천,322,5.0,39970,248.0,3008,20435,108.0,2912974,-224.0
2022-01-16,인천,324,2.0,40230,260.0,3035,20546,111.0,2912706,-268.0
2022-01-17,인천,324,0.0,40430,200.0,3048,20627,81.0,2912458,-248.0
2022-01-18,인천,326,2.0,40625,195.0,3072,20663,36.0,2912283,-175.0
2022-01-19,인천,327,1.0,41049,424.0,3225,20733,70.0,2911907,-376.0
2022-01-20,인천,327,0.0,41467,418.0,3360,20888,155.0,2911414,-493.0
2022-01-21,인천,328,1.0,41919,452.0,3631,20937,49.0,2910984,-430.0
2022-01-22,인천,329,1.0,42489,570.0,3998,21044,107.0,2910388,-596.0
2022-01-23,인천,329,0.0,43098,609.0,4422,21157,113.0,2909742,-646.0
2022-01-24,인천,329,0.0,43680,582.0,4879,21201,44.0,2909143,-599.0
2022-01-25,인천,331,2.0,44350,670.0,5395,21267,66.0,2908484,-659.0
2022-01-26,인천,334,3.0,45229,879.0,6013,21383,116.0,2907654,-830.0
2022-01-27,인천,335,1.0,46258,1029.0,6802,21526,143.0,2906596,-1058.0
2022-01-28,인천,335,0.0,47499,1241.0,7777,21689,163.0,2905360,-1236.0
2022-01-29,인천,335,0.0,49114,1615.0,9144,21828,139.0,2903766,-1594.0
2022-01-30,인천,336,1.0,50430,1316.0,10200,22002,174.0,2902422,-1344.0
2022-01-31,인천,338,2.0,51656,1226.0,11226,22107,105.0,2901148,-1274.0
2022-02-01,인천,338,0.0,53037,1381.0,12412,22193,86.0,2899781,-1367.0
2022-02-02,인천,339,1.0,54437,1400.0,13388,22511,318.0,2898410,-1371.0
2022-02-03,인천,339,0.0,55971,1534.0,14504,22808,297.0,2896904,-1506.0
2022-02-04,인천,341,2.0,57754,1783.0,15835,23152,344.0,2895102,-1802.0
2022-02-05,인천,342,1.0,60254,2500.0,17765,23618,466.0,2892617,-2485.0
2022-02-06,인천,342,0.0,62492,2238.0,19394,24131,513.0,2890377,-2240.0
2022-02-07,인천,342,0.0,64867,2375.0,21187,24639,508.0,2887944,-2433.0
2022-02-08,인천,342,0.0,67849,2982.0,23499,25184,545.0,2885018,-2926.0
2022-02-09,인천,344,2.0,71780,3931.0,26551,25924,740.0,2881077,-3941.0
2022-02-10,인천,345,1.0,75776,3996.0,29518,26820,896.0,2877098,-3979.0
2022-02-11,인천,350,5.0,79521,3745.0,32022,27933,1113.0,2873348,-3750.0
2022-02-12,인천,354,4.0,84589,5068.0,35475,29387,1454.0,2868345,-5003.0
2022-02-13,인천,355,1.0,89064,4475.0,38634,30575,1188.0,2863853,-4492.0
2022-02-14,인천,355,0.0,92642,3578.0,40986,31688,1113.0,2860226,-3627.0
2022-02-15,인천,363,8.0,97547,4905.0,44510,32878,1190.0,2855384,-4842.0
2022-02-16,인천,364,1.0,103367,5820.0,48930,34106,1228.0,2849538,-5846.0
2022-02-17,인천,366,2.0,110600,7233.0,54629,35485,1379.0,2842300,-7238.0
2022-02-18,인천,372,6.0,117944,7344.0,60190,37118,1633.0,2834963,-7337.0
2022-02-19,인천,377,5.0,125758,7814.0,65504,39453,2335.0,2827175,-7788.0
2022-02-20,인천,384,7.0,134948,9190.0,72456,41586,2133.0,2817921,-9254.0
2022-02-21,인천,386,2.0,142312,7364.0,77445,43848,2262.0,2810525,-7396.0
2022-02-22,인천,389,3.0,150084,7772.0,82235,46668,2820.0,2802799,-7726.0
2022-02-23,인천,397,8.0,161146,11062.0,89366,50404,3736.0,2791779,-11020.0
2022-02-24,인천,399,2.0,175009,13863.0,99233,54278,3874.0,2777870,-13909.0
2022-02-25,인천,410,11.0,187855,12846.0,108334,57846,3568.0,2765048,-12822.0
2022-02-26,인천,421,11.0,199968,12113.0,115379,62747,4901.0,2752915,-12133.0
2022-02-27,인천,423,2.0,211101,11133.0,122037,67118,4371.0,2741760,-11155.0
2022-02-28,인천,434,11.0,221842,10741.0,129200,70554,3436.0,2731031,-10729.0
2022-03-01,인천,442,8.0,230798,8956.0,133251,75292,4738.0,2722044,-8987.0
2022-03-02,인천,448,6.0,242903,12105.0,139536,80911,5619.0,2710008,-12036.0
2022-03-03,인천,455,7.0,258867,15964.0,148267,87949,7038.0,2694067,-15941.0
2022-03-04,인천,471,16.0,275547,16680.0,157603,95073,7124.0,2677424,-16643.0
2022-03-05,인천,489,18.0,294385,18838.0,168627,102663,7590.0,2658580,-18844.0
2022-03-06,인천,511,22.0,309244,14859.0,174296,111670,9007.0,2643692,-14888.0
2022-03-07,인천,522,11.0,324568,15324.0,182256,118892,7222.0,2628281,-15411.0
2022-03-08,인천,538,16.0,337172,12604.0,187088,126427,7535.0,2615784,-12497.0
2022-03-09,인천,553,15.0,356000,18828.0,194854,137214,10787.0,2596997,-18787.0
2022-03-10,인천,577,24.0,377975,21975.0,202966,150805,13591.0,2575014,-21983.0
2022-03-11,인천,595,18.0,395433,17458.0,207578,163345,12540.0,2557600,-17414.0
2022-03-12,인천,619,24.0,419170,23737.0,219202,175156,11811.0,2533879,-23721.0
2022-03-13,인천,639,20.0,439407,20237.0,228306,186036,10880.0,2513587,-20292.0
2022-03-14,인천,648,9.0,457646,18239.0,235804,196576,10540.0,2495256,-18331.0
2022-03-15,인천,658,10.0,478090,20444.0,247292,205196,8620.0,2474949,-20307.0
2022-03-16,인천,666,8.0,506552,28462.0,263649,216938,11742.0,2446518,-28431.0
2022-03-17,인천,714,48.0,539517,32965.0,280650,232547,15609.0,2413527,-32991.0
2022-03-18,인천,740,26.0,565315,25798.0,289768,248917,16370.0,2387703,-25824.0
2022-03-19,인천,762,22.0,586143,20828.0,291758,267396,18479.0,2366947,-20756.0
2022-03-20,인천,789,27.0,605292,19149.0,296048,281926,14530.0,2347757,-19190.0
2022-03-21,인천,813,24.0,617378,12086.0,292810,296975,15049.0,2335588,-12169.0
2022-03-22,인천,838,25.0,634945,17567.0,297773,309121,12146.0,2318217,-17371.0
2022-03-23,인천,852,14.0,659886,24941.0,303886,327438,18317.0,2293324,-24893.0
2022-03-24,인천,871,19.0,684576,24690.0,306601,348929,21491.0,2268592,-24732.0
2022-03-25,인천,903,32.0,706346,21770.0,310913,365891,16962.0,2246805,-21787.0
2022-03-26,인천,933,30.0,723129,16783.0,303959,389140,23249.0,2230014,-16791.0
2022-03-27,인천,954,21.0,744699,21570.0,305292,408966,19826.0,2208398,-21616.0
2022-03-28,인천,972,18.0,756426,11727.0,298780,426839,17873.0,2196596,-11802.0
2022-03-29,인천,982,10.0,775252,18826.0,297162,446797,19958.0,2177919,-18677.0
2022-03-30,인천,1001,19.0,798508,23256.0,291956,474729,27932.0,2154698,-23221.0
2022-03-31,인천,1017,16.0,816626,18118.0,277109,507106,32377.0,2136633,-18065.0
2022-04-01,인천,1048,31.0,831419,14793.0,266104,532273,25167.0,2121836,-14797.0
2022-04-02,인천,1069,21.0,845699,14280.0,259556,552587,20314.0,2107535,-14301.0
2022-04-03,인천,1085,16.0,859094,13395.0,253802,571345,18758.0,2093981,-13554.0
2022-04-04,인천,1094,9.0,864639,5545.0,247261,583038,11693.0,2088431,-5550.0
2022-04-05,인천,1103,9.0,879987,15348.0,245042,600117,17079.0,2073222,-15209.0
2022-04-06,인천,1122,19.0,894831,14844.0,234945,624617,24500.0,2058284,-14938.0
2022-04-07,인천,1134,12.0,906099,11268.0,221523,648857,24240.0,2046971,-11313.0
2022-04-08,인천,1142,8.0,916658,10559.0,210312,670220,21363.0,2036401,-10570.0
2022-04-09,인천,1155,13.0,926416,9758.0,203287,686662,16442.0,2026603,-9798.0
2022-04-10,인천,1171,16.0,935010,8594.0,190311,707982,21320.0,2017938,-8665.0
2022-04-11,인천,1179,8.0,939395,4385.0,182969,719460,11478.0,2013527,-4411.0
2022-04-12,인천,1186,7.0,951039,11644.0,175787,737965,18505.0,2001962,-11565.0
2022-04-13,인천,1194,8.0,960706,9667.0,162198,760896,22931.0,1992288,-9674.0
2022-04-14,인천,1213,19.0,968335,7629.0,151709,778692,17796.0,1984689,-7599.0
2022-04-15,인천,1226,13.0,975023,6688.0,143604,793231,14539.0,1977924,-6765.0
2022-04-16,인천,1238,12.0,980629,5606.0,134930,807266,14035.0,1972321,-5603.0
2022-04-17,인천,1244,6.0,985503,4874.0,126409,820468,13202.0,1967417,-4904.0
2022-04-18,인천,1253,9.0,987990,2487.0,123351,825833,5365.0,1964885,-2532.0
2022-04-19,인천,1259,6.0,994658,6668.0,114671,840904,15071.0,1958251,-6634.0
2022-04-20,인천,1267,8.0,1000093,5435.0,105262,855457,14553.0,1952901,-5350.0
2022-04-21,인천,1271,4.0,1004759,4666.0,98660,866540,11083.0,1948129,-4772.0
2022-04-22,인천,1285,14.0,1008857,4098.0,92199,876882,10342.0,1944089,-4040.0
2022-04-23,인천,1300,15.0,1012531,3674.0,86115,886440,9558.0,1940421,-3668.0
2022-04-24,인천,1306,6.0,1015850,3319.0,80840,894903,8463.0,1937033,-3388.0
2022-04-25,인천,1312,6.0,1017506,1656.0,78111,899128,4225.0,1935399,-1634.0
2022-04-26,인천,1313,1.0,1021782,4276.0,70743,910510,11382.0,1931173,-4226.0
2022-04-27,인천,1316,3.0,1025404,3622.0,64698,919934,9424.0,1927578,-3595.0
2022-04-28,인천,1320,4.0,1028249,2845.0,59914,927293,7359.0,1924753,-2825.0
2022-04-29,인천,1329,9.0,1030503,2254.0,55480,933724,6431.0,1922475,-2278.0
2022-04-30,인천,1333,4.0,1032462,1959.0,51833,939066,5342.0,1920551,-1924.0
2022-05-01,인천,1338,5.0,1034222,1760.0,48719,943735,4669.0,1918722,-1829.0
2022-05-02,인천,1344,6.0,1035133,911.0,47143,946021,2286.0,1917792,-930.0
2022-05-03,인천,1346,2.0,1037739,2606.0,43081,952263,6242.0,1915418,-2374.0
2022-05-04,인천,1347,1.0,1039906,2167.0,39813,957279,5016.0,1913230,-2188.0
2022-05-05,인천,1351,4.0,1041920,2014.0,37161,961489,4210.0,1911263,-1967.0
2022-05-06,인천,1352,1.0,1043084,1164.0,34227,965016,3527.0,1910221,-1042.0
2022-05-07,인천,1355,3.0,1045104,2020.0,32573,968078,3062.0,1908248,-1973.0
2022-05-08,인천,1357,2.0,1046812,1708.0,30962,970813,2735.0,1906535,-1713.0
2022-05-09,인천,1359,2.0,1047734,922.0,30228,971797,984.0,1905650,-885.0
2022-05-10,인천,1361,2.0,1050289,2555.0,28507,975192,3395.0,1903290,-2360.0
2022-05-11,인천,1361,0.0,1052463,2174.0,27059,977785,2593.0,1901272,-2018.0
2022-05-12,인천,1364,3.0,1054147,1684.0,25898,979386,1601.0,1899805,-1467.0
2022-05-13,인천,1365,1.0,1055660,1513.0,25157,980024,638.0,1898633,-1172.0
2022-05-14,인천,1367,2.0,1057073,1413.0,24611,980665,641.0,1896954,-1679.0
2022-05-15,인천,1368,1.0,1058231,1158.0,24009,981198,533.0,1895721,-1233.0
2022-05-16,인천,1372,4.0,1058838,607.0,23705,980724,-474.0,1895191,-530.0
2022-05-17,인천,1374,2.0,1060562,1724.0,22823,981928,1204.0,1893505,-1686.0
2022-05-18,인천,1376,2.0,1061957,1395.0,22051,982559,631.0,1892261,-1244.0
2022-05-19,인천,1376,0.0,1063293,1336.0,21373,982790,231.0,1891179,-1082.0
2022-05-20,인천,1381,5.0,1064440,1147.0,21356,981449,-1341.0,1890734,-445.0
2022-05-21,인천,1383,2.0,1065504,1064.0,20400,981229,-220.0,1889468,-1266.0
2022-05-22,인천,1385,2.0,1066303,799.0,19491,980560,-669.0,1888798,-670.0
2022-05-23,인천,1386,1.0,1066695,392.0,18961,978499,-2061.0,1888964,166.0
2022-05-24,인천,1387,1.0,1067749,1054.0,17460,977122,-1377.0,1888826,-138.0
2022-05-25,인천,1387,0.0,1068746,997.0,16283,975300,-1822.0,1887967,-859.0
2022-05-26,인천,1387,0.0,1069501,755.0,15354,973239,-2061.0,1886906,-1061.0
2022-05-27,인천,1388,1.0,1070091,590.0,14431,969683,-3556.0,1887649,743.0
2022-05-28,인천,1389,1.0,1070728,637.0,13655,966620,-3063.0,1886482,-1167.0
2022-05-29,인천,1389,0.0,1071160,432.0,12929,964200,-2420.0,1885115,-1367.0
2022-05-30,인천,1389,0.0,1071436,276.0,12598,959902,-4298.0,1886141,1026.0
2022-05-31,인천,1389,0.0,1072110,674.0,11548,955806,-4096.0,1886348,207.0
2022-06-01,인천,1392,3.0,1072644,534.0,10687,949965,-5841.0,1887233,885.0
2022-06-02,인천,1392,0.0,1073025,381.0,9732,943957,-6008.0,1886938,-295.0
2022-06-03,인천,1392,0.0,1073470,445.0,9030,937290,-6667.0,1886959,21.0
2022-06-04,인천,1393,1.0,1074002,532.0,8498,929163,-8127.0,1887844,885.0
2022-06-05,인천,1394,1.0,1074417,415.0,8114,922597,-6566.0,1885644,-2200.0
2022-06-06,인천,1394,0.0,1074614,197.0,7919,915217,-7380.0,1885760,116.0
2022-06-07,인천,1394,0.0,1074863,249.0,7114,905209,-10008.0,1888763,3003.0
2022-06-08,인천,1396,2.0,1075395,532.0,6649,892341,-12868.0,1891035,2272.0
2022-06-09,인천,1396,0.0,1075806,411.0,6305,880250,-12091.0,1889573,-1462.0
2022-06-10,인천,1396,0.0,1076197,391.0,6106,868727,-11523.0,1888453,-1120.0
2022-06-11,인천,1396,0.0,1076537,340.0,5809,858231,-10496.0,1887182,-1271.0
2022-06-12,인천,1398,2.0,1076815,278.0,5655,847920,-10311.0,1886564,-618.0
2022-06-13,인천,1400,2.0,1076938,123.0,5502,839238,-8682.0,1884521,-2043.0
2022-06-14,인천,1400,0.0,1077530,592.0,5420,827807,-11431.0,1887051,2530.0
2022-06-15,인천,1401,1.0,1077931,401.0,5287,812376,-15431.0,1890517,3466.0
2022-06-16,인천,1402,1.0,1078267,336.0,5242,796076,-16300.0,1890942,425.0
2022-06-17,인천,1403,1.0,1078555,288.0,5085,777682,-18394.0,1892763,1821.0
2022-06-18,인천,1404,1.0,1078815,260.0,4813,763354,-14328.0,1888554,-4209.0
2022-06-19,인천,1405,1.0,1079093,278.0,4676,748444,-14910.0,1888795,241.0
2022-06-20,인천,1405,0.0,1079315,222.0,4701,736037,-12407.0,1885670,-3125.0
2022-06-21,인천,1405,0.0,1079793,478.0,4930,717458,-18579.0,1891363,5693.0
2022-06-22,인천,1405,0.0,1080196,403.0,4801,696015,-21443.0,1894134,2771.0
2022-06-23,인천,1406,1.0,1080566,370.0,4760,678967,-17048.0,1889235,-4899.0
2022-06-24,인천,1406,0.0,1080931,365.0,4734,655621,-23346.0,1895157,5922.0
2022-06-25,인천,1406,0.0,1081264,333.0,4727,635724,-19897.0,1891401,-3756.0
2022-06-26,인천,1406,0.0,1081636,372.0,4821,617763,-17961.0,1889076,-2325.0
2022-06-27,인천,1406,0.0,1081842,206.0,4904,597442,-20321.0,1890955,1879.0
2022-06-28,인천,1406,0.0,1082342,500.0,4812,569572,-27870.0,1898429,7474.0
2022-06-29,인천,1407,1.0,1082954,612.0,5023,537007,-32565.0,1902262,3833.0
2022-06-30,인천,1407,0.0,1083459,505.0,5192,511545,-25462.0,1894547,-7715.0
2022-07-01,인천,1407,0.0,1083934,475.0,5379,491005,-20540.0,1889219,-5328.0
2022-07-02,인천,1407,0.0,1084459,525.0,5644,472116,-18889.0,1887138,-2081.0
2022-07-03,인천,1407,0.0,1085025,566.0,5932,460308,-11808.0,1879507,-7631.0
2022-07-04,인천,1407,0.0,1085373,348.0,6058,442963,-17345.0,1884545,5038.0
2022-07-05,인천,1407,0.0,1086354,981.0,6561,418500,-24463.0,1890985,6440.0
2022-07-06,인천,1407,0.0,1087425,1071.0,7229,394213,-24287.0,1889654,-1331.0
2022-07-07,인천,1408,1.0,1088406,981.0,7840,372812,-21401.0,1885796,-3858.0
2022-07-08,인천,1409,1.0,1089384,978.0,8453,356393,-16419.0,1879897,-5899.0
2022-07-09,인천,1409,0.0,1090448,1064.0,9184,335156,-21237.0,1883711,3814.0
2022-07-10,인천,1409,0.0,1091379,931.0,9743,323801,-11355.0,1872938,-10773.0
2022-07-11,인천,1409,0.0,1092017,638.0,10175,305181,-18620.0,1879327,6389.0
2022-07-12,인천,1409,0.0,1093934,1917.0,11592,282425,-22756.0,1881836,2509.0
2022-07-13,인천,1409,0.0,1096026,2092.0,13072,264919,-17506.0,1874609,-7227.0
2022-07-14,인천,1409,0.0,1097991,1965.0,14532,250631,-14288.0,1869387,-5222.0
2022-07-15,인천,1410,1.0,1100085,2094.0,16151,236825,-13806.0,1866789,-2598.0
2022-07-16,인천,1411,1.0,1102212,2127.0,17753,223954,-12871.0,1863829,-2960.0
2022-07-17,인천,1411,0.0,1104315,2103.0,19290,218975,-4979.0,1853889,-9940.0
2022-07-18,인천,1412,1.0,1106259,1944.0,20886,203974,-15001.0,1861651,7762.0
2022-07-19,인천,1413,1.0,1110491,4232.0,24137,190110,-13864.0,1856901,-4750.0
2022-07-20,인천,1414,1.0,1114902,4411.0,27477,179912,-10198.0,1849020,-7881.0
2022-07-21,인천,1414,0.0,1118802,3900.0,30396,170334,-9578.0,1844379,-4641.0
2022-07-22,인천,1414,0.0,1122504,3702.0,33120,161554,-8780.0,1839893,-4486.0
2022-07-23,인천,1415,1.0,1126260,3756.0,35812,154023,-7531.0,1835042,-4851.0
2022-07-24,인천,1415,0.0,1129750,3490.0,38371,150569,-3454.0,1827314,-7728.0
2022-07-25,인천,1416,1.0,1131698,1948.0,39681,139562,-11007.0,1832523,5209.0
2022-07-26,인천,1416,0.0,1137061,5363.0,43127,131812,-7750.0,1825202,-7321.0
2022-07-27,인천,1416,0.0,1142324,5263.0,46298,126275,-5537.0,1817874,-7328.0
2022-07-28,인천,1416,0.0,1147162,4838.0,49171,121552,-4723.0,1812108,-5766.0
2022-07-29,인천,1418,2.0,1151538,4376.0,51453,118038,-3514.0,1806643,-5465.0
2022-07-30,인천,1421,3.0,1155639,4101.0,53427,115288,-2750.0,1801869,-4774.0
2022-07-31,인천,1421,0.0,1159590,3951.0,55275,114904,-384.0,1795535,-6334.0
2022-08-01,인천,1423,2.0,1162049,2459.0,55790,110178,-4726.0,1797032,1497.0
2022-08-02,인천,1423,0.0,1167765,5716.0,57274,108975,-1203.0,1790090,-6942.0
2022-08-03,인천,1424,1.0,1174028,6263.0,59126,108719,-256.0,1783021,-7069.0
2022-08-04,인천,1424,0.0,1179566,5538.0,60764,108521,-198.0,1776800,-6221.0
2022-08-05,인천,1424,0.0,1185469,5903.0,62965,108549,28.0,1770432,-6368.0
2022-08-06,인천,1426,2.0,1191061,5592.0,64801,108984,435.0,1764513,-5919.0
2022-08-07,인천,1427,1.0,1196686,5625.0,66936,110817,1833.0,1757137,-7376.0
2022-08-08,인천,1429,2.0,1199478,2792.0,67780,108487,-2330.0,1756756,-381.0
2022-08-09,인천,1429,0.0,1207246,7768.0,70185,110228,1741.0,1748186,-8570.0
2022-08-10,인천,1429,0.0,1214957,7711.0,72633,112646,2418.0,1739483,-8703.0
2022-08-11,인천,1432,3.0,1221646,6689.0,74484,115227,2581.0,1731831,-7652.0
2022-08-12,인천,1432,0.0,1228654,7008.0,77116,117644,2417.0,1724826,-7005.0
2022-08-13,인천,1436,4.0,1234754,6100.0,79115,119981,2337.0,1718618,-6208.0
2022-08-14,인천,1439,3.0,1240825,6071.0,81235,123018,3037.0,1711540,-7078.0
2022-08-15,인천,1444,5.0,1243807,2982.0,81758,122866,-152.0,1710236,-1304.0
2022-08-16,인천,1446,2.0,1248015,4208.0,80250,126413,3547.0,1705455,-4781.0
2022-08-17,인천,1446,0.0,1257121,9106.0,83093,130662,4249.0,1695949,-9506.0
2022-08-18,인천,1449,3.0,1266337,9216.0,86771,135033,4371.0,1685161,-10788.0
2022-08-19,인천,1453,4.0,1273081,6744.0,87612,138912,3879.0,1679538,-5623.0
2022-08-20,인천,1454,1.0,1279332,6251.0,88271,142795,3883.0,1672838,-6700.0
2022-08-21,인천,1455,1.0,1284760,5428.0,88074,147497,4702.0,1666018,-6820.0
2022-08-22,인천,1460,5.0,1287874,3114.0,88396,147729,232.0,1663588,-2430.0
2022-08-23,인천,1462,2.0,1295992,8118.0,88746,153321,5592.0,1655025,-8563.0
2022-08-24,인천,1464,2.0,1303036,7044.0,88079,159346,6025.0,1647742,-7283.0
2022-08-25,인천,1468,4.0,1308817,5781.0,87171,164518,5172.0,1640466,-7276.0
2022-08-26,인천,1471,3.0,1314240,5423.0,85586,170110,5592.0,1635536,-4930.0
2022-08-27,인천,1474,3.0,1319055,4815.0,84301,175049,4939.0,1631364,-4172.0
2022-08-28,인천,1475,1.0,1323390,4335.0,82565,180512,5463.0,1625151,-6213.0
2022-08-29,인천,1477,2.0,1325977,2587.0,82170,181768,1256.0,1622766,-2385.0
2022-08-30,인천,1479,2.0,1332407,6430.0,84392,184579,2811.0,1614591,-8175.0
2022-08-31,인천,1481,2.0,1337705,5298.0,80584,192347,7768.0,1609126,-5465.0
2022-09-01,인천,1482,1.0,1342166,4461.0,75829,200415,8068.0,1604006,-5120.0
2022-09-02,인천,1484,2.0,1347343,5177.0,74262,206093,5678.0,1597369,-6637.0
2022-09-03,인천,1484,0.0,1351830,4487.0,72498,211545,5452.0,1594443,-2926.0
2022-09-04,인천,1486,2.0,1355808,3978.0,71048,216579,5034.0,1589651,-4792.0
2022-09-05,인천,1488,2.0,1358186,2378.0,70312,218637,2058.0,1584645,-5006.0
2022-09-06,인천,1489,1.0,1364149,5963.0,68157,225757,7120.0,1575822,-8823.0
2022-09-07,인천,1489,0.0,1368943,4794.0,65907,232046,6289.0,1571805,-4017.0
2022-09-08,인천,1491,2.0,1373189,4246.0,64372,237235,5189.0,1568127,-3678.0
2022-09-09,인천,1493,2.0,1377294,4105.0,63054,242019,4784.0,1565049,-3078.0
2022-09-10,인천,1496,3.0,1379595,2301.0,60540,246399,4380.0,1562933,-2116.0
2022-09-11,인천,1497,1.0,1381271,1676.0,57881,250457,4058.0,1562886,-47.0
2022-09-12,인천,1499,2.0,1383494,2223.0,57517,252368,1911.0,1557914,-4972.0
2022-09-13,인천,1501,2.0,1386901,3407.0,54494,258262,5894.0,1550507,-7407.0
2022-09-14,인천,1502,1.0,1392441,5540.0,54736,263178,4916.0,1544098,-6409.0
2022-09-15,인천,1506,4.0,1396709,4268.0,54543,267190,4012.0,1537736,-6362.0
2022-09-16,인천,1508,2.0,1399833,3124.0,52490,271833,4643.0,1538678,942.0
2022-09-17,인천,1510,2.0,1402430,2597.0,50600,275903,4070.0,1535499,-3179.0
2022-09-18,인천,1514,4.0,1404516,2086.0,48708,279680,3777.0,1535916,417.0
2022-09-19,인천,1515,1.0,1405904,1388.0,47718,281808,2128.0,1528356,-7560.0
2022-09-20,인천,1518,3.0,1408985,3081.0,44836,287236,5428.0,1522411,-5945.0
2022-09-21,인천,1519,1.0,1411461,2476.0,42518,291618,4382.0,1524330,1919.0
2022-09-22,인천,1519,0.0,1413525,2064.0,40336,295473,3855.0,1515968,-8362.0
2022-09-23,인천,1521,2.0,1415296,1771.0,38002,299236,3763.0,1517646,1678.0
2022-09-24,인천,1524,3.0,1417074,1778.0,37479,301256,2020.0,1517804,158.0
2022-09-25,인천,1527,3.0,1418787,1713.0,37516,302806,1550.0,1513731,-4073.0
2022-09-26,인천,1528,1.0,1419721,934.0,36227,304436,1630.0,1505248,-8483.0
2022-09-27,인천,1528,0.0,1422196,2475.0,35295,307442,3006.0,1498078,-7170.0
2022-09-28,인천,1529,1.0,1424273,2077.0,31832,312645,5203.0,1503104,5026.0
2022-09-29,인천,1531,2.0,1426134,1861.0,29425,316623,3978.0,1506165,3061.0
2022-09-30,인천,1535,4.0,1427879,1745.0,28046,319483,2860.0,1506071,-94.0
2022-10-01,인천,1535,0.0,1429434,1555.0,27004,321802,2319.0,1511597,5526.0
2022-10-02,인천,1536,1.0,1430777,1343.0,26261,323665,1863.0,1504717,-6880.0
2022-10-03,인천,1537,1.0,1431562,785.0,25658,324574,909.0,1496814,-7903.0
2022-10-04,인천,1540,3.0,1432450,888.0,23465,327249,2675.0,1496102,-712.0
2022-10-05,인천,1540,0.0,1434540,2090.0,23079,329355,2106.0,1496898,796.0
2022-10-06,인천,1541,1.0,1436130,1590.0,22605,331053,1698.0,1500290,3392.0
2022-10-07,인천,1545,4.0,1437430,1300.0,22134,332487,1434.0,1494172,-6118.0
2022-10-08,인천,1545,0.0,1438488,1058.0,21414,333893,1406.0,1502996,8824.0
2022-10-09,인천,1545,0.0,1439470,982.0,20683,335400,1507.0,1494749,-8247.0
2022-10-10,인천,1547,2.0,1440040,570.0,20319,335832,432.0,1490043,-4706.0
2022-10-11,인천,1548,1.0,1440981,941.0,18785,337694,1862.0,1494352,4309.0
2022-10-12,인천,1548,0.0,1442851,1870.0,18578,339266,1572.0,1495700,1348.0
2022-10-13,인천,1549,1.0,1444508,1657.0,18374,340651,1385.0,1494525,-1175.0
2022-10-14,인천,1550,1.0,1445918,1410.0,18039,341870,1219.0,1494050,-475.0
2022-10-15,인천,1550,0.0,1447312,1394.0,17878,342859,989.0,1500548,6498.0
2022-10-16,인천,1550,0.0,1448599,1287.0,17822,343854,995.0,1489239,-11309.0
2022-10-17,인천,1552,2.0,1449317,718.0,17755,343656,-198.0,1489658,419.0
2022-10-18,인천,1552,0.0,1451484,2167.0,19034,343473,-183.0,1491157,1499.0
2022-10-19,인천,1552,0.0,1453297,1813.0,18757,344582,1109.0,1489964,-1193.0
2022-10-20,인천,1553,1.0,1454840,1543.0,18710,345193,611.0,1489219,-745.0
2022-10-21,인천,1555,2.0,1456437,1597.0,19007,345427,234.0,1488871,-348.0
2022-10-22,인천,1555,0.0,1458130,1693.0,19642,345554,127.0,1491255,2384.0
2022-10-23,인천,1557,2.0,1459790,1660.0,20320,345896,342.0,1482042,-9213.0
2022-10-24,인천,1558,1.0,1460727,937.0,20687,344548,-1348.0,1484362,2320.0
2022-10-25,인천,1559,1.0,1463367,2640.0,22386,343396,-1152.0,1483935,-427.0
2022-10-26,인천,1561,2.0,1465901,2534.0,23050,343299,-97.0,1482215,-1720.0
2022-10-27,인천,1562,1.0,1468117,2216.0,23609,342861,-438.0,1481208,-1007.0
2022-10-28,인천,1562,0.0,1470431,2314.0,24513,342144,-717.0,1479658,-1550.0
2022-10-29,인천,1564,2.0,1472754,2323.0,25442,341433,-711.0,1479701,43.0
2022-10-30,인천,1564,0.0,1474963,2209.0,26364,340776,-657.0,1473150,-6551.0
2022-10-31,인천,1564,0.0,1476151,1188.0,26834,337262,-3514.0,1475485,2335.0
2022-11-01,인천,1566,2.0,1479896,3745.0,28412,335016,-2246.0,1472687,-2798.0
2022-11-02,인천,1569,3.0,1483200,3304.0,29903,332926,-2090.0,1469441,-3246.0
2022-11-03,인천,1569,0.0,1486072,2872.0,31232,330767,-2159.0,1466795,-2646.0
2022-11-04,인천,1569,0.0,1488704,2632.0,32267,328608,-2159.0,1464570,-2225.0
2022-11-05,인천,1570,1.0,1491109,2405.0,32979,326810,-1798.0,1463563,-1007.0
2022-11-06,인천,1571,1.0,1493171,2062.0,33381,326521,-289.0,1457338,-6225.0
2022-11-07,인천,1571,0.0,1494343,1172.0,33616,322095,-4426.0,1460237,2899.0
2022-11-08,인천,1571,0.0,1498244,3901.0,34877,319472,-2623.0,1457013,-3224.0
2022-11-09,인천,1574,3.0,1502106,3862.0,36205,317165,-2307.0,1453314,-3699.0
2022-11-10,인천,1578,4.0,1505360,3254.0,37243,315001,-2164.0,1449896,-3418.0
2022-11-11,인천,1580,2.0,1508963,3603.0,38532,313212,-1789.0,1446213,-3683.0
2022-11-12,인천,1581,1.0,1512189,3226.0,39435,311583,-1629.0,1443687,-2526.0
2022-11-13,인천,1584,3.0,1515038,2849.0,40075,311330,-253.0,1437649,-6038.0
2022-11-14,인천,1585,1.0,1516445,1407.0,40294,306801,-4529.0,1439941,2292.0
2022-11-15,인천,1587,2.0,1520898,4453.0,41002,304281,-2520.0,1436190,-3751.0
2022-11-16,인천,1590,3.0,1524725,3827.0,41525,302044,-2237.0,1432485,-3705.0
2022-11-17,인천,1593,3.0,1528040,3315.0,41968,299010,-3034.0,1428678,-3807.0
2022-11-18,인천,1596,3.0,1530908,2868.0,42204,296047,-2963.0,1425814,-2864.0
2022-11-19,인천,1603,7.0,1533770,2862.0,42661,292820,-3227.0,1423771,-2043.0
2022-11-20,인천,1607,4.0,1536562,2792.0,43391,292086,-734.0,1416509,-7262.0
2022-11-21,인천,1608,1.0,1537983,1421.0,43640,285489,-6597.0,1420448,3939.0
2022-11-22,인천,1608,0.0,1542504,4521.0,44260,281679,-3810.0,1416360,-4088.0
2022-11-23,인천,1615,7.0,1546416,3912.0,44310,278845,-2834.0,1411595,-4765.0
2022-11-24,인천,1619,4.0,1549974,3558.0,44614,275087,-3758.0,1408457,-3138.0
2022-11-25,인천,1620,1.0,1553074,3100.0,44111,272589,-2498.0,1404704,-3753.0
2022-11-26,인천,1622,2.0,1556201,3127.0,44012,269742,-2847.0,1402101,-2603.0
2022-11-27,인천,1629,7.0,1558817,2616.0,43779,269602,-140.0,1395278,-6823.0
2022-11-28,인천,1629,0.0,1560231,1414.0,43786,266801,-2801.0,1395419,141.0
2022-11-29,인천,1635,6.0,1564400,4169.0,43502,262142,-4659.0,1396207,788.0
2022-11-30,인천,1638,3.0,1568341,3941.0,43616,256750,-5392.0,1392566,-3641.0
2022-12-01,인천,1644,6.0,1571718,3377.0,43678,253315,-3435.0,1386799,-5767.0
2022-12-02,인천,1647,3.0,1574807,3089.0,43899,249929,-3386.0,1383484,-3315.0
2022-12-03,인천,1649,2.0,1577901,3094.0,44131,247361,-2568.0,1379972,-3512.0
2022-12-04,인천,1656,7.0,1580609,2708.0,44047,247032,-329.0,1374288,-5684.0
2022-12-05,인천,1658,2.0,1582016,1407.0,44033,240333,-6699.0,1377943,3655.0
2022-12-06,인천,1658,0.0,1586533,4517.0,44029,237810,-2523.0,1372595,-5348.0
2022-12-07,인천,1663,5.0,1590893,4360.0,44477,235936,-1874.0,1367135,-5460.0
2022-12-08,인천,1665,2.0,1594735,3842.0,44761,234069,-1867.0,1362888,-4247.0
2022-12-09,인천,1670,5.0,1598340,3605.0,45266,232349,-1720.0,1358879,-4009.0
2022-12-10,인천,1673,3.0,1602245,3905.0,46044,231138,-1211.0,1354652,-4227.0
2022-12-11,인천,1677,4.0,1605638,3393.0,46821,231163,25.0,1349112,-5540.0
2022-12-12,인천,1679,2.0,1607181,1543.0,46950,226145,-5018.0,1351552,2440.0
2022-12-13,인천,1681,2.0,1612688,5507.0,48288,225014,-1131.0,1345067,-6485.0
2022-12-14,인천,1685,4.0,1617753,5065.0,49412,224490,-524.0,1339098,-5969.0
2022-12-15,인천,1686,1.0,1621948,4195.0,50230,222689,-1801.0,1335534,-3564.0
2022-12-16,인천,1691,5.0,1626062,4114.0,51255,221286,-1403.0,1330847,-4687.0
2022-12-17,인천,1693,2.0,1630099,4037.0,52198,220400,-886.0,1326517,-4330.0
2022-12-18,인천,1693,0.0,1633635,3536.0,53026,220730,330.0,1321332,-5185.0
2022-12-19,인천,1694,1.0,1635185,1550.0,53169,216173,-4557.0,1323082,1750.0
2022-12-20,인천,1699,5.0,1640807,5622.0,54274,215891,-282.0,1316414,-6668.0
2022-12-21,인천,1708,9.0,1646104,5297.0,55211,215996,105.0,1310590,-5824.0
2022-12-22,인천,1714,6.0,1650316,4212.0,55581,215727,-269.0,1306286,-4304.0
2022-12-23,인천,1720,6.0,1654634,4318.0,56294,217025,1298.0,1300225,-6061.0
2022-12-24,인천,1726,6.0,1658392,3758.0,56147,219248,2223.0,1295997,-4228.0
2022-12-25,인천,1727,1.0,1662030,3638.0,56392,220417,1169.0,1292439,-3558.0
2022-12-26,인천,1731,4.0,1663581,1551.0,56400,218549,-1868.0,1292264,-175.0
2022-12-27,인천,1737,6.0,1669280,5699.0,56592,218510,-39.0,1288762,-3502.0
2022-12-28,인천,1737,0.0,1674382,5102.0,56629,219307,797.0,1282435,-6327.0
2022-12-29,인천,1740,3.0,1678749,4367.0,56801,220375,1068.0,1276950,-5485.0
2022-12-30,인천,1744,4.0,1682904,4155.0,56842,221888,1513.0,1272254,-4696.0
2022-12-31,인천,1748,4.0,1686864,3960.0,56765,223835,1947.0,1267838,-4416.0
2023-01-01,인천,1750,2.0,1690499,3635.0,56864,225981,2146.0,1263249,-4589.0
2023-01-02,인천,1755,5.0,1691843,1344.0,56658,224445,-1536.0,1263671,422.0
2023-01-03,인천,1756,1.0,1697034,5191.0,56227,227590,3145.0,1257911,-5760.0
2023-01-04,인천,1759,3.0,1701842,4808.0,55738,230820,3230.0,1252695,-5216.0
2023-01-05,인천,1772,13.0,1705930,4088.0,55614,233248,2428.0,1248343,-4352.0
2023-01-06,인천,1780,8.0,1709472,3542.0,54838,235780,2532.0,1244773,-3570.0
2023-01-07,인천,1783,3.0,1712837,3365.0,54445,237822,2042.0,1241509,-3264.0
2023-01-08,인천,1785,2.0,1715911,3074.0,53881,240524,2702.0,1237360,-4149.0
2023-01-09,인천,1790,5.0,1717098,1187.0,53517,239595,-929.0,1237603,243.0
2023-01-10,인천,1790,0.0,1720673,3575.0,51393,243217,3622.0,1233738,-3865.0
2023-01-11,인천,1794,4.0,1724097,3424.0,49715,246454,3237.0,1230127,-3611.0
2023-01-12,인천,1799,5.0,1726806,2709.0,48057,249071,2617.0,1227252,-2875.0
2023-01-13,인천,1799,0.0,1729339,2533.0,46435,251671,2600.0,1224489,-2763.0
2023-01-14,인천,1804,5.0,1731486,2147.0,44622,254283,2612.0,1222348,-2141.0
2023-01-15,인천,1809,5.0,1733496,2010.0,42997,257128,2845.0,1219145,-3203.0
2023-01-16,인천,1809,0.0,1734347,851.0,42504,257584,456.0,1218309,-836.0
2023-01-17,인천,1810,1.0,1736868,2521.0,39834,260684,3100.0,1217080,-1229.0
2023-01-18,인천,1814,4.0,1739140,2272.0,37298,263898,3214.0,1214310,-2770.0
2023-01-19,인천,1818,4.0,1740872,1732.0,34942,266682,2784.0,1212201,-2109.0
2023-01-20,인천,1820,2.0,1742511,1639.0,33039,269164,2482.0,1210455,-1746.0
2023-01-21,인천,1822,2.0,1744067,1556.0,31230,271545,2381.0,1209114,-1341.0
2023-01-22,인천,1828,6.0,1745005,938.0,29094,274043,2498.0,1206486,-2628.0
2023-01-23,인천,1828,0.0,1745548,543.0,28450,274289,246.0,1206139,-347.0
2023-01-24,인천,1829,1.0,1746192,644.0,25519,275993,1704.0,1206550,411.0
2023-01-25,인천,1830,1.0,1747402,1210.0,23305,277759,1766.0,1204999,-1551.0
2023-01-26,인천,1831,1.0,1749630,2228.0,22824,279057,1298.0,1202492,-2507.0
2023-01-27,인천,1837,6.0,1751365,1735.0,22026,280190,1133.0,1200763,-1729.0
2023-01-28,인천,1838,1.0,1752498,1133.0,21012,281049,859.0,1199684,-1079.0
2023-01-29,인천,1841,3.0,1753643,1145.0,20147,282338,1289.0,1195682,-4002.0
2023-01-30,인천,1844,3.0,1754180,537.0,19833,281019,-1319.0,1196413,731.0
2023-01-31,인천,1847,3.0,1755311,1131.0,18443,281724,705.0,1195438,-975.0
2023-02-01,인천,1848,1.0,1756437,1126.0,17297,282452,728.0,1194243,-1195.0
2023-02-02,인천,1850,2.0,1757374,937.0,16502,282585,133.0,1193306,-937.0
2023-02-03,인천,1851,1.0,1758116,742.0,15605,282530,-55.0,1192925,-381.0
2023-02-04,인천,1853,2.0,1758849,733.0,14782,282424,-106.0,1193701,776.0
2023-02-05,인천,1853,0.0,1759676,827.0,14671,282425,1.0,1188737,-4964.0
2023-02-06,인천,1853,0.0,1759976,300.0,14428,280328,-2097.0,1190240,1503.0
2023-02-07,인천,1853,0.0,1760763,787.0,14571,278438,-1890.0,1189769,-471.0
2023-02-08,인천,1854,1.0,1761729,966.0,14327,277431,-1007.0,1188946,-823.0
2023-02-09,인천,1857,3.0,1762513,784.0,12883,277342,-89.0,1188537,-409.0
2023-02-10,인천,1857,0.0,1763213,700.0,11848,276754,-588.0,1187997,-540.0
2023-02-11,인천,1858,1.0,1763872,659.0,11374,275677,-1077.0,1188714,717.0
2023-02-12,인천,1858,0.0,1764511,639.0,10868,275634,-43.0,1183799,-4915.0
2023-02-13,인천,1859,1.0,1764752,241.0,10572,272425,-3209.0,1185567,1768.0
2023-02-14,인천,1859,0.0,1765559,807.0,10248,270252,-2173.0,1185043,-524.0
2023-02-15,인천,1861,2.0,1766299,740.0,9862,268504,-1748.0,1183506,-1537.0
2023-02-16,인천,1861,0.0,1766881,582.0,9507,266809,-1695.0,1182995,-511.0
2023-02-17,인천,1862,1.0,1767467,586.0,9351,265145,-1664.0,1182145,-850.0
2023-02-18,인천,1864,2.0,1768031,564.0,9182,263814,-1331.0,1184074,1929.0
2023-02-19,인천,1864,0.0,1768562,531.0,8886,263469,-345.0,1177680,-6394.0
2023-02-20,인천,1867,3.0,1768743,181.0,8767,259865,-3604.0,1180286,2606.0
2023-02-21,인천,1867,0.0,1769305,562.0,8542,256790,-3075.0,1180700,414.0
2023-02-22,인천,1868,1.0,1769898,593.0,8169,254501,-2289.0,1179183,-1517.0
2023-02-23,인천,1870,2.0,1770512,614.0,7999,251680,-2821.0,1179829,646.0
2023-02-24,인천,1872,2.0,1771000,488.0,7787,249152,-2528.0,1178992,-837.0
2023-02-25,인천,1873,1.0,1771418,418.0,7546,246961,-2191.0,1181281,2289.0
2023-02-26,인천,1875,2.0,1771883,465.0,7372,246191,-770.0,1178155,-3126.0
2023-02-27,인천,1875,0.0,1772067,184.0,7315,241979,-4212.0,1176113,-2042.0
2023-02-28,인천,1876,1.0,1772658,591.0,7099,238958,-3021.0,1174789,-1324.0
2023-03-01,인천,1876,0.0,1773265,607.0,6966,236383,-2575.0,1176139,1350.0
2023-03-02,인천,1877,1.0,1773613,348.0,6732,234096,-2287.0,1175840,-299.0
2023-03-03,인천,1877,0.0,1774193,580.0,6726,231820,-2276.0,1176078,238.0
2023-03-04,인천,1878,1.0,1774694,501.0,6663,229591,-2229.0,1177816,1738.0
2023-03-05,인천,1878,0.0,1775201,507.0,6639,228701,-890.0,1170939,-6877.0
2023-03-06,인천,1878,0.0,1775425,224.0,6682,224361,-4340.0,1174891,3952.0
2023-03-07,인천,1879,1.0,1776052,627.0,6747,221010,-3351.0,1174913,22.0
2023-03-08,인천,1881,2.0,1776686,634.0,6788,218043,-2967.0,1174286,-627.0
2023-03-09,인천,1883,2.0,1777328,642.0,6816,215555,-2488.0,1173791,-495.0
2023-03-10,인천,1883,0.0,1777828,500.0,6828,212916,-2639.0,1173800,9.0
2023-03-11,인천,1883,0.0,1778318,490.0,6900,210718,-2198.0,1174546,746.0
2023-03-12,인천,1883,0.0,1778845,527.0,6962,209769,-949.0,1168976,-5570.0
2023-03-13,인천,1884,1.0,1779099,254.0,7032,205783,-3986.0,1172609,3633.0
2023-03-14,인천,1885,1.0,1779745,646.0,7087,202432,-3351.0,1172570,-39.0
2023-03-15,인천,1885,0.0,1780364,619.0,7099,199662,-2770.0,1170674,-1896.0
2023-03-16,인천,1889,4.0,1780892,528.0,7279,196917,-2745.0,1170544,-130.0
2023-03-17,인천,1890,1.0,1781380,488.0,7187,194402,-2515.0,1170573,29.0
2023-03-18,인천,1890,0.0,1781724,344.0,7030,192195,-2207.0,1171445,872.0
2023-03-19,인천,1890,0.0,1782228,504.0,7027,191295,-900.0,1166054,-5391.0
2023-03-20,인천,1890,0.0,1782454,226.0,7029,187002,-4293.0,1170103,4049.0
2023-03-21,인천,1890,0.0,1783169,715.0,7117,183269,-3733.0,1169775,-328.0
2023-03-22,인천,1890,0.0,1783917,748.0,7231,180061,-3208.0,1168653,-1122.0
2023-03-23,인천,1890,0.0,1784541,624.0,7213,177098,-2963.0,1169596,943.0
2023-03-24,인천,1891,1.0,1785137,596.0,7309,173692,-3406.0,1169925,329.0
2023-03-25,인천,1891,0.0,1785696,559.0,7378,170789,-2903.0,1168312,-1613.0
2023-03-26,인천,1891,0.0,1786283,587.0,7438,169773,-1016.0,1164688,-3624.0
2023-03-27,인천,1891,0.0,1786567,284.0,7468,164520,-5253.0,1166233,1545.0
2023-03-28,인천,1891,0.0,1787288,721.0,7543,160101,-4419.0,1166348,115.0
2023-03-29,인천,1891,0.0,1788080,792.0,7716,156525,-3576.0,1165827,-521.0
2023-03-30,인천,1892,1.0,1788836,756.0,7944,152938,-3587.0,1165516,-311.0
2023-03-31,인천,1892,0.0,1789461,625.0,8081,149389,-3549.0,1165325,-191.0
2023-04-01,인천,1892,0.0,1790056,595.0,8332,146197,-3192.0,1164929,-396.0
2023-04-02,인천,1894,2.0,1790719,663.0,8491,145149,-1048.0,1160584,-4345.0
2023-04-03,인천,1895,1.0,1790973,254.0,8519,139752,-5397.0,1165011,4427.0
2023-04-04,인천,1895,0.0,1791795,822.0,8626,135170,-4582.0,1164274,-737.0
2023-04-05,인천,1895,0.0,1792743,948.0,8826,131706,-3464.0,1162524,-1750.0
