,deathCnt,defCnt,gubun,gubunEn,incDec,isolClearCnt,isolIngCnt,localOccCnt,overFlowCnt,qurRate,stdDay
0,0,0,울산,Ulsan,0,0,0,0,0,0.00,2020-01-20
1,0,0,울산,Ulsan,0,0,0,0,0,0.00,2020-01-21
2,0,0,울산,Ulsan,0,0,0,0,0,0.00,2020-01-22
3,0,0,울산,Ulsan,0,0,0,0,0,0.00,2020-01-23
4,0,0,울산,Ulsan,0,0,0,0,0,0.00,2020-01-24
5,0,0,울산,Ulsan,0,0,0,0,0,0.00,2020-01-25
6,0,0,울산,Ulsan,0,0,0,0,0,0.00,2020-01-26
7,0,0,울산,Ulsan,0,0,0,0,0,0.00,2020-01-27
8,0,0,울산,Ulsan,0,0,0,0,0,0.00,2020-01-28
9,0,0,울산,Ulsan,0,0,0,0,0,0.00,2020-01-29
10,0,0,울산,Ulsan,0,0,0,0,0,0.00,2020-01-30
11,0,0,울산,Ulsan,0,0,0,0,0,0.00,2020-01-31
12,0,0,울산,Ulsan,0,0,0,0,0,0.00,2020-02-01
13,0,0,울산,Ulsan,0,0,0,0,0,0.00,2020-02-02
14,0,0,울산,Ulsan,0,0,0,0,0,0.00,2020-02-03
15,0,0,울산,Ulsan,0,0,0,0,0,0.00,2020-02-04
16,0,0,울산,Ulsan,0,0,0,0,0,0.00,2020-02-05
17,0,0,울산,Ulsan,0,0,0,0,0,0.00,2020-02-06
18,0,0,울산,Ulsan,0,0,0,0,0,0.00,2020-02-07
19,0,0,울산,Ulsan,0,0,0,0,0,0.00,2020-02-08
20,0,0,울산,Ulsan,0,0,0,0,0,0.00,2020-02-09
21,0,0,울산,Ulsan,0,0,0,0,0,0.00,2020-02-10
22,0,0,울산,Ulsan,0,0,0,0,0,0.00,2020-02-11
23,0,0,울산,Ulsan,0,0,0,0,0,0.00,2020-02-12
24,0,0,울산,Ulsan,0,0,0,0,0,0.00,2020-02-13
25,0,0,울산,Ulsan,0,0,0,0,0,0.00,2020-02-14
26,0,0,울산,Ulsan,0,0,0,0,0,0.00,2020-02-15
27,0,0,울산,Ulsan,0,0,0,0,0,0.00,2020-02-16
28,0,0,울산,Ulsan,0,0,0,0,0,0.00,2020-02-17
29,0,0,울산,Ulsan,0,0,0,0,0,0.00,2020-02-18
30,0,0,울산,Ulsan,0,0,0,0,0,0.00,2020-02-19
31,0,0,울산,Ulsan,0,0,0,0,0,0.00,2020-02-20
32,0,0,울산,Ulsan,0,0,0,0,0,0.00,2020-02-21
33,0,0,울산,Ulsan,0,0,0,0,0,0.00,2020-02-22
34,0,1,울산,Ulsan,1,0,1,1,0,0.00,2020-02-23
35,0,1,울산,Ulsan,0,0,1,0,0,0.00,2020-02-24
36,0,2,울산,Ulsan,1,0,2,1,0,0.00,2020-02-25
37,0,3,울산,Ulsan,1,0,3,1,0,0.00,2020-02-26
38,0,6,울산,Ulsan,3,0,6,3,0,0.00,2020-02-27
39,0,11,울산,Ulsan,5,0,11,5,0,0.00,2020-02-28
40,0,17,울산,Ulsan,6,0,17,6,0,0.00,2020-02-29
41,0,17,울산,Ulsan,0,0,17,0,0,0.00,2020-03-01
42,0,20,울산,Ulsan,3,0,20,3,0,1.74,2020-03-02
43,0,20,울산,Ulsan,0,0,20,0,0,1.74,2020-03-03
44,0,23,울산,Ulsan,3,0,23,3,0,2.01,2020-03-04
45,0,23,울산,Ulsan,0,0,23,0,0,2.01,2020-03-05
46,0,23,울산,Ulsan,0,0,23,0,0,2.01,2020-03-06
47,0,23,울산,Ulsan,0,0,23,0,0,2.01,2020-03-07
48,0,24,울산,Ulsan,1,0,24,1,0,2.09,2020-03-08
49,0,24,울산,Ulsan,0,0,24,0,0,2.09,2020-03-09
50,0,24,울산,Ulsan,0,1,23,0,0,2.09,2020-03-10
51,0,25,울산,Ulsan,1,1,24,1,0,2.18,2020-03-11
52,0,25,울산,Ulsan,0,1,24,0,0,2.18,2020-03-12
53,0,27,울산,Ulsan,2,2,25,2,0,2.35,2020-03-13
54,0,27,울산,Ulsan,0,3,24,0,0,2.35,2020-03-14
55,0,28,울산,Ulsan,1,3,25,1,0,2.44,2020-03-15
56,0,28,울산,Ulsan,0,7,21,0,0,2.44,2020-03-16
57,0,28,울산,Ulsan,0,10,18,0,0,2.44,2020-03-17
58,0,30,울산,Ulsan,2,10,20,0,2,2.62,2020-03-18
59,0,36,울산,Ulsan,6,10,26,3,3,3.14,2020-03-19
60,0,36,울산,Ulsan,0,10,26,0,0,3.14,2020-03-20
61,0,36,울산,Ulsan,0,11,25,0,0,3.14,2020-03-21
62,0,36,울산,Ulsan,0,12,24,0,0,3.14,2020-03-22
63,0,36,울산,Ulsan,0,15,21,0,0,3.14,2020-03-23
64,0,36,울산,Ulsan,0,16,20,0,0,3.14,2020-03-24
65,0,37,울산,Ulsan,1,17,20,0,1,3.23,2020-03-25
66,0,37,울산,Ulsan,0,18,19,0,0,3.23,2020-03-26
67,0,39,울산,Ulsan,2,18,21,0,2,3.40,2020-03-27
68,0,39,울산,Ulsan,0,18,21,0,0,3.40,2020-03-28
69,0,39,울산,Ulsan,0,18,21,0,0,3.40,2020-03-29
70,0,39,울산,Ulsan,0,18,21,0,0,3.40,2020-03-30
71,0,39,울산,Ulsan,0,18,21,0,0,3.40,2020-03-31
72,1,39,울산,Ulsan,0,19,19,0,0,3.40,2020-04-01
73,1,40,울산,Ulsan,1,20,19,0,1,3.49,2020-04-02
74,1,40,울산,Ulsan,0,20,19,0,0,3.49,2020-04-03
75,1,40,울산,Ulsan,0,23,16,0,0,3.49,2020-04-04
76,1,40,울산,Ulsan,0,25,14,0,0,3.49,2020-04-05
77,1,40,울산,Ulsan,0,25,14,0,0,3.49,2020-04-06
78,1,40,울산,Ulsan,0,26,13,0,0,3.49,2020-04-07
79,1,40,울산,Ulsan,0,26,13,0,0,3.49,2020-04-08
80,1,40,울산,Ulsan,0,26,13,0,0,3.49,2020-04-09
81,1,40,울산,Ulsan,0,26,13,0,0,3.49,2020-04-10
82,1,41,울산,Ulsan,1,28,12,0,1,3.57,2020-04-11
83,1,41,울산,Ulsan,0,30,10,0,0,3.57,2020-04-12
84,1,41,울산,Ulsan,0,31,9,0,0,3.57,2020-04-13
85,1,42,울산,Ulsan,1,31,10,0,1,3.66,2020-04-14
86,1,42,울산,Ulsan,0,31,10,0,0,3.66,2020-04-15
87,1,42,울산,Ulsan,0,32,9,0,0,3.66,2020-04-16
88,1,42,울산,Ulsan,0,32,9,0,0,3.66,2020-04-17
89,1,42,울산,Ulsan,0,32,9,0,0,3.66,2020-04-18
90,1,42,울산,Ulsan,0,32,9,0,0,3.66,2020-04-19
91,1,43,울산,Ulsan,1,32,10,0,1,3.75,2020-04-20
92,1,43,울산,Ulsan,0,33,9,0,0,3.75,2020-04-21
93,1,43,울산,Ulsan,0,33,9,0,0,3.75,2020-04-22
94,1,43,울산,Ulsan,0,34,8,0,0,3.75,2020-04-23
95,1,43,울산,Ulsan,0,34,8,0,0,3.75,2020-04-24
96,1,43,울산,Ulsan,0,34,8,0,0,3.75,2020-04-25
97,1,43,울산,Ulsan,0,34,8,0,0,3.75,2020-04-26
98,1,43,울산,Ulsan,0,34,8,0,0,3.75,2020-04-27
99,1,43,울산,Ulsan,0,34,8,0,0,3.75,2020-04-28
100,1,43,울산,Ulsan,0,35,7,0,0,3.75,2020-04-29
101,1,43,울산,Ulsan,0,35,7,0,0,3.75,2020-04-30
102,1,43,울산,Ulsan,0,35,7,0,0,3.75,2020-05-01
103,1,43,울산,Ulsan,0,35,7,0,0,3.75,2020-05-02
104,1,43,울산,Ulsan,0,35,7,0,0,3.75,2020-05-03
105,1,44,울산,Ulsan,1,35,8,0,1,3.84,2020-05-04
106,1,44,울산,Ulsan,0,35,8,0,0,3.84,2020-05-05
107,1,44,울산,Ulsan,0,35,8,0,0,3.84,2020-05-06
108,1,44,울산,Ulsan,0,35,8,0,0,3.84,2020-05-07
109,1,44,울산,Ulsan,0,35,8,0,0,3.84,2020-05-08
110,1,44,울산,Ulsan,0,36,7,0,0,3.84,2020-05-09
111,1,44,울산,Ulsan,0,36,7,0,0,3.84,2020-05-10
112,1,44,울산,Ulsan,0,36,7,0,0,3.84,2020-05-11
113,1,44,울산,Ulsan,0,38,5,0,0,3.84,2020-05-12
114,1,45,울산,Ulsan,1,39,5,0,1,3.92,2020-05-13
115,1,45,울산,Ulsan,0,39,5,0,0,3.92,2020-05-14
116,1,45,울산,Ulsan,0,39,5,0,0,3.92,2020-05-15
117,1,45,울산,Ulsan,0,40,4,0,0,3.92,2020-05-16
118,1,45,울산,Ulsan,0,41,3,0,0,3.92,2020-05-17
119,1,45,울산,Ulsan,0,41,3,0,0,3.92,2020-05-18
120,1,49,울산,Ulsan,4,41,7,0,4,4.27,2020-05-19
121,1,49,울산,Ulsan,0,42,6,0,0,4.27,2020-05-20
122,1,49,울산,Ulsan,0,42,6,0,0,4.27,2020-05-21
123,1,50,울산,Ulsan,1,42,7,0,1,4.36,2020-05-22
124,1,50,울산,Ulsan,0,42,7,0,0,4.36,2020-05-23
125,1,50,울산,Ulsan,0,42,7,0,0,4.36,2020-05-24
126,1,50,울산,Ulsan,0,42,7,0,0,4.36,2020-05-25
127,1,50,울산,Ulsan,0,42,7,0,0,4.36,2020-05-26
128,1,50,울산,Ulsan,0,42,7,0,0,4.36,2020-05-27
129,1,50,울산,Ulsan,0,44,5,0,0,4.36,2020-05-28
130,1,50,울산,Ulsan,0,44,5,0,0,4.36,2020-05-29
131,1,50,울산,Ulsan,0,44,5,0,0,4.36,2020-05-30
132,1,52,울산,Ulsan,2,45,6,0,2,4.53,2020-05-31
133,1,52,울산,Ulsan,0,45,6,0,0,4.53,2020-06-01
134,1,52,울산,Ulsan,0,45,6,0,0,4.53,2020-06-02
135,1,52,울산,Ulsan,0,45,6,0,0,4.53,2020-06-03
136,1,52,울산,Ulsan,0,46,5,0,0,4.53,2020-06-04
137,1,52,울산,Ulsan,0,46,5,0,0,4.53,2020-06-05
138,1,52,울산,Ulsan,0,46,5,0,0,4.53,2020-06-06
139,1,53,울산,Ulsan,1,46,6,0,1,4.62,2020-06-07
140,1,53,울산,Ulsan,0,46,6,0,0,4.62,2020-06-08
141,1,53,울산,Ulsan,0,46,6,0,0,4.62,2020-06-09
142,1,53,울산,Ulsan,0,47,5,0,0,4.62,2020-06-10
143,1,53,울산,Ulsan,0,47,5,0,0,4.62,2020-06-11
144,1,53,울산,Ulsan,0,47,5,0,0,4.62,2020-06-12
145,1,53,울산,Ulsan,0,47,5,0,0,4.62,2020-06-13
146,1,53,울산,Ulsan,0,47,5,0,0,4.62,2020-06-14
147,1,53,울산,Ulsan,0,47,5,0,0,4.62,2020-06-15
148,1,53,울산,Ulsan,0,47,5,0,0,4.62,2020-06-16
149,1,53,울산,Ulsan,0,47,5,0,0,4.62,2020-06-17
150,1,53,울산,Ulsan,0,48,4,0,0,4.62,2020-06-18
151,1,53,울산,Ulsan,0,48,4,0,0,4.62,2020-06-19
152,1,53,울산,Ulsan,0,48,4,0,0,4.62,2020-06-20
153,1,53,울산,Ulsan,0,48,4,0,0,4.62,2020-06-21
154,1,53,울산,Ulsan,0,48,4,0,0,4.62,2020-06-22
155,1,53,울산,Ulsan,0,48,4,0,0,4.62,2020-06-23
156,1,55,울산,Ulsan,2,48,6,2,0,4.79,2020-06-24
157,1,55,울산,Ulsan,0,48,6,0,0,4.79,2020-06-25
158,1,55,울산,Ulsan,0,49,5,0,0,4.79,2020-06-26
159,1,55,울산,Ulsan,0,50,4,0,0,4.79,2020-06-27
160,1,55,울산,Ulsan,0,50,4,0,0,4.79,2020-06-28
161,1,55,울산,Ulsan,0,50,4,0,0,4.79,2020-06-29
162,1,55,울산,Ulsan,0,50,4,0,0,4.79,2020-06-30
163,1,55,울산,Ulsan,0,52,2,0,0,4.79,2020-07-01
164,1,55,울산,Ulsan,0,52,2,0,0,4.79,2020-07-02
165,1,55,울산,Ulsan,0,52,2,0,0,4.79,2020-07-03
166,1,55,울산,Ulsan,0,52,2,0,0,4.79,2020-07-04
167,1,55,울산,Ulsan,0,52,2,0,0,4.79,2020-07-05
168,1,55,울산,Ulsan,0,52,2,0,0,4.79,2020-07-06
169,1,55,울산,Ulsan,0,53,1,0,0,4.79,2020-07-07
170,1,55,울산,Ulsan,0,53,1,0,0,4.79,2020-07-08
171,1,55,울산,Ulsan,0,53,1,0,0,4.79,2020-07-09
172,1,55,울산,Ulsan,0,53,1,0,0,4.79,2020-07-10
173,1,55,울산,Ulsan,0,53,1,0,0,4.79,2020-07-11
174,1,55,울산,Ulsan,0,53,1,0,0,4.79,2020-07-12
175,1,55,울산,Ulsan,0,53,1,0,0,4.79,2020-07-13
176,1,55,울산,Ulsan,0,53,1,0,0,4.79,2020-07-14
177,1,55,울산,Ulsan,0,53,1,0,0,4.79,2020-07-15
178,1,56,울산,Ulsan,1,53,2,0,1,4.88,2020-07-16
179,1,56,울산,Ulsan,0,53,2,0,0,4.88,2020-07-17
180,1,57,울산,Ulsan,1,53,3,1,0,4.97,2020-07-18
181,1,57,울산,Ulsan,0,53,3,0,0,4.97,2020-07-19
182,1,57,울산,Ulsan,0,53,3,0,0,4.97,2020-07-20
183,1,57,울산,Ulsan,0,53,3,0,0,4.97,2020-07-21
184,1,57,울산,Ulsan,0,53,3,0,0,4.97,2020-07-22
185,1,57,울산,Ulsan,0,53,3,0,0,4.97,2020-07-23
186,1,57,울산,Ulsan,0,53,3,0,0,4.97,2020-07-24
187,1,58,울산,Ulsan,1,53,4,0,1,5.06,2020-07-25
188,1,58,울산,Ulsan,0,53,4,0,0,5.06,2020-07-26
189,1,58,울산,Ulsan,0,53,4,0,0,5.06,2020-07-27
190,1,58,울산,Ulsan,0,53,4,0,0,5.06,2020-07-28
191,1,59,울산,Ulsan,1,53,5,0,1,5.14,2020-07-29
192,1,59,울산,Ulsan,0,53,5,0,0,5.14,2020-07-30
193,1,59,울산,Ulsan,0,53,5,0,0,5.14,2020-07-31
194,1,59,울산,Ulsan,0,53,5,0,0,5.14,2020-08-01
195,1,59,울산,Ulsan,0,54,4,0,0,5.14,2020-08-02
196,1,59,울산,Ulsan,0,54,4,0,0,5.14,2020-08-03
197,1,59,울산,Ulsan,0,54,4,0,0,5.14,2020-08-04
198,1,59,울산,Ulsan,0,56,2,0,0,5.14,2020-08-05
199,1,59,울산,Ulsan,0,56,2,0,0,5.14,2020-08-06
200,1,59,울산,Ulsan,0,56,2,0,0,5.14,2020-08-07
201,1,59,울산,Ulsan,0,56,2,0,0,5.14,2020-08-08
202,1,60,울산,Ulsan,1,56,3,0,1,5.23,2020-08-09
203,1,60,울산,Ulsan,0,56,3,0,0,5.23,2020-08-10
204,1,60,울산,Ulsan,0,56,3,0,0,5.23,2020-08-11
205,1,60,울산,Ulsan,0,56,3,0,0,5.23,2020-08-12
206,1,61,울산,Ulsan,1,56,4,1,0,5.32,2020-08-13
207,1,62,울산,Ulsan,1,56,5,1,0,5.41,2020-08-14
208,1,62,울산,Ulsan,0,56,5,0,0,5.41,2020-08-15
209,1,65,울산,Ulsan,3,56,8,1,2,5.67,2020-08-16
210,1,65,울산,Ulsan,0,56,8,0,0,5.67,2020-08-17
211,1,68,울산,Ulsan,3,56,11,2,1,5.93,2020-08-18
212,1,68,울산,Ulsan,0,56,11,0,0,5.93,2020-08-19
213,1,68,울산,Ulsan,0,57,10,0,0,5.93,2020-08-20
214,1,69,울산,Ulsan,1,57,11,1,0,6.02,2020-08-21
215,1,72,울산,Ulsan,3,58,13,1,2,6.28,2020-08-22
216,1,75,울산,Ulsan,3,58,16,3,0,6.54,2020-08-23
217,1,76,울산,Ulsan,1,58,17,1,0,6.63,2020-08-24
218,1,76,울산,Ulsan,0,59,16,0,0,6.63,2020-08-25
219,1,78,울산,Ulsan,2,60,17,2,0,6.80,2020-08-26
220,1,80,울산,Ulsan,2,61,18,2,0,6.97,2020-08-27
221,1,81,울산,Ulsan,1,61,19,1,0,7.06,2020-08-28
222,1,81,울산,Ulsan,0,63,17,0,0,7.06,2020-08-29
223,1,84,울산,Ulsan,3,63,20,3,0,7.32,2020-08-30
224,1,89,울산,Ulsan,5,63,25,5,0,7.76,2020-08-31
225,1,95,울산,Ulsan,6,63,31,6,0,8.28,2020-09-01
226,1,100,울산,Ulsan,5,63,36,5,0,8.72,2020-09-02
227,1,108,울산,Ulsan,8,66,41,7,1,9.42,2020-09-03
228,1,111,울산,Ulsan,3,67,43,3,0,9.68,2020-09-04
229,1,112,울산,Ulsan,1,67,44,1,0,9.76,2020-09-05
230,1,113,울산,Ulsan,1,69,43,1,0,9.85,2020-09-06
231,1,116,울산,Ulsan,3,69,46,3,0,10.11,2020-09-07
232,1,119,울산,Ulsan,3,69,49,3,0,10.37,2020-09-08
233,1,123,울산,Ulsan,4,72,50,4,0,10.72,2020-09-09
234,1,127,울산,Ulsan,4,74,52,4,0,11.07,2020-09-10
235,1,132,울산,Ulsan,5,78,53,4,1,11.51,2020-09-11
236,1,133,울산,Ulsan,1,80,52,1,0,11.60,2020-09-12
237,1,140,울산,Ulsan,7,84,55,4,3,12.21,2020-09-13
238,1,141,울산,Ulsan,1,86,54,1,0,12.29,2020-09-14
239,1,141,울산,Ulsan,0,96,44,0,0,12.29,2020-09-15
240,1,141,울산,Ulsan,0,101,39,0,0,12.29,2020-09-16
241,1,141,울산,Ulsan,0,104,36,0,0,12.29,2020-09-17
242,1,141,울산,Ulsan,0,108,32,0,0,12.29,2020-09-18
243,2,141,울산,Ulsan,0,108,31,0,0,12.29,2020-09-19
244,2,142,울산,Ulsan,1,116,24,1,0,12.38,2020-09-20
245,2,142,울산,Ulsan,0,117,23,0,0,12.38,2020-09-21
246,2,143,울산,Ulsan,1,124,17,1,0,12.47,2020-09-22
247,2,145,울산,Ulsan,2,127,16,2,0,12.64,2020-09-23
248,2,145,울산,Ulsan,0,131,12,0,0,12.64,2020-09-24
249,2,145,울산,Ulsan,0,132,11,0,0,12.64,2020-09-25
250,2,145,울산,Ulsan,0,132,11,0,0,12.64,2020-09-26
251,2,145,울산,Ulsan,0,134,9,0,0,12.64,2020-09-27
252,2,146,울산,Ulsan,1,134,10,1,0,12.73,2020-09-28
253,2,146,울산,Ulsan,0,135,9,0,0,12.73,2020-09-29
254,2,147,울산,Ulsan,1,137,8,1,0,12.82,2020-09-30
255,2,147,울산,Ulsan,0,137,8,0,0,12.82,2020-10-01
256,2,147,울산,Ulsan,0,137,8,0,0,12.82,2020-10-02
257,2,147,울산,Ulsan,0,139,6,0,0,12.82,2020-10-03
258,2,148,울산,Ulsan,1,140,6,1,0,12.90,2020-10-04
259,2,152,울산,Ulsan,4,140,10,4,0,13.25,2020-10-05
260,2,153,울산,Ulsan,1,140,11,1,0,13.34,2020-10-06
261,2,154,울산,Ulsan,1,140,12,0,1,13.43,2020-10-07
262,2,154,울산,Ulsan,0,141,11,0,0,13.43,2020-10-08
263,2,154,울산,Ulsan,0,144,8,0,0,13.43,2020-10-09
264,2,154,울산,Ulsan,0,144,8,0,0,13.43,2020-10-10
265,2,155,울산,Ulsan,1,144,9,0,1,13.51,2020-10-11
266,2,155,울산,Ulsan,0,144,9,0,0,13.51,2020-10-12
267,2,155,울산,Ulsan,0,144,9,0,0,13.51,2020-10-13
268,2,156,울산,Ulsan,1,144,10,0,1,13.60,2020-10-14
269,2,156,울산,Ulsan,0,145,9,0,0,13.60,2020-10-15
270,2,156,울산,Ulsan,0,146,8,0,0,13.60,2020-10-16
271,2,156,울산,Ulsan,0,147,7,0,0,13.60,2020-10-17
272,2,156,울산,Ulsan,0,148,6,0,0,13.60,2020-10-18
273,2,156,울산,Ulsan,0,149,5,0,0,13.60,2020-10-19
274,2,156,울산,Ulsan,0,150,4,0,0,13.60,2020-10-20
275,2,157,울산,Ulsan,1,152,3,1,0,13.69,2020-10-21
276,2,157,울산,Ulsan,0,152,3,0,0,13.69,2020-10-22
277,2,157,울산,Ulsan,0,152,3,0,0,13.69,2020-10-23
278,2,157,울산,Ulsan,0,152,3,0,0,13.69,2020-10-24
279,2,158,울산,Ulsan,1,152,4,1,0,13.77,2020-10-25
280,2,159,울산,Ulsan,1,152,5,0,1,13.86,2020-10-26
281,2,159,울산,Ulsan,0,153,4,0,0,13.86,2020-10-27
282,2,159,울산,Ulsan,0,153,4,0,0,13.86,2020-10-28
283,2,161,울산,Ulsan,2,153,6,1,1,14.04,2020-10-29
284,2,163,울산,Ulsan,2,153,8,0,2,14.21,2020-10-30
285,2,163,울산,Ulsan,0,153,8,0,0,14.21,2020-10-31
286,2,163,울산,Ulsan,0,154,7,0,0,14.21,2020-11-01
287,2,164,울산,Ulsan,1,154,8,0,1,14.30,2020-11-02
288,2,164,울산,Ulsan,0,155,7,0,0,14.30,2020-11-03
289,2,165,울산,Ulsan,1,155,8,0,1,14.38,2020-11-04
290,2,165,울산,Ulsan,0,156,7,0,0,14.38,2020-11-05
291,2,165,울산,Ulsan,0,156,7,0,0,14.38,2020-11-06
292,2,165,울산,Ulsan,0,156,7,0,0,14.38,2020-11-07
293,2,166,울산,Ulsan,1,156,8,0,1,14.47,2020-11-08
294,2,166,울산,Ulsan,0,157,7,0,0,14.47,2020-11-09
295,2,166,울산,Ulsan,0,158,6,0,0,14.47,2020-11-10
296,2,166,울산,Ulsan,0,159,5,0,0,14.47,2020-11-11
297,2,167,울산,Ulsan,1,159,6,0,1,14.56,2020-11-12
298,2,167,울산,Ulsan,0,160,5,0,0,14.56,2020-11-13
299,2,167,울산,Ulsan,0,160,5,0,0,14.56,2020-11-14
300,2,167,울산,Ulsan,0,161,4,0,0,14.56,2020-11-15
301,2,167,울산,Ulsan,0,161,4,0,0,14.56,2020-11-16
302,2,167,울산,Ulsan,0,162,3,0,0,14.56,2020-11-17
303,2,170,울산,Ulsan,3,162,6,0,3,14.82,2020-11-18
304,2,170,울산,Ulsan,0,162,6,0,0,14.82,2020-11-19
305,2,170,울산,Ulsan,0,162,6,0,0,14.82,2020-11-20
306,2,171,울산,Ulsan,1,163,6,1,0,14.91,2020-11-21
307,2,172,울산,Ulsan,1,163,7,1,0,15.00,2020-11-22
308,2,173,울산,Ulsan,1,163,8,1,0,15.08,2020-11-23
309,2,175,울산,Ulsan,2,164,9,1,1,15.26,2020-11-24
310,2,178,울산,Ulsan,3,164,12,3,0,15.52,2020-11-25
311,2,185,울산,Ulsan,7,164,19,6,1,16.13,2020-11-26
312,2,192,울산,Ulsan,7,164,26,7,0,16.74,2020-11-27
313,2,195,울산,Ulsan,3,164,29,3,0,17.00,2020-11-28
314,2,195,울산,Ulsan,0,166,27,0,0,17.00,2020-11-29
315,2,198,울산,Ulsan,3,166,30,3,0,17.26,2020-11-30
316,2,201,울산,Ulsan,3,166,33,2,1,17.52,2020-12-01
317,2,211,울산,Ulsan,10,166,43,6,4,18.40,2020-12-02
318,2,213,울산,Ulsan,2,168,43,2,0,18.57,2020-12-03
319,2,218,울산,Ulsan,5,168,48,5,0,19.01,2020-12-04
320,2,219,울산,Ulsan,1,172,45,1,0,19.09,2020-12-05
321,2,222,울산,Ulsan,3,173,47,3,0,19.35,2020-12-06
322,2,260,울산,Ulsan,38,178,80,38,0,22.67,2020-12-07
323,2,321,울산,Ulsan,61,183,136,61,0,27.99,2020-12-08
324,2,335,울산,Ulsan,14,183,150,14,0,29.21,2020-12-09
325,2,351,울산,Ulsan,16,196,153,16,0,30.60,2020-12-10
326,4,398,울산,Ulsan,47,201,193,47,0,34.70,2020-12-11
327,4,421,울산,Ulsan,23,208,209,23,0,36.70,2020-12-12
328,4,429,울산,Ulsan,8,214,211,8,0,37.40,2020-12-13
329,4,434,울산,Ulsan,5,214,216,4,1,37.84,2020-12-14
330,6,483,울산,Ulsan,49,218,259,49,0,42.11,2020-12-15
331,6,489,울산,Ulsan,6,231,252,6,0,42.63,2020-12-16
332,8,499,울산,Ulsan,10,237,254,10,0,43.50,2020-12-17
333,11,530,울산,Ulsan,31,243,276,30,1,46.21,2020-12-18
334,14,539,울산,Ulsan,9,254,271,7,2,46.99,2020-12-19
335,14,545,울산,Ulsan,6,269,262,5,1,47.51,2020-12-20
336,16,562,울산,Ulsan,17,279,267,17,0,49.00,2020-12-21
337,17,568,울산,Ulsan,6,298,253,6,0,49.52,2020-12-22
338,20,586,울산,Ulsan,18,332,234,16,2,51.09,2020-12-23
339,22,595,울산,Ulsan,9,342,231,9,0,51.87,2020-12-24
340,24,607,울산,Ulsan,12,365,218,12,0,52.92,2020-12-25
341,24,615,울산,Ulsan,8,375,216,8,0,53.62,2020-12-26
342,25,616,울산,Ulsan,1,375,216,1,0,53.70,2020-12-27
343,26,618,울산,Ulsan,2,380,212,1,1,53.88,2020-12-28
344,26,622,울산,Ulsan,4,401,195,3,1,54.23,2020-12-29
345,26,638,울산,Ulsan,16,426,186,15,1,55.62,2020-12-30
346,26,673,울산,Ulsan,35,439,208,35,0,58.67,2020-12-31
347,26,716,울산,Ulsan,43,457,233,43,0,62.42,2021-01-01
348,27,733,울산,Ulsan,17,473,233,17,0,63.90,2021-01-02
349,29,740,울산,Ulsan,7,490,221,7,0,64.51,2021-01-03
350,30,745,울산,Ulsan,5,498,217,5,0,64.95,2021-01-04
351,30,745,울산,Ulsan,5,498,217,5,0,64.95,2021-01-04
352,31,749,울산,Ulsan,4,510,208,4,0,65.30,2021-01-05
353,31,751,울산,Ulsan,2,525,195,2,0,65.47,2021-01-06
354,32,760,울산,Ulsan,9,532,196,9,0,66.26,2021-01-07
355,32,770,울산,Ulsan,10,546,192,10,0,67.13,2021-01-08
356,32,778,울산,Ulsan,8,562,184,8,0,67.83,2021-01-09
357,32,812,울산,Ulsan,34,613,167,34,0,70.79,2021-01-10
358,32,826,울산,Ulsan,14,652,142,14,0,72.01,2021-01-11
359,33,833,울산,Ulsan,7,669,131,7,0,72.62,2021-01-12
360,34,844,울산,Ulsan,11,675,135,11,0,73.58,2021-01-13
361,34,854,울산,Ulsan,10,688,132,9,1,74.45,2021-01-14
362,36,860,울산,Ulsan,6,694,130,6,90,74.98,2021-01-15
363,36,868,울산,Ulsan,8,699,133,8,0,75.67,2021-01-16
364,36,886,울산,Ulsan,18,705,145,15,3,77.24,2021-01-17
365,36,892,울산,Ulsan,6,711,145,5,1,77.77,2021-01-18
366,36,900,울산,Ulsan,8,723,141,5,3,78.46,2021-01-19
367,36,903,울산,Ulsan,3,757,110,3,0,78.72,2021-01-20
368,36,906,울산,Ulsan,3,772,98,2,1,78.99,2021-01-21
369,36,909,울산,Ulsan,3,781,92,2,1,79.25,2021-01-22
370,36,911,울산,Ulsan,2,789,86,2,0,79.42,2021-01-23
371,36,913,울산,Ulsan,2,800,77,1,1,79.60,2021-01-24
372,36,915,울산,Ulsan,2,804,75,2,0,79.77,2021-01-25
373,36,915,울산,Ulsan,0,823,56,0,0,79.77,2021-01-26
374,36,921,울산,Ulsan,6,841,44,5,1,80.29,2021-01-27
375,36,927,울산,Ulsan,6,848,43,5,1,80.82,2021-01-28
376,36,929,울산,Ulsan,2,858,35,2,0,80.99,2021-01-29
377,36,931,울산,Ulsan,2,861,34,1,1,81.17,2021-01-30
378,36,937,울산,Ulsan,6,861,40,6,0,81.69,2021-01-31
379,36,938,울산,Ulsan,1,867,35,0,1,81.78,2021-02-01
380,36,939,울산,Ulsan,1,870,33,0,1,81.86,2021-02-02
381,36,939,울산,Ulsan,0,871,32,0,0,81.86,2021-02-03
382,37,941,울산,Ulsan,2,874,30,2,0,82.04,2021-02-04
383,37,941,울산,Ulsan,0,875,29,0,0,82.04,2021-02-05
384,37,943,울산,Ulsan,2,885,21,2,0,82.21,2021-02-06
385,37,944,울산,Ulsan,1,890,17,0,1,82.30,2021-02-07
386,37,945,울산,Ulsan,1,891,17,0,1,82.39,2021-02-08
387,37,948,울산,Ulsan,3,895,16,3,0,82.65,2021-02-09
388,37,948,울산,Ulsan,0,899,12,0,0,82.65,2021-02-10
389,37,950,울산,Ulsan,2,901,12,2,0,82.82,2021-02-11
390,37,950,울산,Ulsan,0,903,10,0,0,82.82,2021-02-12
391,37,952,울산,Ulsan,2,903,12,2,0,83.00,2021-02-13
392,37,955,울산,Ulsan,3,904,14,3,0,83.26,2021-02-14
393,37,959,울산,Ulsan,4,904,18,3,1,83.61,2021-02-15
394,37,966,울산,Ulsan,7,904,25,7,0,84.22,2021-02-16
395,37,975,울산,Ulsan,9,907,31,9,0,85.00,2021-02-17
396,37,981,울산,Ulsan,6,908,36,6,0,85.52,2021-02-18
397,37,993,울산,Ulsan,12,910,46,12,0,86.57,2021-02-19
398,37,994,울산,Ulsan,1,910,47,0,1,86.66,2021-02-20
399,37,998,울산,Ulsan,4,912,49,4,0,87.01,2021-02-21
400,37,999,울산,Ulsan,1,912,50,0,1,87.09,2021-02-22
401,37,1001,울산,Ulsan,2,912,52,1,1,87.27,2021-02-23
402,37,1002,울산,Ulsan,1,915,50,1,0,87.36,2021-02-24
403,37,1004,울산,Ulsan,2,919,48,1,1,87.53,2021-02-25
404,37,1005,울산,Ulsan,1,925,43,1,0,87.62,2021-02-26
405,37,1008,울산,Ulsan,3,931,40,3,0,87.88,2021-02-27
406,37,1013,울산,Ulsan,5,940,36,5,0,88.31,2021-02-28
407,37,1015,울산,Ulsan,2,948,30,2,0,88.49,2021-03-01
408,37,1015,울산,Ulsan,0,950,28,0,0,88.49,2021-03-02
409,37,1016,울산,Ulsan,1,955,24,1,0,88.58,2021-03-03
410,37,1016,울산,Ulsan,0,956,23,0,0,88.58,2021-03-04
411,37,1019,울산,Ulsan,3,959,23,0,3,88.84,2021-03-05
412,37,1023,울산,Ulsan,4,963,23,4,0,89.19,2021-03-06
413,37,1025,울산,Ulsan,2,964,24,2,0,89.36,2021-03-07
414,37,1028,울산,Ulsan,3,964,27,3,0,89.62,2021-03-08
415,37,1039,울산,Ulsan,11,965,37,11,0,90.58,2021-03-09
416,37,1060,울산,Ulsan,21,966,57,21,0,92.41,2021-03-10
417,37,1083,울산,Ulsan,23,966,80,23,0,94.42,2021-03-11
418,37,1088,울산,Ulsan,5,967,84,4,1,94.85,2021-03-12
419,37,1089,울산,Ulsan,1,968,84,1,0,94.94,2021-03-13
420,37,1090,울산,Ulsan,1,969,84,1,0,95.03,2021-03-14
421,37,1092,울산,Ulsan,2,970,85,1,1,95.20,2021-03-15
422,37,1095,울산,Ulsan,3,972,86,3,0,95.46,2021-03-16
423,37,1099,울산,Ulsan,4,973,89,3,1,95.81,2021-03-17
424,37,1104,울산,Ulsan,5,978,89,5,0,96.25,2021-03-18
425,37,1107,울산,Ulsan,3,981,89,2,1,96.51,2021-03-19
426,37,1110,울산,Ulsan,3,991,82,3,0,96.77,2021-03-20
427,37,1117,울산,Ulsan,7,1000,80,7,0,97.38,2021-03-21
428,37,1118,울산,Ulsan,1,1007,74,1,0,97.47,2021-03-22
429,37,1126,울산,Ulsan,8,1014,75,8,0,98.17,2021-03-23
430,37,1128,울산,Ulsan,2,1017,74,1,1,98.34,2021-03-24
431,37,1128,울산,Ulsan,0,1020,71,0,0,98.34,2021-03-25
432,37,1128,울산,Ulsan,0,1021,70,0,0,98.34,2021-03-26
433,37,1133,울산,Ulsan,5,1027,69,3,2,98.78,2021-03-27
434,37,1137,울산,Ulsan,4,1029,71,4,0,99.12,2021-03-28
435,37,1140,울산,Ulsan,3,1032,71,3,0,99.39,2021-03-29
436,37,1143,울산,Ulsan,3,1032,74,3,0,99.65,2021-03-30
437,37,1154,울산,Ulsan,11,1032,85,11,0,100.61,2021-03-31
438,37,1159,울산,Ulsan,5,1034,88,5,0,101.04,2021-04-01
439,37,1166,울산,Ulsan,7,1039,90,7,0,101.65,2021-04-02
440,37,1169,울산,Ulsan,3,1043,89,3,0,101.91,2021-04-03
441,37,1180,울산,Ulsan,11,1053,90,11,0,102.87,2021-04-04
442,37,1181,울산,Ulsan,1,1054,90,1,0,102.96,2021-04-05
443,37,1185,울산,Ulsan,4,1057,91,4,0,103.31,2021-04-06
444,37,1211,울산,Ulsan,26,1071,103,26,0,105.58,2021-04-07
445,37,1224,울산,Ulsan,13,1072,115,13,0,106.71,2021-04-08
446,37,1233,울산,Ulsan,9,1076,120,9,0,107.49,2021-04-09
447,37,1258,울산,Ulsan,25,1089,132,25,0,109.67,2021-04-10
448,37,1269,울산,Ulsan,11,1095,137,10,1,110.63,2021-04-11
449,37,1303,울산,Ulsan,34,1100,166,31,3,113.60,2021-04-12
450,37,1335,울산,Ulsan,32,1119,179,32,0,116.39,2021-04-13
451,37,1365,울산,Ulsan,30,1133,195,30,0,119.00,2021-04-14
452,37,1386,울산,Ulsan,21,1135,214,21,0,120.83,2021-04-15
453,37,1410,울산,Ulsan,24,1142,231,24,0,122.93,2021-04-16
454,37,1436,울산,Ulsan,26,1152,247,25,1,125.19,2021-04-17
455,37,1457,울산,Ulsan,21,1164,256,20,1,127.02,2021-04-18
456,37,1485,울산,Ulsan,28,1183,265,28,0,129.46,2021-04-19
457,37,1506,울산,Ulsan,21,1202,267,21,0,131.29,2021-04-20
458,37,1545,울산,Ulsan,39,1219,289,39,0,134.69,2021-04-21
459,37,1577,울산,Ulsan,32,1246,294,32,0,137.48,2021-04-22
460,37,1615,울산,Ulsan,38,1277,301,38,0,140.80,2021-04-23
461,38,1665,울산,Ulsan,50,1299,328,50,0,145.16,2021-04-24
462,38,1708,울산,Ulsan,43,1322,348,43,0,148.91,2021-04-25
463,38,1721,울산,Ulsan,13,1330,353,13,0,150.04,2021-04-26
464,38,1739,울산,Ulsan,18,1352,349,18,0,151.61,2021-04-27
465,38,1772,울산,Ulsan,33,1379,355,33,0,154.48,2021-04-28
466,38,1818,울산,Ulsan,46,1412,368,46,0,158.50,2021-04-29
467,38,1879,울산,Ulsan,61,1447,394,61,0,163.81,2021-04-30
468,38,1931,울산,Ulsan,52,1481,412,52,0,168.35,2021-05-01
469,38,1983,울산,Ulsan,52,1514,431,52,0,172.88,2021-05-02
470,38,2004,울산,Ulsan,21,1537,429,21,0,174.71,2021-05-03
471,38,2033,울산,Ulsan,29,1577,418,29,0,177.24,2021-05-04
472,38,2055,울산,Ulsan,22,1612,405,0,1,179.16,2021-05-05
473,38,2093,울산,Ulsan,38,1629,426,38,0,182.47,2021-05-06
474,38,2128,울산,Ulsan,35,1655,435,35,0,185.52,2021-05-07
475,38,2176,울산,Ulsan,48,1683,455,47,1,189.71,2021-05-08
476,38,2204,울산,Ulsan,28,1725,441,28,0,192.15,2021-05-09
477,38,2228,울산,Ulsan,24,1762,428,24,0,194.24,2021-05-10
478,38,2247,울산,Ulsan,19,1823,386,19,0,195.90,2021-05-11
479,38,2278,울산,Ulsan,31,1869,371,31,0,198.60,2021-05-12
480,38,2309,울산,Ulsan,31,1898,373,31,0,201.30,2021-05-13
481,38,2335,울산,Ulsan,26,1934,363,26,0,203.57,2021-05-14
482,39,2357,울산,Ulsan,22,1968,350,22,0,205.49,2021-05-15
483,39,2368,울산,Ulsan,11,1994,335,11,0,206.44,2021-05-16
484,39,2384,울산,Ulsan,16,2019,326,16,0,207.84,2021-05-17
485,39,2390,울산,Ulsan,6,2061,290,6,0,208.36,2021-05-18
486,39,2417,울산,Ulsan,27,2110,268,27,0,210.72,2021-05-19
487,39,2442,울산,Ulsan,25,2139,264,25,0,212.90,2021-05-20
488,39,2455,울산,Ulsan,13,2168,248,13,0,214.03,2021-05-21
489,39,2484,울산,Ulsan,29,2212,233,29,0,216.56,2021-05-22
490,40,2508,울산,Ulsan,24,2247,221,23,1,218.65,2021-05-23
491,40,2520,울산,Ulsan,12,2275,205,12,0,219.70,2021-05-24
492,40,2527,울산,Ulsan,7,2294,193,7,0,220.31,2021-05-25
493,40,2542,울산,Ulsan,15,2309,193,15,0,221.61,2021-05-26
494,40,2548,울산,Ulsan,6,2327,181,6,0,222.14,2021-05-27
495,40,2560,울산,Ulsan,12,2339,181,12,0,223.18,2021-05-28
496,40,2568,울산,Ulsan,8,2356,172,8,0,223.88,2021-05-29
497,40,2575,울산,Ulsan,7,2377,158,6,1,224.49,2021-05-30
498,40,2578,울산,Ulsan,3,2390,148,3,0,224.75,2021-05-31
499,40,2580,울산,Ulsan,2,2418,122,2,0,224.93,2021-06-01
500,40,2594,울산,Ulsan,14,2463,91,14,0,226.15,2021-06-02
501,40,2602,울산,Ulsan,8,2470,92,8,0,226.85,2021-06-03
502,40,2617,울산,Ulsan,15,2485,92,14,1,228.15,2021-06-04
503,40,2622,울산,Ulsan,5,2498,84,5,0,228.59,2021-06-05
504,40,2629,울산,Ulsan,7,2504,85,7,0,229.20,2021-06-06
505,40,2639,울산,Ulsan,10,2516,83,10,0,230.07,2021-06-07
506,40,2642,울산,Ulsan,3,2523,79,3,0,230.33,2021-06-08
507,40,2648,울산,Ulsan,6,2536,72,6,0,230.86,2021-06-09
508,40,2655,울산,Ulsan,7,2536,79,7,0,231.47,2021-06-10
509,40,2670,울산,Ulsan,15,2542,88,15,0,232.77,2021-06-11
510,40,2676,울산,Ulsan,6,2552,84,6,0,233.30,2021-06-12
511,40,2678,울산,Ulsan,2,2566,72,2,0,233.47,2021-06-13
512,40,2678,울산,Ulsan,0,2576,62,0,0,233.47,2021-06-14
513,40,2682,울산,Ulsan,4,2579,63,4,0,233.82,2021-06-15
514,40,2689,울산,Ulsan,7,2595,54,6,1,234.43,2021-06-16
515,40,2711,울산,Ulsan,22,2597,74,22,0,236.35,2021-06-17
516,40,2722,울산,Ulsan,11,2602,80,11,0,237.31,2021-06-18
517,40,2727,울산,Ulsan,5,2606,81,5,0,237.74,2021-06-19
518,40,2732,울산,Ulsan,5,2621,71,5,0,238.18,2021-06-20
519,40,2732,울산,Ulsan,0,2631,61,0,0,238.18,2021-06-21
520,40,2737,울산,Ulsan,5,2638,59,4,1,238.61,2021-06-22
521,40,2742,울산,Ulsan,5,2641,61,5,0,239.05,2021-06-23
522,40,2755,울산,Ulsan,13,2643,72,11,2,240.18,2021-06-24
523,40,2771,울산,Ulsan,16,2646,85,16,0,241.58,2021-06-25
524,40,2793,울산,Ulsan,22,2660,93,22,0,243.50,2021-06-26
525,40,2799,울산,Ulsan,6,2671,88,3,3,244.02,2021-06-27
526,40,2807,울산,Ulsan,8,2684,83,7,1,244.72,2021-06-28
527,40,2820,울산,Ulsan,13,2687,93,13,0,245.85,2021-06-29
528,40,2824,울산,Ulsan,4,2689,95,4,0,246.20,2021-06-30
529,40,2826,울산,Ulsan,2,2694,92,1,1,246.37,2021-07-01
530,40,2837,울산,Ulsan,11,2700,97,10,1,247.33,2021-07-02
531,40,2838,울산,Ulsan,1,2707,91,0,1,247.42,2021-07-03
532,40,2851,울산,Ulsan,13,2727,84,10,3,248.55,2021-07-04
533,40,2852,울산,Ulsan,1,2738,74,1,0,248.64,2021-07-05
534,40,2855,울산,Ulsan,3,2753,62,3,0,248.90,2021-07-06
535,40,2856,울산,Ulsan,1,2760,56,1,0,248.99,2021-07-07
536,40,2865,울산,Ulsan,9,2771,54,8,1,249.77,2021-07-08
537,40,2881,울산,Ulsan,16,2778,63,16,0,253.61,2021-07-09
538,40,2911,울산,Ulsan,30,2783,88,29,1,256.25,2021-07-10
539,40,2933,울산,Ulsan,22,2791,102,22,0,258.18,2021-07-11
540,40,2941,울산,Ulsan,8,2793,108,8,0,258.89,2021-07-12
541,40,2948,울산,Ulsan,7,2800,108,7,0,259.50,2021-07-13
542,40,2959,울산,Ulsan,11,2810,109,11,0,260.47,2021-07-14
543,40,2978,울산,Ulsan,19,2812,126,18,1,262.14,2021-07-15
544,40,2992,울산,Ulsan,14,2818,134,14,0,263.38,2021-07-16
545,40,3003,울산,Ulsan,11,2820,143,10,1,264.34,2021-07-17
546,40,3015,울산,Ulsan,12,2832,143,11,1,265.40,2021-07-18
547,40,3029,울산,Ulsan,14,2840,149,13,1,266.63,2021-07-19
548,40,3038,울산,Ulsan,9,2853,145,9,0,267.43,2021-07-20
549,40,3056,울산,Ulsan,18,2873,143,18,0,269.01,2021-07-21
550,40,3081,울산,Ulsan,25,2886,155,25,0,271.21,2021-07-22
551,40,3103,울산,Ulsan,22,2895,168,22,0,273.15,2021-07-23
552,40,3122,울산,Ulsan,19,2906,176,18,1,274.82,2021-07-24
553,41,3131,울산,Ulsan,9,2939,151,9,0,275.61,2021-07-25
554,41,3134,울산,Ulsan,3,2947,146,3,0,275.88,2021-07-26
555,41,3139,울산,Ulsan,5,2956,142,5,0,276.32,2021-07-27
556,41,3157,울산,Ulsan,18,2971,145,17,1,277.90,2021-07-28
557,41,3171,울산,Ulsan,14,2984,146,14,0,279.13,2021-07-29
558,41,3189,울산,Ulsan,18,3000,148,17,1,280.72,2021-07-30
559,41,3206,울산,Ulsan,17,3026,139,16,1,282.21,2021-07-31
560,41,3226,울산,Ulsan,20,3035,150,19,1,283.97,2021-08-01
561,41,3239,울산,Ulsan,13,3052,146,12,1,285.12,2021-08-02
562,41,3247,울산,Ulsan,8,3061,145,8,0,285.82,2021-08-03
563,41,3262,울산,Ulsan,15,3076,145,14,1,287.14,2021-08-04
564,41,3275,울산,Ulsan,13,3088,146,13,0,288.29,2021-08-05
565,41,3299,울산,Ulsan,24,3092,166,23,1,290.40,2021-08-06
566,41,3320,울산,Ulsan,21,3104,175,21,0,292.25,2021-08-07
567,41,3378,울산,Ulsan,58,3122,215,58,0,297.35,2021-08-08
568,41,3403,울산,Ulsan,25,3140,222,25,0,299.56,2021-08-09
569,41,3454,울산,Ulsan,51,3156,257,50,1,304.04,2021-08-10
570,41,3502,울산,Ulsan,48,3168,293,48,0,308.27,2021-08-11
571,41,3556,울산,Ulsan,54,3180,335,53,1,313.02,2021-08-12
572,41,3595,울산,Ulsan,39,3205,349,39,0,316.46,2021-08-13
573,41,3621,울산,Ulsan,26,3220,360,26,0,318.75,2021-08-14
574,41,3650,울산,Ulsan,29,3231,378,27,2,321.30,2021-08-15
575,41,3681,울산,Ulsan,31,3249,391,29,2,324.03,2021-08-16
576,41,3703,울산,Ulsan,22,3271,391,21,1,325.96,2021-08-17
577,41,3735,울산,Ulsan,32,3302,392,31,1,328.78,2021-08-18
578,41,3803,울산,Ulsan,68,3360,402,68,0,334.77,2021-08-19
579,41,3833,울산,Ulsan,30,3411,381,28,2,337.41,2021-08-20
580,41,3860,울산,Ulsan,27,3443,376,27,0,339.78,2021-08-21
581,41,3896,울산,Ulsan,36,3478,377,36,0,342.95,2021-08-22
582,41,3933,울산,Ulsan,37,3499,393,37,0,346.21,2021-08-23
583,41,3959,울산,Ulsan,26,3528,390,26,0,348.50,2021-08-24
584,41,3997,울산,Ulsan,38,3568,388,35,3,351.84,2021-08-25
585,41,4037,울산,Ulsan,40,3598,398,40,0,355.36,2021-08-26
586,41,4057,울산,Ulsan,20,3644,372,20,0,357.12,2021-08-27
587,41,4079,울산,Ulsan,22,3706,332,21,1,359.06,2021-08-28
588,41,4115,울산,Ulsan,36,3737,337,36,0,362.23,2021-08-29
589,41,4151,울산,Ulsan,36,3771,339,35,1,365.40,2021-08-30
590,41,4175,울산,Ulsan,24,3794,340,24,0,367.51,2021-08-31
591,42,4246,울산,Ulsan,71,0,4204,68,3,373.76,2021-09-01
592,42,4288,울산,Ulsan,42,3857,389,42,0,377.46,2021-09-02
593,42,4323,울산,Ulsan,35,3888,393,35,0,380.54,2021-09-03
594,42,4370,울산,Ulsan,47,3928,400,47,0,384.68,2021-09-04
595,42,4411,울산,Ulsan,41,3961,408,41,0,388.29,2021-09-05
596,42,4450,울산,Ulsan,39,3986,422,38,1,391.72,2021-09-06
597,42,4497,울산,Ulsan,47,4022,433,45,2,395.86,2021-09-07
598,42,4546,울산,Ulsan,49,4051,453,47,2,400.17,2021-09-08
599,42,4616,울산,Ulsan,70,4091,483,70,0,406.33,2021-09-09
600,42,4657,울산,Ulsan,41,4141,474,40,1,409.94,2021-09-10
601,43,4688,울산,Ulsan,31,4200,445,29,2,412.67,2021-09-11
602,43,4722,울산,Ulsan,34,4250,429,34,0,416,2021-09-12
603,43,4739,울산,Ulsan,17,4276,420,17,0,417.16,2021-09-13
604,43,4774,울산,Ulsan,35,4312,419,35,0,420.24,2021-09-14
605,44,4805,울산,Ulsan,31,4352,409,31,0,422.97,2021-09-15
606,45,4836,울산,Ulsan,31,4402,389,31,0,422.97,2021-09-16
607,45,4853,울산,Ulsan,17,4456,352,17,0,422.97,2021-09-17
608,45,4887,울산,Ulsan,34,4504,338,33,1,422.97,2021-09-18
609,46,4917,울산,Ulsan,30,4557,314,30,0,432.83,2021-09-19
610,46,4932,울산,Ulsan,15,4597,289,14,1,434.15,2021-09-20
611,46,4948,울산,Ulsan,16,4633,269,15,1,436,2021-09-21
612,46,4968,울산,Ulsan,20,4666,256,20,0,437.32,2021-09-22
613,46,4991,울산,Ulsan,23,4685,260,22,1,439.34,2021-09-23
614,48,5021,울산,Ulsan,30,4717,256,30,0,441.98,2021-09-24
615,48,5047,울산,Ulsan,26,4748,251,26,0,444.27,2021-09-25
616,49,5074,울산,Ulsan,27,4788,237,27,0,446.65,2021-09-26
617,52,5094,울산,Ulsan,20,4811,231,19,1,448.41,2021-09-27
618,52,5111,울산,Ulsan,17,4845,214,17,0,449.91,2021-09-28
619,52,5138,울산,Ulsan,27,4867,219,27,0,452.28,2021-09-29
620,52,5165,울산,Ulsan,27,4880,233,27,0,454.66,2021-09-30
621,55,5189,울산,Ulsan,24,4895,239,24,0,456.77,2021-10-01
622,55,5208,울산,Ulsan,19,4920,233,19,0,458.44,2021-10-02
623,55,5226,울산,Ulsan,18,4946,225,17,1,460.03,2021-10-03
624,55,5231,울산,Ulsan,5,4966,210,5,0,460.47,2021-10-04
625,55,5243,울산,Ulsan,12,4981,207,11,1,461.52,2021-10-05
626,55,5247,울산,Ulsan,4,5019,173,4,0,461.88,2021-10-06
627,56,5261,울산,Ulsan,14,5037,168,14,0,1.61,2021-10-07
628,56,5277,울산,Ulsan,16,5068,153,16,0,464.52,2021-10-08
629,56,5290,울산,Ulsan,13,5095,139,12,1,465.66,2021-10-09
630,56,5299,울산,Ulsan,9,5114,129,9,0,466,2021-10-10
631,56,5310,울산,Ulsan,11,5132,122,11,0,467,2021-10-11
632,56,5327,울산,Ulsan,17,5149,122,17,0,468.92,2021-10-12
633,56,5334,울산,Ulsan,7,5161,117,7,0,469.54,2021-10-13
634,56,5340,울산,Ulsan,6,5178,106,6,0,470.06,2021-10-14
635,56,5348,울산,Ulsan,8,5187,105,8,0,470.77,2021-10-15
636,56,5355,울산,Ulsan,7,5201,98,6,1,471.38,2021-10-16
637,56,5359,울산,Ulsan,4,5217,86,4,0,471.74,2021-10-17
638,56,5362,울산,Ulsan,3,5227,79,3,0,472.00,2021-10-18
639,56,5362,울산,Ulsan,0,5240,66,0,0,472,2021-10-19
640,56,5369,울산,Ulsan,7,5248,65,6,1,472.62,2021-10-20
641,56,5370,울산,Ulsan,1,5266,48,1,0,472.7,2021-10-21
642,56,5373,울산,Ulsan,3,5269,48,2,1,472.97,2021-10-22
643,56,5379,울산,Ulsan,6,5279,44,6,0,474,2021-10-23
644,56,5382,울산,Ulsan,3,5287,39,2,1,473.76,2021-10-24
645,56,5386,울산,Ulsan,4,5293,37,4,0,474.11,2021-10-25
646,56,5395,울산,Ulsan,9,5305,34,9,0,474.9,2021-10-26
647,56,5403,울산,Ulsan,8,5307,40,7,1,475.61,2021-10-27
648,56,5409,울산,Ulsan,6,5307,46,6,0,476.14,2021-10-28
649,56,5413,울산,Ulsan,4,5311,46,4,0,476,2021-10-29
650,56,5416,울산,Ulsan,3,5311,49,3,0,477,2021-10-30
651,56,5421,울산,Ulsan,5,5316,49,5,0,477,2021-10-31
652,56,5433,울산,Ulsan,12,5317,60,12,0,478,2021-11-01
653,56,5440,울산,Ulsan,7,5329,55,7,0,479,2021-11-02
654,56,5447,울산,Ulsan,7,5331,60,6,1,479,2021-11-03
655,56,5447,울산,Ulsan,7,5329,55,6,1,479,2021-11-03
656,56,5451,울산,Ulsan,4,5336,59,4,0,480,2021-11-04
657,56,5456,울산,Ulsan,5,5344,56,5,0,480,2021-11-05
658,56,5468,울산,Ulsan,12,5350,62,12,0,481,2021-11-06
659,56,5469,울산,Ulsan,1,5354,59,1,0,481,2021-11-07
660,56,5474,울산,Ulsan,5,5357,61,5,0,482,2021-11-08
661,56,5478,울산,Ulsan,4,5360,62,4,0,482,2021-11-09
662,57,5483,울산,Ulsan,5,5367,59,5,0,483,2021-11-10
663,57,5503,울산,Ulsan,20,5380,66,20,0,484,2021-11-11
664,57,5507,울산,Ulsan,4,5387,63,4,0,485,2021-11-12
665,57,5508,울산,Ulsan,1,5392,59,1,0,485,2021-11-13
666,57,5515,울산,Ulsan,7,5399,59,7,0,485,2021-11-14
667,57,5519,울산,Ulsan,4,5404,58,3,1,486,2021-11-15
668,57,5528,울산,Ulsan,9,5412,59,9,0,487,2021-11-16
669,57,5542,울산,Ulsan,14,5418,67,14,0,488,2021-11-17
670,57,5552,울산,Ulsan,10,5419,76,9,1,489,2021-11-18
671,57,5556,울산,Ulsan,4,5424,75,4,0,489,2021-11-19
672,57,5561,울산,Ulsan,5,5433,71,5,0,490,2021-11-20
673,57,5570,울산,Ulsan,9,5448,65,9,0,490.31,2021-11-21
674,57,5580,울산,Ulsan,10,5450,73,10,0,491,2021-11-22
675,57,5587,울산,Ulsan,7,5453,77,7,0,492,2021-11-23
676,57,5598,울산,Ulsan,11,5461,80,11,0,493,2021-11-24
677,57,5611,울산,Ulsan,13,5468,86,13,0,494,2021-11-25
678,57,5624,울산,Ulsan,13,5476,91,13,0,495,2021-11-26
679,57,5631,울산,Ulsan,7,5485,89,6,1,496,2021-11-27
680,57,5635,울산,Ulsan,4,5495,83,4,0,496,2021-11-28
681,57,5637,울산,Ulsan,2,5498,82,2,0,496,2021-11-29
682,57,5640,울산,Ulsan,3,5510,73,3,0,496,2021-11-30
683,57,5657,울산,Ulsan,17,5512,88,15,2,498,2021-12-01
684,57,5675,울산,Ulsan,18,5519,99,18,0,500,2021-12-02
685,57,5695,울산,Ulsan,20,5532,0,19,1,501,2021-12-03
686,57,5702,울산,Ulsan,7,5548,0,7,0,502,2021-12-04
687,57,5718,울산,Ulsan,16,5557,0,16,0,503,2021-12-05
688,57,5733,울산,Ulsan,15,5566,0,13,2,505,2021-12-06
689,57,5747,울산,Ulsan,14,5573,0,14,0,506,2021-12-07
690,57,5773,울산,Ulsan,26,5575,0,25,1,508,2021-12-08
691,57,5822,울산,Ulsan,49,5580,0,49,0,512,2021-12-09
692,57,5865,울산,Ulsan,43,5588,0,43,0,516,2021-12-10
693,57,5899,울산,Ulsan,34,5603,0,34,0,519,2021-12-11
694,57,5949,울산,Ulsan,50,5627,0,49,1,524,2021-12-12
695,57,5988,울산,Ulsan,39,5637,0,39,0,527,2021-12-13
696,57,6073,울산,Ulsan,85,5646,0,85,0,535,2021-12-14
697,59,6132,울산,Ulsan,59,5667,0,59,0,540,2021-12-15
698,59,6208,울산,Ulsan,76,5681,0,76,0,546,2021-12-16
699,59,6265,울산,Ulsan,57,5704,0,57,0,551,2021-12-17
700,59,6311,울산,Ulsan,46,5741,0,46,0,556,2021-12-18
701,59,6350,울산,Ulsan,39,5777,0,37,2,559,2021-12-19
702,59,6386,울산,Ulsan,36,5806,0,36,0,562,2021-12-20
703,60,6421,울산,Ulsan,35,5845,0,35,0,565,2021-12-21
704,60,6460,울산,Ulsan,39,5879,0,39,0,569,2021-12-22
705,61,6504,울산,Ulsan,44,5929,0,43,1,573,2021-12-23
706,61,6547,울산,Ulsan,43,5992,0,43,0,576,2021-12-24
707,61,6610,울산,Ulsan,63,6040,0,62,1,582,2021-12-25
708,61,6663,울산,Ulsan,53,6113,0,52,1,587,2021-12-26
709,61,6705,울산,Ulsan,42,6170,0,40,2,590,2021-12-27
710,61,6744,울산,Ulsan,39,6214,0,39,0,594,2021-12-28
711,61,6793,울산,Ulsan,49,6261,0,47,2,598,2021-12-29
712,62,6833,울산,Ulsan,40,6261,0,37,3,601,2021-12-30
713,62,6873,울산,Ulsan,40,6332,0,38,2,605,2021-12-31
714,62,6923,울산,Ulsan,50,6371,0,50,0,609,2022-01-01
715,63,6981,울산,Ulsan,58,6411,0,58,0,615,2022-01-02
716,63,7019,울산,Ulsan,38,6453,0,38,0,618,2022-01-03
717,63,7053,울산,Ulsan,34,6517,0,33,1,629,2022-01-04
718,63,7101,울산,Ulsan,48,6570,0,47,1,633,2022-01-05
719,63,7131,울산,Ulsan,30,6604,0,28,2,636,2022-01-06
720,63,7169,울산,Ulsan,38,6644,0,33,5,639,2022-01-07
721,63,7196,울산,Ulsan,27,6701,0,27,0,642,2022-01-08
722,64,7230,울산,Ulsan,34,6741,0,31,3,645,2022-01-09
723,64,7253,울산,Ulsan,23,6782,0,20,3,647,2022-01-10
724,64,7275,울산,Ulsan,22,6823,0,17,5,649,2022-01-11
725,65,7302,울산,Ulsan,27,6888,0,27,0,651,2022-01-12
726,65,7329,울산,Ulsan,27,6928,0,26,1,653,2022-01-13
727,65,7369,울산,Ulsan,40,6967,0,34,6,657,2022-01-14
728,65,7386,울산,Ulsan,17,7009,0,14,3,659,2022-01-15
729,65,7405,울산,Ulsan,19,7045,0,15,4,660,2022-01-16
730,65,7424,울산,Ulsan,19,7080,0,17,2,662,2022-01-17
731,65,7459,울산,Ulsan,35,7107,0,33,2,665,2022-01-18
732,65,7503,울산,Ulsan,44,7137,0,44,0,669,2022-01-19
733,66,7575,울산,Ulsan,72,7155,0,69,3,675,2022-01-20
734,66,7657,울산,Ulsan,82,7155,0,78,4,683,2022-01-21
735,66,7708,울산,Ulsan,51,7194,0,50,1,679,2022-01-22
736,66,7799,울산,Ulsan,91,7219,0,84,7,687,2022-01-23
737,66,7868,울산,Ulsan,69,7249,0,65,4,702,2022-01-24
738,66,7969,울산,Ulsan,101,7265,0,96,5,711,2022-01-25
739,66,8117,울산,Ulsan,148,7265,0,142,6,724,2022-01-26
740,66,8265,울산,Ulsan,148,7371,0,146,2,737,2022-01-27
741,66,8423,울산,Ulsan,158,7396,0,156,2,751,2022-01-28
742,66,8623,울산,Ulsan,200,7432,0,200,0,769,2022-01-29
743,66,8835,울산,Ulsan,212,7472,0,202,10,788,2022-01-30
744,66,9037,울산,Ulsan,202,7542,0,202,0,806,2022-01-31
745,66,9291,울산,Ulsan,254,7584,0,250,4,828,2022-02-01
746,66,9591,울산,Ulsan,300,7661,0,296,4,855,2022-02-02
747,66,9861,울산,Ulsan,270,7736,0,270,0,879,2022-02-03
748,66,10332,울산,Ulsan,471,7798,0,471,0,921,2022-02-04
749,66,10835,울산,Ulsan,503,7914,0,503,0,954,2022-02-05
750,66,11406,울산,Ulsan,571,8036,0,571,0,1017,2022-02-06
751,66,11999,울산,Ulsan,593,8152,0,592,1,1070,2022-02-07
752,66,11406,울산,Ulsan,593,11999,0,592,1,1017,2022-02-07
753,66,11999,울산,Ulsan,593,11999,0,592,1,1070,2022-02-07
754,67,12500,울산,Ulsan,501,8438,0,501,0,1114,2022-02-08
755,67,13291,울산,Ulsan,791,8589,0,789,2,1185,2022-02-09
756,67,14023,울산,Ulsan,732,8929,0,732,0,1250,2022-02-10
757,67,14818,울산,Ulsan,795,9492,0,795,0,1321,2022-02-11
758,67,15544,울산,Ulsan,726,9997,0,726,0,1386,2022-02-12
759,67,16349,울산,Ulsan,805,10364,0,805,0,1458,2022-02-13
760,67,17025,울산,Ulsan,676,10957,0,676,0,1518,2022-02-14
761,67,17801,울산,Ulsan,776,11613,0,776,0,1587,2022-02-15
762,67,19560,울산,Ulsan,1759,12421,0,1759,0,1744,2022-02-16
763,67,21251,울산,Ulsan,1691,13096,0,1691,0,1895,2022-02-17
764,68,23198,울산,Ulsan,1947,13840,0,1947,0,2068,2022-02-18
765,70,25029,울산,Ulsan,1832,14474,0,1832,0,2203,2022-02-19
766,70,26948,울산,Ulsan,1919,15214,0,1919,0,2372,2022-02-20
767,72,28541,울산,Ulsan,1593,16449,0,1593,0,2545,2022-02-21
768,72,30482,울산,Ulsan,1941,18134,0,1941,0,2718,2022-02-22
769,75,33929,울산,Ulsan,3447,19815,0,3447,0,3025,2022-02-23
770,80,37159,울산,Ulsan,3231,21631,0,3231,0,3313,2022-02-24
771,82,40691,울산,Ulsan,3532,23862,0,3532,0,3628,2022-02-25
772,85,43818,울산,Ulsan,3128,25453,0,3128,0,3907,2022-02-26
773,88,47133,울산,Ulsan,3315,25453,0,3315,0,4202,2022-02-27
774,89,49618,울산,Ulsan,2485,25453,0,2485,0,4424,2022-02-28
775,91,52562,울산,Ulsan,2944,33058,0,2944,0,4627,2022-03-01
776,93,57683,울산,Ulsan,5121,33058,0,5121,0,5143,2022-03-02
777,99,61072,울산,Ulsan,3389,38526,0,3389,0,5445,2022-03-03
778,99,66885,울산,Ulsan,5813,38526,0,5813,0,5963,2022-03-04
779,100,72466,울산,Ulsan,5581,42008,0,5581,0,6461,2022-03-05
780,103,77481,울산,Ulsan,5015,42008,0,5015,0,6908,2022-03-06
781,107,81394,울산,Ulsan,3913,42008,0,3913,0,7257,2022-03-07
782,111,85954,울산,Ulsan,4560,54071,0,4560,0,7664,2022-03-08
783,111,92536,울산,Ulsan,6582,57385,0,6582,0,8250,2022-03-09
784,113,101325,울산,Ulsan,8789,57385,0,8789,0,9034,2022-03-10
785,113,106586,울산,Ulsan,5261,57385,0,5261,0,9503,2022-03-11
786,118,106586,울산,Ulsan,5261,57384,0,5261,0,9503,2022-03-11
787,124,115686,울산,Ulsan,9100,73212,0,9100,0,10183,2022-03-12
788,128,124853,울산,Ulsan,9167,73212,0,9167,0,10990,2022-03-13
789,130,130189,울산,Ulsan,5336,73212,0,5336,0,11608,2022-03-14
790,132,138491,울산,Ulsan,8302,87644,0,8302,0,12348,2022-03-15
791,133,148855,울산,Ulsan,10364,94413,0,10362,2,13272,2022-03-16
792,139,163623,울산,Ulsan,14768,100070,0,14768,0,14588,2022-03-17
793,142,171489,울산,Ulsan,7866,108713,0,7866,0,15290,2022-03-18
794,147,179342,울산,Ulsan,7853,108722,0,7853,0,15787,2022-03-19
795,167,186663,울산,Ulsan,7321,108722,0,7321,0,16431,2022-03-20
796,178,190902,울산,Ulsan,4239,108722,0,4239,0,17021,2022-03-21
797,188,199065,울산,Ulsan,8224,140460,0,0,8224,17748,2022-03-22
798,188,199065,울산,Ulsan,8224,140460,0,8224,0,17748,2022-03-22
799,190,210095,울산,Ulsan,11031,151351,0,11031,0,18732,2022-03-23
800,204,218451,울산,Ulsan,8356,158777,0,8356,0,19477,2022-03-24
801,210,225881,울산,Ulsan,7433,167090,0,7433,0,20139,2022-03-25
802,210,225881,울산,Ulsan,7433,167090,0,0,7433,20139,2022-03-25
803,212,233329,울산,Ulsan,7450,177237,0,7450,0,20803,2022-03-26
804,216,240190,울산,Ulsan,6861,177237,0,6861,0,21415,2022-03-27
805,223,243949,울산,Ulsan,3759,177237,0,3759,0,21750,2022-03-28
806,226,251519,울산,Ulsan,7573,0,0,7573,0,22425,2022-03-29
807,236,236,울산,Ulsan,9094,0,0,9094,0,21,2022-03-30
808,236,260612,울산,Ulsan,9094,0,0,9094,0,23236,2022-03-30
809,236,266917,울산,Ulsan,6307,0,0,6307,0,23798,2022-03-31
810,251,272729,울산,Ulsan,5813,0,0,5813,0,24316,2022-04-01
811,256,278323,울산,Ulsan,5594,0,0,5594,0,24815,2022-04-02
812,262,283372,울산,Ulsan,5049,0,0,5049,0,25265,2022-04-03
813,268,285853,울산,Ulsan,2481,0,0,2481,0,25486,2022-04-04
814,268,285853,울산,Ulsan,2481,0,0,2481,0,25486,2022-04-04
815,272,291312,울산,Ulsan,5459,0,0,5459,0,25973,2022-04-05
816,277,297594,울산,Ulsan,6287,0,0,6287,0,26533,2022-04-06
817,280,302242,울산,Ulsan,4648,0,0,4648,0,26948,2022-04-07
818,288,306481,울산,Ulsan,4244,0,0,4244,0,27326,2022-04-08
819,290,310236,울산,Ulsan,3756,0,0,3756,0,27660,2022-04-09
820,296,314068,울산,Ulsan,3832,0,0,3832,0,28002,2022-04-10
821,300,315850,울산,Ulsan,1782,0,0,1782,0,28161,2022-04-11
822,301,320038,울산,Ulsan,4192,0,0,4192,0,28534,2022-04-12
823,302,324087,울산,Ulsan,4051,0,0,4051,0,28895,2022-04-13
824,307,327130,울산,Ulsan,3043,0,0,3043,0,29167,2022-04-14
825,310,329843,울산,Ulsan,2713,0,0,2713,0,29408,2022-04-15
826,313,331987,울산,Ulsan,2147,0,0,2147,0,29600,2022-04-16
827,313,334005,울산,Ulsan,2018,0,0,2018,0,29780,2022-04-17
828,315,334937,울산,Ulsan,932,0,0,932,0,29863,2022-04-18
829,315,337321,울산,Ulsan,2387,0,0,2387,0,30075,2022-04-19
830,317,339820,울산,Ulsan,2501,0,0,2501,0,30298,2022-04-20
831,319,341763,울산,Ulsan,1946,0,0,1945,1,30471,2022-04-21
832,320,343611,울산,Ulsan,1852,0,0,1852,0,30636,2022-04-22
833,320,345351,울산,Ulsan,1740,0,0,1740,0,30791,2022-04-23
834,322,347040,울산,Ulsan,1689,0,0,1689,0,30942,2022-04-24
835,322,347729,울산,Ulsan,689,0,0,689,0,31003,2022-04-25
836,322,349482,울산,Ulsan,1753,0,0,1753,0,31159,2022-04-26
837,322,349482,울산,Ulsan,1753,0,0,1753,0,31159,2022-04-26
838,323,351254,울산,Ulsan,1772,0,0,1772,0,31317,2022-04-27
839,323,352643,울산,Ulsan,1389,0,0,1389,0,31441,2022-04-28
840,324,353783,울산,Ulsan,1141,0,0,1141,0,31543,2022-04-29
841,325,354778,울산,Ulsan,995,0,0,995,0,31632,2022-04-30
842,326,355828,울산,Ulsan,1050,0,0,1050,0,31725,2022-05-01
843,327,356239,울산,Ulsan,411,0,0,411,0,31762,2022-05-02
844,327,357433,울산,Ulsan,1195,0,0,1195,0,31868,2022-05-03
845,330,358552,울산,Ulsan,1119,0,0,1119,0,31968,2022-05-04
846,332,359595,울산,Ulsan,1043,0,0,1043,0,31654,2022-05-05
847,332,360295,울산,Ulsan,700,0,0,700,0,32124,2022-05-06
848,332,361174,울산,Ulsan,879,0,0,879,0,31793,2022-05-07
849,332,362292,울산,Ulsan,1118,0,0,1118,0,31891,2022-05-08
850,332,362766,울산,Ulsan,474,0,0,474,0,32344,2022-05-09
851,332,364086,울산,Ulsan,1321,0,0,1321,0,32462,2022-05-10
852,332,365344,울산,Ulsan,1258,0,0,1258,0,32574,2022-05-11
853,333,366309,울산,Ulsan,965,0,0,965,0,32660,2022-05-12
854,334,367124,울산,Ulsan,816,0,0,816,0,32732,2022-05-13
855,334,367904,울산,Ulsan,781,0,0,781,0,32802,2022-05-14
856,334,368671,울산,Ulsan,767,0,0,767,0,32870,2022-05-15
857,334,368991,울산,Ulsan,320,0,0,320,0,32899,2022-05-16
858,334,369825,울산,Ulsan,834,0,0,834,0,32973,2022-05-17
859,335,370681,울산,Ulsan,856,0,0,856,0,33050,2022-05-18
860,335,371434,울산,Ulsan,753,0,0,753,0,33117,2022-05-19
861,336,372094,울산,Ulsan,660,0,0,660,0,33176,2022-05-20
862,336,372720,울산,Ulsan,626,0,0,626,0,33231,2022-05-21
863,336,372720,울산,Ulsan,626,0,0,626,0,33231,2022-05-21
864,336,373371,울산,Ulsan,651,0,0,651,0,33289,2022-05-22
865,338,373581,울산,Ulsan,210,0,0,210,0,33308,2022-05-23
866,338,374334,울산,Ulsan,753,0,0,751,2,33375,2022-05-24
867,338,375036,울산,Ulsan,702,0,0,702,0,33438,2022-05-25
868,338,375608,울산,Ulsan,572,0,0,571,1,33489,2022-05-26
869,339,376117,울산,Ulsan,509,0,0,508,1,33534,2022-05-27
870,339,376550,울산,Ulsan,433,0,0,433,0,33573,2022-05-28
871,339,376944,울산,Ulsan,394,0,0,391,3,33608,2022-05-29
872,339,377053,울산,Ulsan,109,0,0,109,0,33618,2022-05-30
873,339,377545,울산,Ulsan,495,0,0,494,1,33662,2022-05-31
874,339,378006,울산,Ulsan,461,0,0,461,0,33703,2022-06-01
875,340,378328,울산,Ulsan,322,0,0,322,0,33731,2022-06-02
876,340,378689,울산,Ulsan,362,0,0,362,0,33764,2022-06-03
877,340,379019,울산,Ulsan,331,0,0,330,1,33793,2022-06-04
878,340,379326,울산,Ulsan,307,0,0,307,0,33820,2022-06-05
879,340,379431,울산,Ulsan,105,0,0,105,0,33830,2022-06-06
880,341,379618,울산,Ulsan,187,0,0,187,0,33846,2022-06-07
881,341,379986,울산,Ulsan,368,0,0,368,0,33879,2022-06-08
882,341,380412,울산,Ulsan,426,0,0,426,0,33917,2022-06-09
883,341,380715,울산,Ulsan,303,0,0,298,5,33944,2022-06-10
884,341,381010,울산,Ulsan,295,0,0,295,0,33970,2022-06-11
885,341,381307,울산,Ulsan,297,0,0,294,3,33997,2022-06-12
886,341,381417,울산,Ulsan,110,0,0,110,0,34007,2022-06-13
887,341,381723,울산,Ulsan,306,0,0,306,0,34034,2022-06-14
888,341,382041,울산,Ulsan,320,0,0,320,0,34062,2022-06-15
889,341,382324,울산,Ulsan,284,0,0,282,2,34088,2022-06-16
890,342,382581,울산,Ulsan,257,0,0,254,3,34111,2022-06-17
891,342,382825,울산,Ulsan,244,0,0,244,0,33699,2022-06-18
892,342,383068,울산,Ulsan,243,0,0,243,0,33720,2022-06-19
893,342,383183,울산,Ulsan,115,0,0,115,0,34164,2022-06-20
894,342,383183,울산,Ulsan,115,0,0,115,0,34164,2022-06-20
895,342,383499,울산,Ulsan,317,0,0,315,2,34192,2022-06-21
896,342,383829,울산,Ulsan,332,0,0,330,2,34222,2022-06-22
897,342,384070,울산,Ulsan,241,0,0,239,2,34243,2022-06-23
898,342,384249,울산,Ulsan,179,0,0,176,3,34259,2022-06-24
899,342,384440,울산,Ulsan,191,0,0,190,1,34276,2022-06-25
900,342,384669,울산,Ulsan,229,0,0,227,2,34297,2022-06-26
901,342,384755,울산,Ulsan,86,0,0,84,2,34304,2022-06-27
902,342,385024,울산,Ulsan,269,0,0,268,1,34328,2022-06-28
903,342,385365,울산,Ulsan,341,0,0,336,5,34359,2022-06-29
904,342,385646,울산,Ulsan,281,0,0,280,1,34384,2022-06-30
905,342,385937,울산,Ulsan,291,0,0,290,1,34410,2022-07-01
906,342,386248,울산,Ulsan,311,0,0,311,0,34437,2022-07-02
907,342,386533,울산,Ulsan,285,0,0,283,2,34463,2022-07-03
908,342,386681,울산,Ulsan,148,0,0,148,0,34476,2022-07-04
909,342,387146,울산,Ulsan,465,0,0,462,3,34518,2022-07-05
910,342,387664,울산,Ulsan,518,0,0,507,11,34564,2022-07-06
911,342,388144,울산,Ulsan,480,0,0,472,8,34607,2022-07-07
912,342,388634,울산,Ulsan,490,0,0,484,6,34650,2022-07-08
913,342,389214,울산,Ulsan,580,0,0,577,3,34702,2022-07-09
914,343,389860,울산,Ulsan,646,0,0,643,3,34760,2022-07-10
915,343,390191,울산,Ulsan,331,0,0,331,0,34789,2022-07-11
916,343,391192,울산,Ulsan,1001,0,0,998,3,34878,2022-07-12
917,343,392321,울산,Ulsan,1129,0,0,1119,10,34979,2022-07-13
918,343,393407,울산,Ulsan,1086,0,0,1078,8,35076,2022-07-14
919,343,394461,울산,Ulsan,1054,0,0,1044,10,35170,2022-07-15
920,343,395639,울산,Ulsan,1178,0,0,1171,7,34827,2022-07-16
921,343,397008,울산,Ulsan,1369,0,0,1361,8,34947,2022-07-17
922,343,397617,울산,Ulsan,609,0,0,608,1,35451,2022-07-18
923,343,399684,울산,Ulsan,2068,0,0,2066,2,35635,2022-07-19
924,343,401790,울산,Ulsan,2106,0,0,2100,6,35823,2022-07-20
925,344,403810,울산,Ulsan,2020,0,0,2014,6,36003,2022-07-21
926,344,405680,울산,Ulsan,1871,0,0,1869,2,36170,2022-07-22
927,344,407545,울산,Ulsan,1865,0,0,1863,2,36336,2022-07-23
928,344,409529,울산,Ulsan,1984,0,0,1978,6,36513,2022-07-24
929,344,410231,울산,Ulsan,702,0,0,702,0,36576,2022-07-25
930,345,412618,울산,Ulsan,2393,0,0,2393,0,36789,2022-07-26
931,345,415292,울산,Ulsan,2674,0,0,2657,17,37027,2022-07-27
932,345,417669,울산,Ulsan,2377,0,0,2365,12,37239,2022-07-28
933,346,419829,울산,Ulsan,2160,0,0,2153,7,37432,2022-07-29
934,347,421925,울산,Ulsan,2097,0,0,2090,7,37618,2022-07-30
935,348,423995,울산,Ulsan,2070,0,0,2063,7,37803,2022-07-31
936,348,425091,울산,Ulsan,1096,0,0,1092,4,37901,2022-08-01
937,348,427629,울산,Ulsan,2540,0,0,2532,8,38127,2022-08-02
938,348,430486,울산,Ulsan,2859,0,0,2829,30,38382,2022-08-03
939,348,433367,울산,Ulsan,2881,0,0,2864,17,38639,2022-08-04
940,348,436300,울산,Ulsan,2937,0,0,2927,10,38900,2022-08-05
941,350,439255,울산,Ulsan,2958,0,0,2947,11,39164,2022-08-06
942,350,442390,울산,Ulsan,3135,0,0,3115,20,39443,2022-08-07
943,352,443994,울산,Ulsan,1604,0,0,1593,11,39586,2022-08-08
944,353,447511,울산,Ulsan,3523,0,0,3508,15,39900,2022-08-09
945,353,451704,울산,Ulsan,4197,0,0,4180,17,40273,2022-08-10
946,354,454943,울산,Ulsan,3243,0,0,3216,27,40562,2022-08-11
947,354,458046,울산,Ulsan,3104,0,0,3086,18,40839,2022-08-12
948,356,461003,울산,Ulsan,2964,0,0,2942,22,41103,2022-08-13
949,359,463816,울산,Ulsan,2813,0,0,2808,5,41353,2022-08-14
950,360,465411,울산,Ulsan,1595,0,0,1590,5,41496,2022-08-15
951,361,467516,울산,Ulsan,2105,0,0,2098,7,41683,2022-08-16
952,362,471390,울산,Ulsan,3877,0,0,3856,21,42029,2022-08-17
953,364,475598,울산,Ulsan,4210,0,0,4201,9,42404,2022-08-18
954,365,478735,울산,Ulsan,3138,0,0,3126,12,42684,2022-08-19
955,367,481884,울산,Ulsan,3150,0,0,3145,5,42964,2022-08-20
956,367,484747,울산,Ulsan,2863,0,0,2856,7,43220,2022-08-21
957,368,486029,울산,Ulsan,1282,0,0,1280,2,43334,2022-08-22
958,370,489392,울산,Ulsan,3367,0,0,3358,9,43634,2022-08-23
959,371,492655,울산,Ulsan,3265,0,0,3249,16,43925,2022-08-24
960,372,495210,울산,Ulsan,2555,0,0,2553,2,44152,2022-08-25
961,372,495210,울산,Ulsan,2555,0,0,2553,2,44152,2022-08-25
962,372,497369,울산,Ulsan,2159,0,0,2156,3,44345,2022-08-26
963,375,499430,울산,Ulsan,2062,0,0,2055,7,43963,2022-08-27
964,376,501346,울산,Ulsan,1916,0,0,1913,3,44699,2022-08-28
965,376,502160,울산,Ulsan,814,0,0,813,1,44772,2022-08-29
966,378,504261,울산,Ulsan,2103,0,0,2089,14,44959,2022-08-30
967,379,506145,울산,Ulsan,1884,0,0,1871,13,45127,2022-08-31
968,380,507746,울산,Ulsan,1601,0,0,1599,2,45270,2022-09-01
969,381,509207,울산,Ulsan,1461,0,0,1457,4,45400,2022-09-02
970,384,510656,울산,Ulsan,1449,0,0,1445,4,45530,2022-09-03
971,386,512119,울산,Ulsan,1463,0,0,1462,1,45660,2022-09-04
972,387,512740,울산,Ulsan,621,0,0,620,1,45715,2022-09-05
973,387,514430,울산,Ulsan,1692,0,0,1687,5,45866,2022-09-06
974,389,515797,울산,Ulsan,1368,0,0,1361,7,45988,2022-09-07
975,393,517208,울산,Ulsan,1411,0,0,1408,3,46114,2022-09-08
976,393,518400,울산,Ulsan,1192,0,0,1190,2,46220,2022-09-09
977,395,519202,울산,Ulsan,802,0,0,802,0,46292,2022-09-10
978,397,519655,울산,Ulsan,453,0,0,451,2,45744,2022-09-11
979,398,520230,울산,Ulsan,575,0,0,574,1,46383,2022-09-12
980,399,521224,울산,Ulsan,994,0,0,994,0,46472,2022-09-13
981,400,522861,울산,Ulsan,1637,0,0,1629,8,46618,2022-09-14
982,400,522861,울산,Ulsan,1637,0,0,1629,8,46618,2022-09-14
983,403,524195,울산,Ulsan,1334,0,0,1329,5,46737,2022-09-15
984,404,525131,울산,Ulsan,937,0,0,935,2,46820,2022-09-16
985,404,525849,울산,Ulsan,718,0,0,715,3,46884,2022-09-17
986,405,526503,울산,Ulsan,654,0,0,650,4,46942,2022-09-18
987,406,526796,울산,Ulsan,293,0,0,293,0,46969,2022-09-19
988,407,527473,울산,Ulsan,678,0,0,676,2,47029,2022-09-20
989,408,528209,울산,Ulsan,737,0,0,731,6,47095,2022-09-21
990,409,528743,울산,Ulsan,534,0,0,529,5,47142,2022-09-22
991,410,529203,울산,Ulsan,461,0,0,459,2,47183,2022-09-23
992,410,529665,울산,Ulsan,462,0,0,459,3,47224,2022-09-24
993,411,530116,울산,Ulsan,451,0,0,446,5,47265,2022-09-25
994,412,530330,울산,Ulsan,214,0,0,211,3,47284,2022-09-26
995,412,530892,울산,Ulsan,565,0,0,562,3,47334,2022-09-27
996,412,531517,울산,Ulsan,625,0,0,620,5,47390,2022-09-28
997,413,532013,울산,Ulsan,498,0,0,496,2,47434,2022-09-29
998,415,532497,울산,Ulsan,486,0,0,480,6,47477,2022-09-30
999,418,532949,울산,Ulsan,454,0,0,450,4,47517,2022-10-01
1000,419,533414,울산,Ulsan,465,0,0,461,4,47559,2022-10-02
1001,419,533603,울산,Ulsan,189,0,0,189,0,47575,2022-10-03
1002,419,533603,울산,Ulsan,189,0,0,189,0,47575,2022-10-03
1003,419,533603,울산,Ulsan,189,0,0,189,0,47575,2022-10-03
1004,419,533603,울산,Ulsan,189,0,0,189,0,47575,2022-10-03
1005,419,533961,울산,Ulsan,358,0,0,358,0,47607,2022-10-04
1006,419,534501,울산,Ulsan,540,0,0,540,0,47656,2022-10-05
1007,419,534501,울산,Ulsan,540,0,0,540,0,47656,2022-10-05
1008,420,535080,울산,Ulsan,579,0,0,578,1,47707,2022-10-06
1009,420,535433,울산,Ulsan,354,0,0,354,0,47739,2022-10-07
1010,420,535799,울산,Ulsan,366,0,0,365,1,47771,2022-10-08
1011,420,535799,울산,Ulsan,366,0,0,365,1,47771,2022-10-08
1012,420,536109,울산,Ulsan,310,0,0,309,1,47799,2022-10-09
1013,420,536296,울산,Ulsan,187,0,0,186,1,47816,2022-10-10
1014,421,536641,울산,Ulsan,345,0,0,342,3,47846,2022-10-11
1015,421,536641,울산,Ulsan,345,0,0,342,3,47846,2022-10-11
1016,421,537180,울산,Ulsan,542,0,0,541,1,47894,2022-10-12
1017,421,537717,울산,Ulsan,537,0,0,537,0,47942,2022-10-13
1018,421,537717,울산,Ulsan,537,0,0,537,0,47942,2022-10-13
1019,423,538205,울산,Ulsan,488,0,0,485,3,47986,2022-10-14
1020,423,538667,울산,Ulsan,462,0,0,458,4,48027,2022-10-15
1021,423,539107,울산,Ulsan,440,0,0,437,3,48066,2022-10-16
1022,423,539318,울산,Ulsan,211,0,0,211,0,48085,2022-10-17
1023,423,539318,울산,Ulsan,211,0,0,211,0,48085,2022-10-17
1024,424,539935,울산,Ulsan,617,0,0,616,1,48140,2022-10-18
1025,424,540508,울산,Ulsan,575,0,0,572,3,48191,2022-10-19
1026,424,541014,울산,Ulsan,506,0,0,505,1,48236,2022-10-20
1027,425,541464,울산,Ulsan,450,0,0,448,2,48276,2022-10-21
1028,425,541464,울산,Ulsan,450,0,0,448,2,48276,2022-10-21
1029,425,541916,울산,Ulsan,452,0,0,451,1,48317,2022-10-22
1030,425,542450,울산,Ulsan,534,0,0,534,0,48364,2022-10-23
1031,425,542743,울산,Ulsan,293,0,0,293,0,48390,2022-10-24
1032,425,543513,울산,Ulsan,771,0,0,770,1,48459,2022-10-25
1033,429,544305,울산,Ulsan,792,0,0,790,2,48530,2022-10-26
1034,429,545031,울산,Ulsan,726,0,0,725,1,48594,2022-10-27
1035,429,545735,울산,Ulsan,704,0,0,703,1,48657,2022-10-28
1036,429,546498,울산,Ulsan,764,0,0,763,1,48725,2022-10-29
1037,431,547135,울산,Ulsan,637,0,0,636,1,48782,2022-10-30
1038,431,547135,울산,Ulsan,637,0,0,636,1,48782,2022-10-31
1039,431,547531,울산,Ulsan,396,0,0,395,1,48817,2022-10-31
1040,431,547135,울산,Ulsan,637,0,0,636,1,48782,2022-10-31
1041,431,548502,울산,Ulsan,971,0,0,969,2,48904,2022-11-01
1042,432,549493,울산,Ulsan,991,0,0,991,0,48992,2022-11-02
1043,432,549493,울산,Ulsan,991,0,0,991,0,48992,2022-11-02
1044,432,550279,울산,Ulsan,787,0,0,786,1,49062,2022-11-03
1045,432,551010,울산,Ulsan,731,0,0,730,1,49127,2022-11-04
1046,432,551754,울산,Ulsan,745,0,0,745,0,49194,2022-11-05
1047,432,552522,울산,Ulsan,768,0,0,767,1,49262,2022-11-06
1048,433,552802,울산,Ulsan,280,0,0,280,0,49287,2022-11-07
1049,433,553795,울산,Ulsan,993,0,0,993,0,49376,2022-11-08
1050,434,554984,울산,Ulsan,1189,0,0,1188,1,49482,2022-11-09
1051,434,556002,울산,Ulsan,1018,0,0,1018,0,49573,2022-11-10
1052,435,556987,울산,Ulsan,985,0,0,985,0,49660,2022-11-11
1053,436,558006,울산,Ulsan,1020,0,0,1020,0,49751,2022-11-12
1054,441,558970,울산,Ulsan,964,0,0,964,0,49837,2022-11-13
1055,448,559435,울산,Ulsan,465,0,0,465,0,49879,2022-11-14
1056,454,560738,울산,Ulsan,1303,0,0,1302,1,49995,2022-11-15
1057,455,562011,울산,Ulsan,1273,0,0,1273,0,50108,2022-11-16
1058,455,563145,울산,Ulsan,1134,0,0,1133,1,50209,2022-11-17
1059,459,564019,울산,Ulsan,874,0,0,873,1,50287,2022-11-18
1060,460,564954,울산,Ulsan,938,0,0,937,1,50371,2022-11-19
1061,460,566031,울산,Ulsan,1077,0,0,1077,0,50467,2022-11-20
1062,461,566381,울산,Ulsan,350,0,0,350,0,50498,2022-11-21
1063,461,567615,울산,Ulsan,1234,0,0,1233,1,50608,2022-11-22
1064,462,569037,울산,Ulsan,1422,0,0,1420,2,50735,2022-11-23
1065,462,570154,울산,Ulsan,1117,0,0,1117,0,50834,2022-11-24
1066,462,569037,울산,Ulsan,1117,0,0,1117,0,50735,2022-11-24
1067,463,571057,울산,Ulsan,903,0,0,901,2,50915,2022-11-25
1068,463,572040,울산,Ulsan,986,0,0,985,1,51003,2022-11-26
1069,463,572999,울산,Ulsan,959,0,0,959,0,51088,2022-11-27
1070,463,573341,울산,Ulsan,342,0,0,341,1,51118,2022-11-28
1071,465,574600,울산,Ulsan,1259,0,0,1258,1,51231,2022-11-29
1072,465,575890,울산,Ulsan,1290,0,0,1286,4,51346,2022-11-30
1073,465,577016,울산,Ulsan,1126,0,0,1126,0,51446,2022-12-01
1074,466,577998,울산,Ulsan,982,0,0,979,3,51534,2022-12-02
1075,469,578914,울산,Ulsan,918,0,0,913,5,51615,2022-12-03
1076,469,579797,울산,Ulsan,883,0,0,882,1,51694,2022-12-04
1077,469,580216,울산,Ulsan,419,0,0,418,1,51731,2022-12-05
1078,469,581546,울산,Ulsan,1330,0,0,1328,2,51850,2022-12-06
1079,470,582992,울산,Ulsan,1446,0,0,1443,3,51979,2022-12-07
1080,470,584227,울산,Ulsan,1235,0,0,1234,1,52089,2022-12-08
1081,472,585499,울산,Ulsan,1272,0,0,1270,2,52202,2022-12-09
1082,472,586737,울산,Ulsan,1238,0,0,1236,2,52313,2022-12-10
1083,472,587952,울산,Ulsan,1215,0,0,1215,0,52421,2022-12-11
1084,473,588470,울산,Ulsan,518,0,0,517,1,52467,2022-12-12
1085,473,590251,울산,Ulsan,1781,0,0,1781,0,52626,2022-12-13
1086,475,592176,울산,Ulsan,1925,0,0,1924,1,52798,2022-12-14
1087,476,593697,울산,Ulsan,1521,0,0,1521,0,52933,2022-12-15
1088,481,595125,울산,Ulsan,1428,0,0,1428,0,53061,2022-12-16
1089,481,596529,울산,Ulsan,1404,0,0,1403,1,53186,2022-12-17
1090,482,597881,울산,Ulsan,1352,0,0,1352,0,53306,2022-12-18
1091,482,598446,울산,Ulsan,565,0,0,565,0,53357,2022-12-19
1092,482,600164,울산,Ulsan,1718,0,0,1717,1,53510,2022-12-20
1093,484,602221,울산,Ulsan,2057,0,0,2055,2,53693,2022-12-21
1094,486,603971,울산,Ulsan,1750,0,0,1746,4,53849,2022-12-22
1095,486,605518,울산,Ulsan,1547,0,0,1545,2,53987,2022-12-23
1096,486,607185,울산,Ulsan,1668,0,0,1668,0,54136,2022-12-24
1097,486,608662,울산,Ulsan,1477,0,0,1477,0,54268,2022-12-25
1098,489,609278,울산,Ulsan,616,0,0,616,0,54323,2022-12-26
1099,490,611041,울산,Ulsan,1763,0,0,1763,0,54480,2022-12-27
1100,492,613303,울산,Ulsan,2262,0,0,2261,1,54681,2022-12-28
1101,492,615101,울산,Ulsan,1798,0,0,1797,1,54842,2022-12-29
1102,495,616598,울산,Ulsan,1497,0,0,1493,4,54975,2022-12-30
1103,500,618200,울산,Ulsan,1604,0,0,1603,1,55118,2022-12-31
1104,500,619633,울산,Ulsan,1433,0,0,1430,3,55246,2023-01-01
1105,501,620230,울산,Ulsan,597,0,0,596,1,55299,2023-01-02
1106,502,621845,울산,Ulsan,1615,0,0,1615,0,55443,2023-01-03
1107,503,624027,울산,Ulsan,2182,0,0,2180,2,55638,2023-01-04
1108,503,618200,울산,Ulsan,2182,0,0,2180,2,55118,2023-01-04
1109,504,625656,울산,Ulsan,1629,0,0,1624,5,55783,2023-01-05
1110,506,627104,울산,Ulsan,1448,0,0,1443,5,55912,2023-01-06
1111,506,628523,울산,Ulsan,1423,0,0,1416,7,56038,2023-01-07
1112,507,629866,울산,Ulsan,1343,0,0,1340,3,56158,2023-01-08
1113,507,630254,울산,Ulsan,388,0,0,387,1,56193,2023-01-09
1114,508,631581,울산,Ulsan,1327,0,0,1324,3,56311,2023-01-10
1115,508,632995,울산,Ulsan,1414,0,0,1411,3,56437,2023-01-11
1116,508,634132,울산,Ulsan,1137,0,0,1133,4,56539,2023-01-12
1117,508,634132,울산,Ulsan,1137,0,0,1133,4,56539,2023-01-12
1118,510,635069,울산,Ulsan,937,0,0,933,4,56622,2023-01-13
1119,510,636002,울산,Ulsan,936,0,0,933,3,56705,2023-01-14
1120,510,636002,울산,Ulsan,936,0,0,933,3,56705,2023-01-14
1121,511,636915,울산,Ulsan,913,0,0,908,5,56787,2023-01-15
1122,513,637202,울산,Ulsan,287,0,0,287,0,56812,2023-01-16
1123,514,638118,울산,Ulsan,916,0,0,913,3,57454,2023-01-17
1124,515,639034,울산,Ulsan,916,0,0,914,2,57536,2023-01-18
1125,515,639700,울산,Ulsan,666,0,0,666,0,57596,2023-01-19
1126,516,640342,울산,Ulsan,642,0,0,640,2,57654,2023-01-20
1127,516,640342,울산,Ulsan,642,0,0,640,2,57654,2023-01-20
1128,516,641031,울산,Ulsan,692,0,0,692,0,57716,2023-01-21
1129,516,641490,울산,Ulsan,459,0,0,458,1,57195,2023-01-22
1130,516,641700,울산,Ulsan,210,0,0,209,1,57776,2023-01-23
1131,516,641989,울산,Ulsan,289,0,0,289,0,57802,2023-01-24
1132,516,642483,울산,Ulsan,494,0,0,493,1,57847,2023-01-25
1133,516,643303,울산,Ulsan,820,0,0,819,1,57921,2023-01-26
1134,517,644137,울산,Ulsan,834,0,0,834,0,57996,2023-01-27
1135,517,644828,울산,Ulsan,693,0,0,692,1,58058,2023-01-28
1136,518,645393,울산,Ulsan,565,0,0,565,0,58109,2023-01-29
1137,518,645588,울산,Ulsan,195,0,0,195,0,58126,2023-01-30
1138,518,646119,울산,Ulsan,531,0,0,529,2,58174,2023-01-31
1139,519,646652,울산,Ulsan,533,0,0,532,1,58222,2023-02-01
1140,519,647095,울산,Ulsan,443,0,0,443,0,58262,2023-02-02
1141,520,647492,울산,Ulsan,397,0,0,394,3,58298,2023-02-03
1142,521,647908,울산,Ulsan,418,0,0,417,1,58335,2023-02-04
1143,521,648316,울산,Ulsan,408,0,0,407,1,58372,2023-02-05
1144,521,648427,울산,Ulsan,111,0,0,110,1,58382,2023-02-06
1145,521,648886,울산,Ulsan,459,0,0,459,0,58423,2023-02-07
1146,522,649359,울산,Ulsan,473,0,0,471,2,58466,2023-02-08
1147,522,649795,울산,Ulsan,436,0,0,436,0,58505,2023-02-09
1148,522,650155,울산,Ulsan,360,0,0,360,0,58538,2023-02-10
1149,522,650475,울산,Ulsan,320,0,0,319,1,58566,2023-02-11
1150,523,650808,울산,Ulsan,333,0,0,332,1,58596,2023-02-12
1151,523,650944,울산,Ulsan,136,0,0,136,0,58609,2023-02-13
1152,523,651285,울산,Ulsan,341,0,0,341,0,58639,2023-02-14
1153,524,651673,울산,Ulsan,388,0,0,388,0,58674,2023-02-15
1154,525,652001,울산,Ulsan,328,0,0,328,0,58704,2023-02-16
1155,525,652263,울산,Ulsan,262,0,0,261,1,58727,2023-02-17
1156,526,652526,울산,Ulsan,263,0,0,262,1,58751,2023-02-18
1157,526,652798,울산,Ulsan,272,0,0,270,2,58776,2023-02-19
1158,526,652867,울산,Ulsan,69,0,0,69,0,58782,2023-02-20
1159,526,652867,울산,Ulsan,69,0,0,69,0,58782,2023-02-20
1160,526,653105,울산,Ulsan,238,0,0,238,0,58803,2023-02-21
1161,526,653394,울산,Ulsan,289,0,0,289,0,58829,2023-02-22
1162,526,653604,울산,Ulsan,210,0,0,208,2,58848,2023-02-23
1163,527,653811,울산,Ulsan,207,0,0,206,1,58867,2023-02-24
1164,527,654047,울산,Ulsan,236,0,0,235,1,58888,2023-02-25
1165,527,654222,울산,Ulsan,175,0,0,175,0,58904,2023-02-26
1166,528,654300,울산,Ulsan,78,0,0,78,0,58911,2023-02-27
1167,528,654501,울산,Ulsan,201,0,0,200,1,58929,2023-02-28
1168,529,654769,울산,Ulsan,268,0,0,265,3,58953,2023-03-01
1169,529,654934,울산,Ulsan,165,0,0,164,1,58968,2023-03-02
1170,529,655106,울산,Ulsan,172,0,0,172,0,58983,2023-03-03
1171,529,655304,울산,Ulsan,199,0,0,197,2,59001,2023-03-04
1172,529,655304,울산,Ulsan,199,0,0,197,2,59001,2023-03-04
1173,0,655502,울산,Ulsan,198,0,0,198,0,59019,2023-03-05
1174,529,655551,울산,Ulsan,49,0,0,49,0,59023,2023-03-06
1175,0,655502,울산,Ulsan,198,0,0,198,0,59019,2023-03-06
1176,529,655551,울산,Ulsan,49,0,0,49,0,59023,2023-03-06
1177,530,655742,울산,Ulsan,191,0,0,191,0,59041,2023-03-07
1178,530,655957,울산,Ulsan,215,0,0,215,0,59060,2023-03-08
1179,530,656135,울산,Ulsan,178,0,0,178,0,59076,2023-03-09
1180,530,656291,울산,Ulsan,156,0,0,156,0,59090,2023-03-10
1181,530,656453,울산,Ulsan,162,0,0,162,0,59105,2023-03-11
1182,0,656604,울산,Ulsan,151,0,0,151,0,59118,2023-03-12
1183,531,656653,울산,Ulsan,49,0,0,49,0,59123,2023-03-13
1184,531,656825,울산,Ulsan,172,0,0,171,1,59138,2023-03-14
1185,531,656980,울산,Ulsan,155,0,0,155,0,59152,2023-03-15
1186,531,657128,울산,Ulsan,148,0,0,148,0,59165,2023-03-16
1187,531,657244,울산,Ulsan,116,0,0,115,1,59176,2023-03-17
1188,531,657354,울산,Ulsan,110,0,0,110,0,59186,2023-03-18
1189,0,657448,울산,Ulsan,94,0,0,93,1,59194,2023-03-19
1190,531,657448,울산,Ulsan,94,0,0,93,1,59194,2023-03-20
1191,531,657491,울산,Ulsan,43,0,0,43,0,59198,2023-03-20
1192,531,657491,울산,Ulsan,43,0,0,43,0,59198,2023-03-20
1193,531,657610,울산,Ulsan,119,0,0,119,0,59209,2023-03-21
1194,531,657763,울산,Ulsan,153,0,0,153,0,59223,2023-03-22
1195,531,657881,울산,Ulsan,118,0,0,118,0,59233,2023-03-23
1196,531,658005,울산,Ulsan,124,0,0,123,1,59244,2023-03-24
1197,531,658083,울산,Ulsan,85,0,0,85,0,59251,2023-03-25
1198,0,658169,울산,Ulsan,86,0,0,86,0,59259,2023-03-26
1199,531,658213,울산,Ulsan,44,0,0,44,0,59263,2023-03-27
1200,531,658307,울산,Ulsan,94,0,0,94,0,59272,2023-03-28
1201,531,658417,울산,Ulsan,110,0,0,110,0,59281,2023-03-29
1202,531,658527,울산,Ulsan,110,0,0,110,0,59291,2023-03-30
1203,531,658617,울산,Ulsan,90,0,0,90,0,59299,2023-03-31
1204,531,658729,울산,Ulsan,113,0,0,113,0,59310,2023-04-01
1205,531,658828,울산,Ulsan,99,0,0,99,0,59318,2023-04-02
1206,531,658864,울산,Ulsan,36,0,0,36,0,59322,2023-04-03
1207,531,658987,울산,Ulsan,123,0,0,123,0,59333,2023-04-04
1208,531,659146,울산,Ulsan,159,0,0,159,0,59347,2023-04-05
